geo_accession,title,source_name_ch1,description,platform_id,organism_ch1,clinical sample,histophatological type of tumor,adjuwant chemotherapy,brca1 mutation,somatic tp53 mutation,tp53 accumulation in cancer cells (assesed by immunohistochemistry),tumor grade (g1 - well differentiated; g2 - moderately differentiated; g3 - poorly differentiated; g4 - undifferentiated),figo_stage,residual tumor size (r0 < 1 cm;  1 < r1 < 5 cm; r2 > 5cm),clinical status post 1st line chemotherapy (cr - complete response; pr - partial response; sd - stable disease; p - progression),platinium sensitivity (resistant,dfs - disease-free survival [days],os - overall survival [days],clinical status at last follow-up (awd - alive with disease; dod - dead from disease; ned - no evidence of disease),biomaterial_provider_ch1,channel_count,contact_address,contact_city,contact_country,contact_department,contact_email,contact_institute,contact_name,contact_zip/postal_code,data_processing,data_row_count,extract_protocol_ch1,hyb_protocol,label_ch1,label_protocol_ch1,last_update_date,molecule_ch1,scan_protocol,status,submission_date,supplementary_file,taxid_ch1,type
GSM1559299,ovarian cancer surgical sample P8,frozen surgical sample of serous ovarian cancer; p53-mutated,gene expression data from serous ovarian cancer,GPL570,Homo sapiens,surgical tumor sample,serous ovarian ca.,platinum/cyclophosphamide,no mutation,mutation,accumulation,G4,IIIC,R2,P,DFS<180 days; moderately sensitive: 180>DFS>732; highly sensitive: DFS>732 days): resistant,0,104,DOD,"Jolanta Kupryjańczyk, COI-Warsaw",1,ul. Wybrzeże Armii Krajowej 15,Gliwice,Poland,Center for Translational Research  and Molecular Biology of Cancer,klisowska@io.gliwice.pl,"MSC Memorial Cancer Center and Institute of Oncology, Gliwice Branch","Katarzyna,Marta,Lisowska",44-101,The data were analyzed with Bioconductor and rma package with default normalization parameters settings,54675,Total RNA was isolated using Rneasy Mini Kit (Qiagen) according to the manufacturer's instructions.,16 ug of fragmented cRNA were hybridized for 16 hr at 45ͦC on HG U133 Plus 2.0 Gene Chip oligonucleotide arrays (Affymetrix). GeneChips were washed and stained in the Affymetrix Fluidics Station 400.,biotin,Total RNA (8 ug) was used for synthesis of double stranded cDNA according to manufacturer's instructions. Biotinylated cRNA was synthesized with the BioArray High Yield RNA Transcript Labeling Kit (Enzo Diagnostics).,Dec 10 2014,total RNA,GeneChips were scanned using the GeneChip Scanner 3000 (Affymetrix),Public on Dec 06 2014,Dec 05 2014,ftp://ftp.ncbi.nlm.nih.gov/geo/samples/GSM1559nnn/GSM1559299/suppl/GSM1559299_P8.CEL.gz,9606,RNA
GSM1559300,ovarian cancer surgical sample P264,frozen surgical sample of serous ovarian cancer,gene expression data from serous ovarian cancer,GPL570,Homo sapiens,surgical tumor sample,serous ovarian ca.,platinum/cyclophosphamide,no mutation,no mutation,accumulation,G4,IIIC,R2,P,DFS<180 days; moderately sensitive: 180>DFS>732; highly sensitive: DFS>732 days): resistant,0,286,DOD,"Jolanta Kupryjańczyk, COI-Warsaw",1,ul. Wybrzeże Armii Krajowej 15,Gliwice,Poland,Center for Translational Research  and Molecular Biology of Cancer,klisowska@io.gliwice.pl,"MSC Memorial Cancer Center and Institute of Oncology, Gliwice Branch","Katarzyna,Marta,Lisowska",44-101,The data were analyzed with Bioconductor and rma package with default normalization parameters settings,54675,Total RNA was isolated using Rneasy Mini Kit (Qiagen) according to the manufacturer's instructions.,16 ug of fragmented cRNA were hybridized for 16 hr at 45ͦC on HG U133 Plus 2.0 Gene Chip oligonucleotide arrays (Affymetrix). GeneChips were washed and stained in the Affymetrix Fluidics Station 400.,biotin,Total RNA (8 ug) was used for synthesis of double stranded cDNA according to manufacturer's instructions. Biotinylated cRNA was synthesized with the BioArray High Yield RNA Transcript Labeling Kit (Enzo Diagnostics).,Dec 10 2014,total RNA,GeneChips were scanned using the GeneChip Scanner 3000 (Affymetrix),Public on Dec 06 2014,Dec 05 2014,ftp://ftp.ncbi.nlm.nih.gov/geo/samples/GSM1559nnn/GSM1559300/suppl/GSM1559300_P264.CEL.gz,9606,RNA
GSM1559301,ovarian cancer surgical sample T348,frozen surgical sample of serous ovarian cancer; p53-mutated,gene expression data from serous ovarian cancer,GPL570,Homo sapiens,surgical tumor sample,serous ovarian ca.,taxane/platinum,no mutation,mutation,accumulation,G3,IV,R1,P,DFS<180 days; moderately sensitive: 180>DFS>732; highly sensitive: DFS>732 days): resistant,0,357,DOD,"Jolanta Kupryjańczyk, COI-Warsaw",1,ul. Wybrzeże Armii Krajowej 15,Gliwice,Poland,Center for Translational Research  and Molecular Biology of Cancer,klisowska@io.gliwice.pl,"MSC Memorial Cancer Center and Institute of Oncology, Gliwice Branch","Katarzyna,Marta,Lisowska",44-101,The data were analyzed with Bioconductor and rma package with default normalization parameters settings,54675,Total RNA was isolated using Rneasy Mini Kit (Qiagen) according to the manufacturer's instructions.,16 ug of fragmented cRNA were hybridized for 16 hr at 45ͦC on HG U133 Plus 2.0 Gene Chip oligonucleotide arrays (Affymetrix). GeneChips were washed and stained in the Affymetrix Fluidics Station 400.,biotin,Total RNA (8 ug) was used for synthesis of double stranded cDNA according to manufacturer's instructions. Biotinylated cRNA was synthesized with the BioArray High Yield RNA Transcript Labeling Kit (Enzo Diagnostics).,Dec 10 2014,total RNA,GeneChips were scanned using the GeneChip Scanner 3000 (Affymetrix),Public on Dec 06 2014,Dec 05 2014,ftp://ftp.ncbi.nlm.nih.gov/geo/samples/GSM1559nnn/GSM1559301/suppl/GSM1559301_T348.CEL.gz,9606,RNA
GSM1559302,ovarian cancer surgical sample P67,frozen surgical sample of serous ovarian cancer,gene expression data from serous ovarian cancer,GPL570,Homo sapiens,surgical tumor sample,serous ovarian ca.,platinum/cyclophosphamide,no mutation,mutation,no accumulation,G3,IIIC,R1,P,DFS<180 days; moderately sensitive: 180>DFS>732; highly sensitive: DFS>732 days): resistant,0,385,DOD,"Jolanta Kupryjańczyk, COI-Warsaw",1,ul. Wybrzeże Armii Krajowej 15,Gliwice,Poland,Center for Translational Research  and Molecular Biology of Cancer,klisowska@io.gliwice.pl,"MSC Memorial Cancer Center and Institute of Oncology, Gliwice Branch","Katarzyna,Marta,Lisowska",44-101,The data were analyzed with Bioconductor and rma package with default normalization parameters settings,54675,Total RNA was isolated using Rneasy Mini Kit (Qiagen) according to the manufacturer's instructions.,16 ug of fragmented cRNA were hybridized for 16 hr at 45ͦC on HG U133 Plus 2.0 Gene Chip oligonucleotide arrays (Affymetrix). GeneChips were washed and stained in the Affymetrix Fluidics Station 400.,biotin,Total RNA (8 ug) was used for synthesis of double stranded cDNA according to manufacturer's instructions. Biotinylated cRNA was synthesized with the BioArray High Yield RNA Transcript Labeling Kit (Enzo Diagnostics).,Dec 10 2014,total RNA,GeneChips were scanned using the GeneChip Scanner 3000 (Affymetrix),Public on Dec 06 2014,Dec 05 2014,ftp://ftp.ncbi.nlm.nih.gov/geo/samples/GSM1559nnn/GSM1559302/suppl/GSM1559302_P67.CEL.gz,9606,RNA
GSM1559303,ovarian cancer surgical sample T175,frozen surgical sample of serous ovarian cancer; p53-mutated,gene expression data from serous ovarian cancer,GPL570,Homo sapiens,surgical tumor sample,serous ovarian ca.,taxane/platinum,no mutation,mutation,accumulation,G2,IIIC,R1,P,DFS<180 days; moderately sensitive: 180>DFS>732; highly sensitive: DFS>732 days): resistant,0,414,DOD,"Jolanta Kupryjańczyk, COI-Warsaw",1,ul. Wybrzeże Armii Krajowej 15,Gliwice,Poland,Center for Translational Research  and Molecular Biology of Cancer,klisowska@io.gliwice.pl,"MSC Memorial Cancer Center and Institute of Oncology, Gliwice Branch","Katarzyna,Marta,Lisowska",44-101,The data were analyzed with Bioconductor and rma package with default normalization parameters settings,54675,Total RNA was isolated using Rneasy Mini Kit (Qiagen) according to the manufacturer's instructions.,16 ug of fragmented cRNA were hybridized for 16 hr at 45ͦC on HG U133 Plus 2.0 Gene Chip oligonucleotide arrays (Affymetrix). GeneChips were washed and stained in the Affymetrix Fluidics Station 400.,biotin,Total RNA (8 ug) was used for synthesis of double stranded cDNA according to manufacturer's instructions. Biotinylated cRNA was synthesized with the BioArray High Yield RNA Transcript Labeling Kit (Enzo Diagnostics).,Dec 10 2014,total RNA,GeneChips were scanned using the GeneChip Scanner 3000 (Affymetrix),Public on Dec 06 2014,Dec 05 2014,ftp://ftp.ncbi.nlm.nih.gov/geo/samples/GSM1559nnn/GSM1559303/suppl/GSM1559303_T175.CEL.gz,9606,RNA
GSM1559304,ovarian cancer surgical sample T360,frozen surgical sample of serous ovarian cancer; p53-mutated,gene expression data from serous ovarian cancer,GPL570,Homo sapiens,surgical tumor sample,serous ovarian ca.,taxane/platinum,no mutation,mutation,accumulation,G3,IIIC,R1,PR,DFS<180 days; moderately sensitive: 180>DFS>732; highly sensitive: DFS>732 days): resistant,0,416,DOD,"Jolanta Kupryjańczyk, COI-Warsaw",1,ul. Wybrzeże Armii Krajowej 15,Gliwice,Poland,Center for Translational Research  and Molecular Biology of Cancer,klisowska@io.gliwice.pl,"MSC Memorial Cancer Center and Institute of Oncology, Gliwice Branch","Katarzyna,Marta,Lisowska",44-101,The data were analyzed with Bioconductor and rma package with default normalization parameters settings,54675,Total RNA was isolated using Rneasy Mini Kit (Qiagen) according to the manufacturer's instructions.,16 ug of fragmented cRNA were hybridized for 16 hr at 45ͦC on HG U133 Plus 2.0 Gene Chip oligonucleotide arrays (Affymetrix). GeneChips were washed and stained in the Affymetrix Fluidics Station 400.,biotin,Total RNA (8 ug) was used for synthesis of double stranded cDNA according to manufacturer's instructions. Biotinylated cRNA was synthesized with the BioArray High Yield RNA Transcript Labeling Kit (Enzo Diagnostics).,Dec 10 2014,total RNA,GeneChips were scanned using the GeneChip Scanner 3000 (Affymetrix),Public on Dec 06 2014,Dec 05 2014,ftp://ftp.ncbi.nlm.nih.gov/geo/samples/GSM1559nnn/GSM1559304/suppl/GSM1559304_T360.CEL.gz,9606,RNA
GSM1559305,ovarian cancer surgical sample T382,frozen surgical sample of serous ovarian cancer; p53-mutated,gene expression data from serous ovarian cancer,GPL570,Homo sapiens,surgical tumor sample,serous ovarian ca.,taxane/platinum,no mutation,mutation,no accumulation,G3,IIIC,R1,PR,DFS<180 days; moderately sensitive: 180>DFS>732; highly sensitive: DFS>732 days): resistant,0,434,DOD,"Jolanta Kupryjańczyk, COI-Warsaw",1,ul. Wybrzeże Armii Krajowej 15,Gliwice,Poland,Center for Translational Research  and Molecular Biology of Cancer,klisowska@io.gliwice.pl,"MSC Memorial Cancer Center and Institute of Oncology, Gliwice Branch","Katarzyna,Marta,Lisowska",44-101,The data were analyzed with Bioconductor and rma package with default normalization parameters settings,54675,Total RNA was isolated using Rneasy Mini Kit (Qiagen) according to the manufacturer's instructions.,16 ug of fragmented cRNA were hybridized for 16 hr at 45ͦC on HG U133 Plus 2.0 Gene Chip oligonucleotide arrays (Affymetrix). GeneChips were washed and stained in the Affymetrix Fluidics Station 400.,biotin,Total RNA (8 ug) was used for synthesis of double stranded cDNA according to manufacturer's instructions. Biotinylated cRNA was synthesized with the BioArray High Yield RNA Transcript Labeling Kit (Enzo Diagnostics).,Dec 10 2014,total RNA,GeneChips were scanned using the GeneChip Scanner 3000 (Affymetrix),Public on Dec 06 2014,Dec 05 2014,ftp://ftp.ncbi.nlm.nih.gov/geo/samples/GSM1559nnn/GSM1559305/suppl/GSM1559305_T382.CEL.gz,9606,RNA
GSM1559306,ovarian cancer surgical sample P343,frozen surgical sample of serous ovarian cancer; p53-mutated,gene expression data from serous ovarian cancer,GPL570,Homo sapiens,surgical tumor sample,serous ovarian ca.,platinum/cyclophosphamide,no mutation,mutation,accumulation,G3,IV,R1,SD,DFS<180 days; moderately sensitive: 180>DFS>732; highly sensitive: DFS>732 days): resistant,0,479,DOD,"Jolanta Kupryjańczyk, COI-Warsaw",1,ul. Wybrzeże Armii Krajowej 15,Gliwice,Poland,Center for Translational Research  and Molecular Biology of Cancer,klisowska@io.gliwice.pl,"MSC Memorial Cancer Center and Institute of Oncology, Gliwice Branch","Katarzyna,Marta,Lisowska",44-101,The data were analyzed with Bioconductor and rma package with default normalization parameters settings,54675,Total RNA was isolated using Rneasy Mini Kit (Qiagen) according to the manufacturer's instructions.,16 ug of fragmented cRNA were hybridized for 16 hr at 45ͦC on HG U133 Plus 2.0 Gene Chip oligonucleotide arrays (Affymetrix). GeneChips were washed and stained in the Affymetrix Fluidics Station 400.,biotin,Total RNA (8 ug) was used for synthesis of double stranded cDNA according to manufacturer's instructions. Biotinylated cRNA was synthesized with the BioArray High Yield RNA Transcript Labeling Kit (Enzo Diagnostics).,Dec 10 2014,total RNA,GeneChips were scanned using the GeneChip Scanner 3000 (Affymetrix),Public on Dec 06 2014,Dec 05 2014,ftp://ftp.ncbi.nlm.nih.gov/geo/samples/GSM1559nnn/GSM1559306/suppl/GSM1559306_P343.CEL.gz,9606,RNA
GSM1559307,ovarian cancer surgical sample T174,frozen surgical sample of serous ovarian cancer; p53-mutated,gene expression data from serous ovarian cancer,GPL570,Homo sapiens,surgical tumor sample,serous ovarian ca.,taxane/platinum,no mutation,mutation,no accumulation,G3,IIIA,R0,PR,DFS<180 days; moderately sensitive: 180>DFS>732; highly sensitive: DFS>732 days): resistant,0,498,DOD,"Jolanta Kupryjańczyk, COI-Warsaw",1,ul. Wybrzeże Armii Krajowej 15,Gliwice,Poland,Center for Translational Research  and Molecular Biology of Cancer,klisowska@io.gliwice.pl,"MSC Memorial Cancer Center and Institute of Oncology, Gliwice Branch","Katarzyna,Marta,Lisowska",44-101,The data were analyzed with Bioconductor and rma package with default normalization parameters settings,54675,Total RNA was isolated using Rneasy Mini Kit (Qiagen) according to the manufacturer's instructions.,16 ug of fragmented cRNA were hybridized for 16 hr at 45ͦC on HG U133 Plus 2.0 Gene Chip oligonucleotide arrays (Affymetrix). GeneChips were washed and stained in the Affymetrix Fluidics Station 400.,biotin,Total RNA (8 ug) was used for synthesis of double stranded cDNA according to manufacturer's instructions. Biotinylated cRNA was synthesized with the BioArray High Yield RNA Transcript Labeling Kit (Enzo Diagnostics).,Dec 10 2014,total RNA,GeneChips were scanned using the GeneChip Scanner 3000 (Affymetrix),Public on Dec 06 2014,Dec 05 2014,ftp://ftp.ncbi.nlm.nih.gov/geo/samples/GSM1559nnn/GSM1559307/suppl/GSM1559307_T174.CEL.gz,9606,RNA
GSM1559308,ovarian cancer surgical sample T398,frozen surgical sample of serous ovarian cancer; p53-mutated,gene expression data from serous ovarian cancer,GPL570,Homo sapiens,surgical tumor sample,serous ovarian ca.,taxane/platinum,no mutation,mutation,no accumulation,G3,IIIC,R1,PR,DFS<180 days; moderately sensitive: 180>DFS>732; highly sensitive: DFS>732 days): resistant,0,505,DOD,"Jolanta Kupryjańczyk, COI-Warsaw",1,ul. Wybrzeże Armii Krajowej 15,Gliwice,Poland,Center for Translational Research  and Molecular Biology of Cancer,klisowska@io.gliwice.pl,"MSC Memorial Cancer Center and Institute of Oncology, Gliwice Branch","Katarzyna,Marta,Lisowska",44-101,The data were analyzed with Bioconductor and rma package with default normalization parameters settings,54675,Total RNA was isolated using Rneasy Mini Kit (Qiagen) according to the manufacturer's instructions.,16 ug of fragmented cRNA were hybridized for 16 hr at 45ͦC on HG U133 Plus 2.0 Gene Chip oligonucleotide arrays (Affymetrix). GeneChips were washed and stained in the Affymetrix Fluidics Station 400.,biotin,Total RNA (8 ug) was used for synthesis of double stranded cDNA according to manufacturer's instructions. Biotinylated cRNA was synthesized with the BioArray High Yield RNA Transcript Labeling Kit (Enzo Diagnostics).,Dec 10 2014,total RNA,GeneChips were scanned using the GeneChip Scanner 3000 (Affymetrix),Public on Dec 06 2014,Dec 05 2014,ftp://ftp.ncbi.nlm.nih.gov/geo/samples/GSM1559nnn/GSM1559308/suppl/GSM1559308_T398.CEL.gz,9606,RNA
GSM1559309,ovarian cancer surgical sample P255,frozen surgical sample of serous ovarian cancer; p53-mutated,gene expression data from serous ovarian cancer,GPL570,Homo sapiens,surgical tumor sample,serous ovarian ca.,platinum/cyclophosphamide,no mutation,mutation,no accumulation,G3,IIIC,R2,P,DFS<180 days; moderately sensitive: 180>DFS>732; highly sensitive: DFS>732 days): resistant,0,508,DOD,"Jolanta Kupryjańczyk, COI-Warsaw",1,ul. Wybrzeże Armii Krajowej 15,Gliwice,Poland,Center for Translational Research  and Molecular Biology of Cancer,klisowska@io.gliwice.pl,"MSC Memorial Cancer Center and Institute of Oncology, Gliwice Branch","Katarzyna,Marta,Lisowska",44-101,The data were analyzed with Bioconductor and rma package with default normalization parameters settings,54675,Total RNA was isolated using Rneasy Mini Kit (Qiagen) according to the manufacturer's instructions.,16 ug of fragmented cRNA were hybridized for 16 hr at 45ͦC on HG U133 Plus 2.0 Gene Chip oligonucleotide arrays (Affymetrix). GeneChips were washed and stained in the Affymetrix Fluidics Station 400.,biotin,Total RNA (8 ug) was used for synthesis of double stranded cDNA according to manufacturer's instructions. Biotinylated cRNA was synthesized with the BioArray High Yield RNA Transcript Labeling Kit (Enzo Diagnostics).,Dec 10 2014,total RNA,GeneChips were scanned using the GeneChip Scanner 3000 (Affymetrix),Public on Dec 06 2014,Dec 05 2014,ftp://ftp.ncbi.nlm.nih.gov/geo/samples/GSM1559nnn/GSM1559309/suppl/GSM1559309_P255.CEL.gz,9606,RNA
GSM1559310,ovarian cancer surgical sample T325,frozen surgical sample of undifferentiated ovarian cancer; BRCA1-mutated; p53-mutated,gene expression data from undifferentiated ovarian cancer,GPL570,Homo sapiens,surgical tumor sample,undifferentiated ovarian ca.,taxane/platinum,5382insC,mutation,accumulation,G3,IIIC,R1,PR,DFS<180 days; moderately sensitive: 180>DFS>732; highly sensitive: DFS>732 days): resistant,0,510,DOD,"Jolanta Kupryjańczyk, COI-Warsaw",1,ul. Wybrzeże Armii Krajowej 15,Gliwice,Poland,Center for Translational Research  and Molecular Biology of Cancer,klisowska@io.gliwice.pl,"MSC Memorial Cancer Center and Institute of Oncology, Gliwice Branch","Katarzyna,Marta,Lisowska",44-101,The data were analyzed with Bioconductor and rma package with default normalization parameters settings,54675,Total RNA was isolated using Rneasy Mini Kit (Qiagen) according to the manufacturer's instructions.,16 ug of fragmented cRNA were hybridized for 16 hr at 45ͦC on HG U133 Plus 2.0 Gene Chip oligonucleotide arrays (Affymetrix). GeneChips were washed and stained in the Affymetrix Fluidics Station 400.,biotin,Total RNA (8 ug) was used for synthesis of double stranded cDNA according to manufacturer's instructions. Biotinylated cRNA was synthesized with the BioArray High Yield RNA Transcript Labeling Kit (Enzo Diagnostics).,Dec 10 2014,total RNA,GeneChips were scanned using the GeneChip Scanner 3000 (Affymetrix),Public on Dec 06 2014,Dec 05 2014,ftp://ftp.ncbi.nlm.nih.gov/geo/samples/GSM1559nnn/GSM1559310/suppl/GSM1559310_T325.CEL.gz,9606,RNA
GSM1559311,ovarian cancer surgical sample T352,frozen surgical sample of serous ovarian cancer; p53-mutated,gene expression data from serous ovarian cancer,GPL570,Homo sapiens,surgical tumor sample,serous ovarian ca.,taxane/platinum,no mutation,mutation,no accumulation,G4,IIIC,R1,PR,DFS<180 days; moderately sensitive: 180>DFS>732; highly sensitive: DFS>732 days): resistant,0,632,DOD,"Jolanta Kupryjańczyk, COI-Warsaw",1,ul. Wybrzeże Armii Krajowej 15,Gliwice,Poland,Center for Translational Research  and Molecular Biology of Cancer,klisowska@io.gliwice.pl,"MSC Memorial Cancer Center and Institute of Oncology, Gliwice Branch","Katarzyna,Marta,Lisowska",44-101,The data were analyzed with Bioconductor and rma package with default normalization parameters settings,54675,Total RNA was isolated using Rneasy Mini Kit (Qiagen) according to the manufacturer's instructions.,16 ug of fragmented cRNA were hybridized for 16 hr at 45ͦC on HG U133 Plus 2.0 Gene Chip oligonucleotide arrays (Affymetrix). GeneChips were washed and stained in the Affymetrix Fluidics Station 400.,biotin,Total RNA (8 ug) was used for synthesis of double stranded cDNA according to manufacturer's instructions. Biotinylated cRNA was synthesized with the BioArray High Yield RNA Transcript Labeling Kit (Enzo Diagnostics).,Dec 10 2014,total RNA,GeneChips were scanned using the GeneChip Scanner 3000 (Affymetrix),Public on Dec 06 2014,Dec 05 2014,ftp://ftp.ncbi.nlm.nih.gov/geo/samples/GSM1559nnn/GSM1559311/suppl/GSM1559311_T352.CEL.gz,9606,RNA
GSM1559312,ovarian cancer surgical sample T369,frozen surgical sample of serous ovarian cancer; p53-mutated,gene expression data from serous ovarian cancer,GPL570,Homo sapiens,surgical tumor sample,serous ovarian ca.,taxane/platinum,no mutation,mutation,no accumulation,G3,IIIC,R1,PR,DFS<180 days; moderately sensitive: 180>DFS>732; highly sensitive: DFS>732 days): resistant,0,735,DOD,"Jolanta Kupryjańczyk, COI-Warsaw",1,ul. Wybrzeże Armii Krajowej 15,Gliwice,Poland,Center for Translational Research  and Molecular Biology of Cancer,klisowska@io.gliwice.pl,"MSC Memorial Cancer Center and Institute of Oncology, Gliwice Branch","Katarzyna,Marta,Lisowska",44-101,The data were analyzed with Bioconductor and rma package with default normalization parameters settings,54675,Total RNA was isolated using Rneasy Mini Kit (Qiagen) according to the manufacturer's instructions.,16 ug of fragmented cRNA were hybridized for 16 hr at 45ͦC on HG U133 Plus 2.0 Gene Chip oligonucleotide arrays (Affymetrix). GeneChips were washed and stained in the Affymetrix Fluidics Station 400.,biotin,Total RNA (8 ug) was used for synthesis of double stranded cDNA according to manufacturer's instructions. Biotinylated cRNA was synthesized with the BioArray High Yield RNA Transcript Labeling Kit (Enzo Diagnostics).,Dec 10 2014,total RNA,GeneChips were scanned using the GeneChip Scanner 3000 (Affymetrix),Public on Dec 06 2014,Dec 05 2014,ftp://ftp.ncbi.nlm.nih.gov/geo/samples/GSM1559nnn/GSM1559312/suppl/GSM1559312_T369.CEL.gz,9606,RNA
GSM1559313,ovarian cancer surgical sample T331,frozen surgical sample of serous ovarian cancer; BRCA1-mutated; p53-mutated,gene expression data from serous ovarian cancer,GPL570,Homo sapiens,surgical tumor sample,serous ovarian ca.,taxane/platinum,T300G,mutation,no accumulation,G4,IIIC,R1,PR,DFS<180 days; moderately sensitive: 180>DFS>732; highly sensitive: DFS>732 days): resistant,0,761,DOD,"Jolanta Kupryjańczyk, COI-Warsaw",1,ul. Wybrzeże Armii Krajowej 15,Gliwice,Poland,Center for Translational Research  and Molecular Biology of Cancer,klisowska@io.gliwice.pl,"MSC Memorial Cancer Center and Institute of Oncology, Gliwice Branch","Katarzyna,Marta,Lisowska",44-101,The data were analyzed with Bioconductor and rma package with default normalization parameters settings,54675,Total RNA was isolated using Rneasy Mini Kit (Qiagen) according to the manufacturer's instructions.,16 ug of fragmented cRNA were hybridized for 16 hr at 45ͦC on HG U133 Plus 2.0 Gene Chip oligonucleotide arrays (Affymetrix). GeneChips were washed and stained in the Affymetrix Fluidics Station 400.,biotin,Total RNA (8 ug) was used for synthesis of double stranded cDNA according to manufacturer's instructions. Biotinylated cRNA was synthesized with the BioArray High Yield RNA Transcript Labeling Kit (Enzo Diagnostics).,Dec 10 2014,total RNA,GeneChips were scanned using the GeneChip Scanner 3000 (Affymetrix),Public on Dec 06 2014,Dec 05 2014,ftp://ftp.ncbi.nlm.nih.gov/geo/samples/GSM1559nnn/GSM1559313/suppl/GSM1559313_T331.CEL.gz,9606,RNA
GSM1559314,ovarian cancer surgical sample P136,frozen surgical sample of serous ovarian cancer; p53-mutated,gene expression data from serous ovarian cancer,GPL570,Homo sapiens,surgical tumor sample,serous ovarian ca.,platinum/cyclophosphamide,no mutation,mutation,accumulation,G3,IIIC,R2,PR,DFS<180 days; moderately sensitive: 180>DFS>732; highly sensitive: DFS>732 days): resistant,0,786,DOD,"Jolanta Kupryjańczyk, COI-Warsaw",1,ul. Wybrzeże Armii Krajowej 15,Gliwice,Poland,Center for Translational Research  and Molecular Biology of Cancer,klisowska@io.gliwice.pl,"MSC Memorial Cancer Center and Institute of Oncology, Gliwice Branch","Katarzyna,Marta,Lisowska",44-101,The data were analyzed with Bioconductor and rma package with default normalization parameters settings,54675,Total RNA was isolated using Rneasy Mini Kit (Qiagen) according to the manufacturer's instructions.,16 ug of fragmented cRNA were hybridized for 16 hr at 45ͦC on HG U133 Plus 2.0 Gene Chip oligonucleotide arrays (Affymetrix). GeneChips were washed and stained in the Affymetrix Fluidics Station 400.,biotin,Total RNA (8 ug) was used for synthesis of double stranded cDNA according to manufacturer's instructions. Biotinylated cRNA was synthesized with the BioArray High Yield RNA Transcript Labeling Kit (Enzo Diagnostics).,Dec 10 2014,total RNA,GeneChips were scanned using the GeneChip Scanner 3000 (Affymetrix),Public on Dec 06 2014,Dec 05 2014,ftp://ftp.ncbi.nlm.nih.gov/geo/samples/GSM1559nnn/GSM1559314/suppl/GSM1559314_P136.CEL.gz,9606,RNA
GSM1559315,ovarian cancer surgical sample P70,frozen surgical sample of serous ovarian cancer; p53-mutated,gene expression data from serous ovarian cancer,GPL570,Homo sapiens,surgical tumor sample,serous ovarian ca.,platinum/cyclophosphamide,no mutation,mutation,accumulation,G4,IIIC,R2,P,DFS<180 days; moderately sensitive: 180>DFS>732; highly sensitive: DFS>732 days): resistant,0,790,DOD,"Jolanta Kupryjańczyk, COI-Warsaw",1,ul. Wybrzeże Armii Krajowej 15,Gliwice,Poland,Center for Translational Research  and Molecular Biology of Cancer,klisowska@io.gliwice.pl,"MSC Memorial Cancer Center and Institute of Oncology, Gliwice Branch","Katarzyna,Marta,Lisowska",44-101,The data were analyzed with Bioconductor and rma package with default normalization parameters settings,54675,Total RNA was isolated using Rneasy Mini Kit (Qiagen) according to the manufacturer's instructions.,16 ug of fragmented cRNA were hybridized for 16 hr at 45ͦC on HG U133 Plus 2.0 Gene Chip oligonucleotide arrays (Affymetrix). GeneChips were washed and stained in the Affymetrix Fluidics Station 400.,biotin,Total RNA (8 ug) was used for synthesis of double stranded cDNA according to manufacturer's instructions. Biotinylated cRNA was synthesized with the BioArray High Yield RNA Transcript Labeling Kit (Enzo Diagnostics).,Dec 10 2014,total RNA,GeneChips were scanned using the GeneChip Scanner 3000 (Affymetrix),Public on Dec 06 2014,Dec 05 2014,ftp://ftp.ncbi.nlm.nih.gov/geo/samples/GSM1559nnn/GSM1559315/suppl/GSM1559315_P70.CEL.gz,9606,RNA
GSM1559316,ovarian cancer surgical sample X381,frozen surgical sample of serous ovarian cancer; BRCA1-mutated; p53-mutated,gene expression data from serous ovarian cancer,GPL570,Homo sapiens,surgical tumor sample,serous ovarian ca.,platinum/cyclophosphamide,5382insC,mutation,accumulation,G3,IIIC,R1,PR,DFS<180 days; moderately sensitive: 180>DFS>732; highly sensitive: DFS>732 days): resistant,0,930,AWD,"Jolanta Kupryjańczyk, COI-Warsaw",1,ul. Wybrzeże Armii Krajowej 15,Gliwice,Poland,Center for Translational Research  and Molecular Biology of Cancer,klisowska@io.gliwice.pl,"MSC Memorial Cancer Center and Institute of Oncology, Gliwice Branch","Katarzyna,Marta,Lisowska",44-101,The data were analyzed with Bioconductor and rma package with default normalization parameters settings,54675,Total RNA was isolated using Rneasy Mini Kit (Qiagen) according to the manufacturer's instructions.,16 ug of fragmented cRNA were hybridized for 16 hr at 45ͦC on HG U133 Plus 2.0 Gene Chip oligonucleotide arrays (Affymetrix). GeneChips were washed and stained in the Affymetrix Fluidics Station 400.,biotin,Total RNA (8 ug) was used for synthesis of double stranded cDNA according to manufacturer's instructions. Biotinylated cRNA was synthesized with the BioArray High Yield RNA Transcript Labeling Kit (Enzo Diagnostics).,Dec 10 2014,total RNA,GeneChips were scanned using the GeneChip Scanner 3000 (Affymetrix),Public on Dec 06 2014,Dec 05 2014,ftp://ftp.ncbi.nlm.nih.gov/geo/samples/GSM1559nnn/GSM1559316/suppl/GSM1559316_X381.CEL.gz,9606,RNA
GSM1559317,ovarian cancer surgical sample T319,frozen surgical sample of serous ovarian cancer; BRCA1-mutated somaticaly; p53-mutated,gene expression data from somatic serous ovarian cancer,GPL570,Homo sapiens,surgical tumor sample,serous ovarian ca.,taxane/platinum,A5335T (somatic mutation),mutation,no accumulation,G3,IV,R1,PR,DFS<180 days; moderately sensitive: 180>DFS>732; highly sensitive: DFS>732 days): resistant,0,1105,DOD,"Jolanta Kupryjańczyk, COI-Warsaw",1,ul. Wybrzeże Armii Krajowej 15,Gliwice,Poland,Center for Translational Research  and Molecular Biology of Cancer,klisowska@io.gliwice.pl,"MSC Memorial Cancer Center and Institute of Oncology, Gliwice Branch","Katarzyna,Marta,Lisowska",44-101,The data were analyzed with Bioconductor and rma package with default normalization parameters settings,54675,Total RNA was isolated using Rneasy Mini Kit (Qiagen) according to the manufacturer's instructions.,16 ug of fragmented cRNA were hybridized for 16 hr at 45ͦC on HG U133 Plus 2.0 Gene Chip oligonucleotide arrays (Affymetrix). GeneChips were washed and stained in the Affymetrix Fluidics Station 400.,biotin,Total RNA (8 ug) was used for synthesis of double stranded cDNA according to manufacturer's instructions. Biotinylated cRNA was synthesized with the BioArray High Yield RNA Transcript Labeling Kit (Enzo Diagnostics).,Dec 10 2014,total RNA,GeneChips were scanned using the GeneChip Scanner 3000 (Affymetrix),Public on Dec 06 2014,Dec 05 2014,ftp://ftp.ncbi.nlm.nih.gov/geo/samples/GSM1559nnn/GSM1559317/suppl/GSM1559317_T319.CEL.gz,9606,RNA
GSM1559318,ovarian cancer surgical sample P273,frozen surgical sample of serous ovarian cancer; p53-mutated,gene expression data from serous ovarian cancer,GPL570,Homo sapiens,surgical tumor sample,serous ovarian ca.,platinum/cyclophosphamide,no mutation,mutation,accumulation,G4,IIIC,R2,PR,DFS<180 days; moderately sensitive: 180>DFS>732; highly sensitive: DFS>732 days): resistant,0,1111,DOD,"Jolanta Kupryjańczyk, COI-Warsaw",1,ul. Wybrzeże Armii Krajowej 15,Gliwice,Poland,Center for Translational Research  and Molecular Biology of Cancer,klisowska@io.gliwice.pl,"MSC Memorial Cancer Center and Institute of Oncology, Gliwice Branch","Katarzyna,Marta,Lisowska",44-101,The data were analyzed with Bioconductor and rma package with default normalization parameters settings,54675,Total RNA was isolated using Rneasy Mini Kit (Qiagen) according to the manufacturer's instructions.,16 ug of fragmented cRNA were hybridized for 16 hr at 45ͦC on HG U133 Plus 2.0 Gene Chip oligonucleotide arrays (Affymetrix). GeneChips were washed and stained in the Affymetrix Fluidics Station 400.,biotin,Total RNA (8 ug) was used for synthesis of double stranded cDNA according to manufacturer's instructions. Biotinylated cRNA was synthesized with the BioArray High Yield RNA Transcript Labeling Kit (Enzo Diagnostics).,Dec 10 2014,total RNA,GeneChips were scanned using the GeneChip Scanner 3000 (Affymetrix),Public on Dec 06 2014,Dec 05 2014,ftp://ftp.ncbi.nlm.nih.gov/geo/samples/GSM1559nnn/GSM1559318/suppl/GSM1559318_P273.CEL.gz,9606,RNA
GSM1559319,ovarian cancer surgical sample T422,frozen surgical sample of undifferentiated ovarian cancer; BRCA1-mutated; p53-mutated,gene expression data from undifferentiated ovarian cancer,GPL570,Homo sapiens,surgical tumor sample,undifferentiated ovarian ca.,taxane/platinum,5382insC,mutation,accumulation,G4,IV,R0,PR,DFS<180 days; moderately sensitive: 180>DFS>732; highly sensitive: DFS>732 days): resistant,0,1124,DOD,"Jolanta Kupryjańczyk, COI-Warsaw",1,ul. Wybrzeże Armii Krajowej 15,Gliwice,Poland,Center for Translational Research  and Molecular Biology of Cancer,klisowska@io.gliwice.pl,"MSC Memorial Cancer Center and Institute of Oncology, Gliwice Branch","Katarzyna,Marta,Lisowska",44-101,The data were analyzed with Bioconductor and rma package with default normalization parameters settings,54675,Total RNA was isolated using Rneasy Mini Kit (Qiagen) according to the manufacturer's instructions.,16 ug of fragmented cRNA were hybridized for 16 hr at 45ͦC on HG U133 Plus 2.0 Gene Chip oligonucleotide arrays (Affymetrix). GeneChips were washed and stained in the Affymetrix Fluidics Station 400.,biotin,Total RNA (8 ug) was used for synthesis of double stranded cDNA according to manufacturer's instructions. Biotinylated cRNA was synthesized with the BioArray High Yield RNA Transcript Labeling Kit (Enzo Diagnostics).,Dec 10 2014,total RNA,GeneChips were scanned using the GeneChip Scanner 3000 (Affymetrix),Public on Dec 06 2014,Dec 05 2014,ftp://ftp.ncbi.nlm.nih.gov/geo/samples/GSM1559nnn/GSM1559319/suppl/GSM1559319_T422.CEL.gz,9606,RNA
GSM1559320,ovarian cancer surgical sample P100,frozen surgical sample of serous ovarian cancer; p53-mutated,gene expression data from serous ovarian cancer,GPL570,Homo sapiens,surgical tumor sample,serous ovarian ca.,platinum/cyclophosphamide,no mutation,mutation,no accumulation,G3,IV,R2,SD,DFS<180 days; moderately sensitive: 180>DFS>732; highly sensitive: DFS>732 days): resistant,0,1138,DOD,"Jolanta Kupryjańczyk, COI-Warsaw",1,ul. Wybrzeże Armii Krajowej 15,Gliwice,Poland,Center for Translational Research  and Molecular Biology of Cancer,klisowska@io.gliwice.pl,"MSC Memorial Cancer Center and Institute of Oncology, Gliwice Branch","Katarzyna,Marta,Lisowska",44-101,The data were analyzed with Bioconductor and rma package with default normalization parameters settings,54675,Total RNA was isolated using Rneasy Mini Kit (Qiagen) according to the manufacturer's instructions.,16 ug of fragmented cRNA were hybridized for 16 hr at 45ͦC on HG U133 Plus 2.0 Gene Chip oligonucleotide arrays (Affymetrix). GeneChips were washed and stained in the Affymetrix Fluidics Station 400.,biotin,Total RNA (8 ug) was used for synthesis of double stranded cDNA according to manufacturer's instructions. Biotinylated cRNA was synthesized with the BioArray High Yield RNA Transcript Labeling Kit (Enzo Diagnostics).,Dec 10 2014,total RNA,GeneChips were scanned using the GeneChip Scanner 3000 (Affymetrix),Public on Dec 06 2014,Dec 05 2014,ftp://ftp.ncbi.nlm.nih.gov/geo/samples/GSM1559nnn/GSM1559320/suppl/GSM1559320_P100.CEL.gz,9606,RNA
GSM1559321,ovarian cancer surgical sample P146,frozen surgical sample of serous ovarian cancer; p53-mutated,gene expression data from serous ovarian cancer,GPL570,Homo sapiens,surgical tumor sample,serous ovarian ca.,platinum/cyclophosphamide,no mutation,mutation,accumulation,G4,IIIB,R0,PR,DFS<180 days; moderately sensitive: 180>DFS>732; highly sensitive: DFS>732 days): resistant,0,1548,DOD,"Jolanta Kupryjańczyk, COI-Warsaw",1,ul. Wybrzeże Armii Krajowej 15,Gliwice,Poland,Center for Translational Research  and Molecular Biology of Cancer,klisowska@io.gliwice.pl,"MSC Memorial Cancer Center and Institute of Oncology, Gliwice Branch","Katarzyna,Marta,Lisowska",44-101,The data were analyzed with Bioconductor and rma package with default normalization parameters settings,54675,Total RNA was isolated using Rneasy Mini Kit (Qiagen) according to the manufacturer's instructions.,16 ug of fragmented cRNA were hybridized for 16 hr at 45ͦC on HG U133 Plus 2.0 Gene Chip oligonucleotide arrays (Affymetrix). GeneChips were washed and stained in the Affymetrix Fluidics Station 400.,biotin,Total RNA (8 ug) was used for synthesis of double stranded cDNA according to manufacturer's instructions. Biotinylated cRNA was synthesized with the BioArray High Yield RNA Transcript Labeling Kit (Enzo Diagnostics).,Dec 10 2014,total RNA,GeneChips were scanned using the GeneChip Scanner 3000 (Affymetrix),Public on Dec 06 2014,Dec 05 2014,ftp://ftp.ncbi.nlm.nih.gov/geo/samples/GSM1559nnn/GSM1559321/suppl/GSM1559321_P146.CEL.gz,9606,RNA
GSM1559322,ovarian cancer surgical sample T375,frozen surgical sample of serous ovarian cancer; p53-mutated,gene expression data from serous ovarian cancer,GPL570,Homo sapiens,surgical tumor sample,serous ovarian ca.,taxane/platinum,no mutation,mutation,accumulation,G3,IIIC,R1,PR,DFS<180 days; moderately sensitive: 180>DFS>732; highly sensitive: DFS>732 days): resistant,0,1751,DOD,"Jolanta Kupryjańczyk, COI-Warsaw",1,ul. Wybrzeże Armii Krajowej 15,Gliwice,Poland,Center for Translational Research  and Molecular Biology of Cancer,klisowska@io.gliwice.pl,"MSC Memorial Cancer Center and Institute of Oncology, Gliwice Branch","Katarzyna,Marta,Lisowska",44-101,The data were analyzed with Bioconductor and rma package with default normalization parameters settings,54675,Total RNA was isolated using Rneasy Mini Kit (Qiagen) according to the manufacturer's instructions.,16 ug of fragmented cRNA were hybridized for 16 hr at 45ͦC on HG U133 Plus 2.0 Gene Chip oligonucleotide arrays (Affymetrix). GeneChips were washed and stained in the Affymetrix Fluidics Station 400.,biotin,Total RNA (8 ug) was used for synthesis of double stranded cDNA according to manufacturer's instructions. Biotinylated cRNA was synthesized with the BioArray High Yield RNA Transcript Labeling Kit (Enzo Diagnostics).,Dec 10 2014,total RNA,GeneChips were scanned using the GeneChip Scanner 3000 (Affymetrix),Public on Dec 06 2014,Dec 05 2014,ftp://ftp.ncbi.nlm.nih.gov/geo/samples/GSM1559nnn/GSM1559322/suppl/GSM1559322_T375.CEL.gz,9606,RNA
GSM1559323,ovarian cancer surgical sample T353,frozen surgical sample of serous ovarian cancer,gene expression data from serous ovarian cancer,GPL570,Homo sapiens,surgical tumor sample,serous ovarian ca.,taxane/platinum,no mutation,no mutation,no accumulation,G2,IIIC,R1,SD,DFS<180 days; moderately sensitive: 180>DFS>732; highly sensitive: DFS>732 days): resistant,0,1874,DOD,"Jolanta Kupryjańczyk, COI-Warsaw",1,ul. Wybrzeże Armii Krajowej 15,Gliwice,Poland,Center for Translational Research  and Molecular Biology of Cancer,klisowska@io.gliwice.pl,"MSC Memorial Cancer Center and Institute of Oncology, Gliwice Branch","Katarzyna,Marta,Lisowska",44-101,The data were analyzed with Bioconductor and rma package with default normalization parameters settings,54675,Total RNA was isolated using Rneasy Mini Kit (Qiagen) according to the manufacturer's instructions.,16 ug of fragmented cRNA were hybridized for 16 hr at 45ͦC on HG U133 Plus 2.0 Gene Chip oligonucleotide arrays (Affymetrix). GeneChips were washed and stained in the Affymetrix Fluidics Station 400.,biotin,Total RNA (8 ug) was used for synthesis of double stranded cDNA according to manufacturer's instructions. Biotinylated cRNA was synthesized with the BioArray High Yield RNA Transcript Labeling Kit (Enzo Diagnostics).,Dec 10 2014,total RNA,GeneChips were scanned using the GeneChip Scanner 3000 (Affymetrix),Public on Dec 06 2014,Dec 05 2014,ftp://ftp.ncbi.nlm.nih.gov/geo/samples/GSM1559nnn/GSM1559323/suppl/GSM1559323_T353.CEL.gz,9606,RNA
GSM1559324,ovarian cancer surgical sample P279,frozen surgical sample of serous ovarian cancer; p53-mutated,gene expression data from serous ovarian cancer,GPL570,Homo sapiens,surgical tumor sample,serous ovarian ca.,platinum/cyclophosphamide,no mutation,mutation,accumulation,G3,IIIC,R1,CR,DFS<180 days; moderately sensitive: 180>DFS>732; highly sensitive: DFS>732 days): resistant,97,877,DOD,"Jolanta Kupryjańczyk, COI-Warsaw",1,ul. Wybrzeże Armii Krajowej 15,Gliwice,Poland,Center for Translational Research  and Molecular Biology of Cancer,klisowska@io.gliwice.pl,"MSC Memorial Cancer Center and Institute of Oncology, Gliwice Branch","Katarzyna,Marta,Lisowska",44-101,The data were analyzed with Bioconductor and rma package with default normalization parameters settings,54675,Total RNA was isolated using Rneasy Mini Kit (Qiagen) according to the manufacturer's instructions.,16 ug of fragmented cRNA were hybridized for 16 hr at 45ͦC on HG U133 Plus 2.0 Gene Chip oligonucleotide arrays (Affymetrix). GeneChips were washed and stained in the Affymetrix Fluidics Station 400.,biotin,Total RNA (8 ug) was used for synthesis of double stranded cDNA according to manufacturer's instructions. Biotinylated cRNA was synthesized with the BioArray High Yield RNA Transcript Labeling Kit (Enzo Diagnostics).,Dec 10 2014,total RNA,GeneChips were scanned using the GeneChip Scanner 3000 (Affymetrix),Public on Dec 06 2014,Dec 05 2014,ftp://ftp.ncbi.nlm.nih.gov/geo/samples/GSM1559nnn/GSM1559324/suppl/GSM1559324_P279.CEL.gz,9606,RNA
GSM1559325,ovarian cancer surgical sample P271,frozen surgical sample of serous ovarian cancer; p53-mutated,gene expression data from serous ovarian cancer,GPL570,Homo sapiens,surgical tumor sample,serous ovarian ca.,platinum/cyclophosphamide,no mutation,mutation,accumulation,G3,IIIC,R2,CR,DFS<180 days; moderately sensitive: 180>DFS>732; highly sensitive: DFS>732 days): resistant,111,443,DOD,"Jolanta Kupryjańczyk, COI-Warsaw",1,ul. Wybrzeże Armii Krajowej 15,Gliwice,Poland,Center for Translational Research  and Molecular Biology of Cancer,klisowska@io.gliwice.pl,"MSC Memorial Cancer Center and Institute of Oncology, Gliwice Branch","Katarzyna,Marta,Lisowska",44-101,The data were analyzed with Bioconductor and rma package with default normalization parameters settings,54675,Total RNA was isolated using Rneasy Mini Kit (Qiagen) according to the manufacturer's instructions.,16 ug of fragmented cRNA were hybridized for 16 hr at 45ͦC on HG U133 Plus 2.0 Gene Chip oligonucleotide arrays (Affymetrix). GeneChips were washed and stained in the Affymetrix Fluidics Station 400.,biotin,Total RNA (8 ug) was used for synthesis of double stranded cDNA according to manufacturer's instructions. Biotinylated cRNA was synthesized with the BioArray High Yield RNA Transcript Labeling Kit (Enzo Diagnostics).,Dec 10 2014,total RNA,GeneChips were scanned using the GeneChip Scanner 3000 (Affymetrix),Public on Dec 06 2014,Dec 05 2014,ftp://ftp.ncbi.nlm.nih.gov/geo/samples/GSM1559nnn/GSM1559325/suppl/GSM1559325_P271.CEL.gz,9606,RNA
GSM1559326,ovarian cancer surgical sample T383,frozen surgical sample of serous ovarian cancer,gene expression data from serous ovarian cancer,GPL570,Homo sapiens,surgical tumor sample,serous ovarian ca.,taxane/platinum,no mutation,no mutation,no accumulation,G3,IIIC,R1,CR,DFS<180 days; moderately sensitive: 180>DFS>732; highly sensitive: DFS>732 days): resistant,116,701,DOD,"Jolanta Kupryjańczyk, COI-Warsaw",1,ul. Wybrzeże Armii Krajowej 15,Gliwice,Poland,Center for Translational Research  and Molecular Biology of Cancer,klisowska@io.gliwice.pl,"MSC Memorial Cancer Center and Institute of Oncology, Gliwice Branch","Katarzyna,Marta,Lisowska",44-101,The data were analyzed with Bioconductor and rma package with default normalization parameters settings,54675,Total RNA was isolated using Rneasy Mini Kit (Qiagen) according to the manufacturer's instructions.,16 ug of fragmented cRNA were hybridized for 16 hr at 45ͦC on HG U133 Plus 2.0 Gene Chip oligonucleotide arrays (Affymetrix). GeneChips were washed and stained in the Affymetrix Fluidics Station 400.,biotin,Total RNA (8 ug) was used for synthesis of double stranded cDNA according to manufacturer's instructions. Biotinylated cRNA was synthesized with the BioArray High Yield RNA Transcript Labeling Kit (Enzo Diagnostics).,Dec 10 2014,total RNA,GeneChips were scanned using the GeneChip Scanner 3000 (Affymetrix),Public on Dec 06 2014,Dec 05 2014,ftp://ftp.ncbi.nlm.nih.gov/geo/samples/GSM1559nnn/GSM1559326/suppl/GSM1559326_T383.CEL.gz,9606,RNA
GSM1559327,ovarian cancer surgical sample P145,frozen surgical sample of serous ovarian cancer; BRCA1-mutated; p53-mutated,gene expression data from serous ovarian cancer,GPL570,Homo sapiens,surgical tumor sample,serous ovarian ca.,platinum/cyclophosphamide,5382insC,mutation,accumulation,G3,IIIC,R2,CR,DFS<180 days; moderately sensitive: 180>DFS>732; highly sensitive: DFS>732 days): resistant,127,1318,DOD,"Jolanta Kupryjańczyk, COI-Warsaw",1,ul. Wybrzeże Armii Krajowej 15,Gliwice,Poland,Center for Translational Research  and Molecular Biology of Cancer,klisowska@io.gliwice.pl,"MSC Memorial Cancer Center and Institute of Oncology, Gliwice Branch","Katarzyna,Marta,Lisowska",44-101,The data were analyzed with Bioconductor and rma package with default normalization parameters settings,54675,Total RNA was isolated using Rneasy Mini Kit (Qiagen) according to the manufacturer's instructions.,16 ug of fragmented cRNA were hybridized for 16 hr at 45ͦC on HG U133 Plus 2.0 Gene Chip oligonucleotide arrays (Affymetrix). GeneChips were washed and stained in the Affymetrix Fluidics Station 400.,biotin,Total RNA (8 ug) was used for synthesis of double stranded cDNA according to manufacturer's instructions. Biotinylated cRNA was synthesized with the BioArray High Yield RNA Transcript Labeling Kit (Enzo Diagnostics).,Dec 10 2014,total RNA,GeneChips were scanned using the GeneChip Scanner 3000 (Affymetrix),Public on Dec 06 2014,Dec 05 2014,ftp://ftp.ncbi.nlm.nih.gov/geo/samples/GSM1559nnn/GSM1559327/suppl/GSM1559327_P145.CEL.gz,9606,RNA
GSM1559328,ovarian cancer surgical sample P253,frozen surgical sample of serous ovarian cancer; BRCA1-mutated; p53-mutated,gene expression data from serous ovarian cancer,GPL570,Homo sapiens,surgical tumor sample,serous ovarian ca.,platinum/cyclophosphamide,5382insC,mutation,accumulation,G4,IIIC,R0,CR,DFS<180 days; moderately sensitive: 180>DFS>732; highly sensitive: DFS>732 days): resistant,132,1573,DOD,"Jolanta Kupryjańczyk, COI-Warsaw",1,ul. Wybrzeże Armii Krajowej 15,Gliwice,Poland,Center for Translational Research  and Molecular Biology of Cancer,klisowska@io.gliwice.pl,"MSC Memorial Cancer Center and Institute of Oncology, Gliwice Branch","Katarzyna,Marta,Lisowska",44-101,The data were analyzed with Bioconductor and rma package with default normalization parameters settings,54675,Total RNA was isolated using Rneasy Mini Kit (Qiagen) according to the manufacturer's instructions.,16 ug of fragmented cRNA were hybridized for 16 hr at 45ͦC on HG U133 Plus 2.0 Gene Chip oligonucleotide arrays (Affymetrix). GeneChips were washed and stained in the Affymetrix Fluidics Station 400.,biotin,Total RNA (8 ug) was used for synthesis of double stranded cDNA according to manufacturer's instructions. Biotinylated cRNA was synthesized with the BioArray High Yield RNA Transcript Labeling Kit (Enzo Diagnostics).,Dec 10 2014,total RNA,GeneChips were scanned using the GeneChip Scanner 3000 (Affymetrix),Public on Dec 06 2014,Dec 05 2014,ftp://ftp.ncbi.nlm.nih.gov/geo/samples/GSM1559nnn/GSM1559328/suppl/GSM1559328_P253.CEL.gz,9606,RNA
GSM1559329,ovarian cancer surgical sample T257,frozen surgical sample of serous ovarian cancer; BRCA1-mutated; p53-mutated,gene expression data from serous ovarian cancer,GPL570,Homo sapiens,surgical tumor sample,serous ovarian ca.,taxane/platinum,5382insC,mutation,no accumulation,G4,IIIC,R2,CR,DFS<180 days; moderately sensitive: 180>DFS>732; highly sensitive: DFS>732 days): resistant,157,785,DOD,"Jolanta Kupryjańczyk, COI-Warsaw",1,ul. Wybrzeże Armii Krajowej 15,Gliwice,Poland,Center for Translational Research  and Molecular Biology of Cancer,klisowska@io.gliwice.pl,"MSC Memorial Cancer Center and Institute of Oncology, Gliwice Branch","Katarzyna,Marta,Lisowska",44-101,The data were analyzed with Bioconductor and rma package with default normalization parameters settings,54675,Total RNA was isolated using Rneasy Mini Kit (Qiagen) according to the manufacturer's instructions.,16 ug of fragmented cRNA were hybridized for 16 hr at 45ͦC on HG U133 Plus 2.0 Gene Chip oligonucleotide arrays (Affymetrix). GeneChips were washed and stained in the Affymetrix Fluidics Station 400.,biotin,Total RNA (8 ug) was used for synthesis of double stranded cDNA according to manufacturer's instructions. Biotinylated cRNA was synthesized with the BioArray High Yield RNA Transcript Labeling Kit (Enzo Diagnostics).,Dec 10 2014,total RNA,GeneChips were scanned using the GeneChip Scanner 3000 (Affymetrix),Public on Dec 06 2014,Dec 05 2014,ftp://ftp.ncbi.nlm.nih.gov/geo/samples/GSM1559nnn/GSM1559329/suppl/GSM1559329_T257.CEL.gz,9606,RNA
GSM1559330,ovarian cancer surgical sample T313,frozen surgical sample of serous ovarian cancer; p53-mutated,gene expression data from serous ovarian cancer,GPL570,Homo sapiens,surgical tumor sample,serous ovarian ca.,taxane/platinum,no mutation,mutation,accumulation,G3,IIIB,R0,CR,DFS<180 days; moderately sensitive: 180>DFS>732; highly sensitive: DFS>732 days): resistant,171,1203,DOD,"Jolanta Kupryjańczyk, COI-Warsaw",1,ul. Wybrzeże Armii Krajowej 15,Gliwice,Poland,Center for Translational Research  and Molecular Biology of Cancer,klisowska@io.gliwice.pl,"MSC Memorial Cancer Center and Institute of Oncology, Gliwice Branch","Katarzyna,Marta,Lisowska",44-101,The data were analyzed with Bioconductor and rma package with default normalization parameters settings,54675,Total RNA was isolated using Rneasy Mini Kit (Qiagen) according to the manufacturer's instructions.,16 ug of fragmented cRNA were hybridized for 16 hr at 45ͦC on HG U133 Plus 2.0 Gene Chip oligonucleotide arrays (Affymetrix). GeneChips were washed and stained in the Affymetrix Fluidics Station 400.,biotin,Total RNA (8 ug) was used for synthesis of double stranded cDNA according to manufacturer's instructions. Biotinylated cRNA was synthesized with the BioArray High Yield RNA Transcript Labeling Kit (Enzo Diagnostics).,Dec 10 2014,total RNA,GeneChips were scanned using the GeneChip Scanner 3000 (Affymetrix),Public on Dec 06 2014,Dec 05 2014,ftp://ftp.ncbi.nlm.nih.gov/geo/samples/GSM1559nnn/GSM1559330/suppl/GSM1559330_T313.CEL.gz,9606,RNA
GSM1559331,ovarian cancer surgical sample P281,frozen surgical sample of serous ovarian cancer; BRCA1-mutated; p53-mutated,gene expression data from serous ovarian cancer,GPL570,Homo sapiens,surgical tumor sample,serous ovarian ca.,platinum/cyclophosphamide,5382insC,mutation,accumulation,G3,IV,R2,CR,DFS<180 days; moderately sensitive: 180>DFS>732; highly sensitive: DFS>732 days): resistant,176,687,DOD,"Jolanta Kupryjańczyk, COI-Warsaw",1,ul. Wybrzeże Armii Krajowej 15,Gliwice,Poland,Center for Translational Research  and Molecular Biology of Cancer,klisowska@io.gliwice.pl,"MSC Memorial Cancer Center and Institute of Oncology, Gliwice Branch","Katarzyna,Marta,Lisowska",44-101,The data were analyzed with Bioconductor and rma package with default normalization parameters settings,54675,Total RNA was isolated using Rneasy Mini Kit (Qiagen) according to the manufacturer's instructions.,16 ug of fragmented cRNA were hybridized for 16 hr at 45ͦC on HG U133 Plus 2.0 Gene Chip oligonucleotide arrays (Affymetrix). GeneChips were washed and stained in the Affymetrix Fluidics Station 400.,biotin,Total RNA (8 ug) was used for synthesis of double stranded cDNA according to manufacturer's instructions. Biotinylated cRNA was synthesized with the BioArray High Yield RNA Transcript Labeling Kit (Enzo Diagnostics).,Dec 10 2014,total RNA,GeneChips were scanned using the GeneChip Scanner 3000 (Affymetrix),Public on Dec 06 2014,Dec 05 2014,ftp://ftp.ncbi.nlm.nih.gov/geo/samples/GSM1559nnn/GSM1559331/suppl/GSM1559331_P281.CEL.gz,9606,RNA
GSM1559332,ovarian cancer surgical sample T386,frozen surgical sample of serous ovarian cancer; p53-mutated,gene expression data from serous ovarian cancer,GPL570,Homo sapiens,surgical tumor sample,serous ovarian ca.,taxane/platinum,no mutation,mutation,no accumulation,G3,IIIC,R1,CR,DFS<180 days; moderately sensitive: 180>DFS>732; highly sensitive: DFS>732 days): resistant,176,778,DOD,"Jolanta Kupryjańczyk, COI-Warsaw",1,ul. Wybrzeże Armii Krajowej 15,Gliwice,Poland,Center for Translational Research  and Molecular Biology of Cancer,klisowska@io.gliwice.pl,"MSC Memorial Cancer Center and Institute of Oncology, Gliwice Branch","Katarzyna,Marta,Lisowska",44-101,The data were analyzed with Bioconductor and rma package with default normalization parameters settings,54675,Total RNA was isolated using Rneasy Mini Kit (Qiagen) according to the manufacturer's instructions.,16 ug of fragmented cRNA were hybridized for 16 hr at 45ͦC on HG U133 Plus 2.0 Gene Chip oligonucleotide arrays (Affymetrix). GeneChips were washed and stained in the Affymetrix Fluidics Station 400.,biotin,Total RNA (8 ug) was used for synthesis of double stranded cDNA according to manufacturer's instructions. Biotinylated cRNA was synthesized with the BioArray High Yield RNA Transcript Labeling Kit (Enzo Diagnostics).,Dec 10 2014,total RNA,GeneChips were scanned using the GeneChip Scanner 3000 (Affymetrix),Public on Dec 06 2014,Dec 05 2014,ftp://ftp.ncbi.nlm.nih.gov/geo/samples/GSM1559nnn/GSM1559332/suppl/GSM1559332_T386.CEL.gz,9606,RNA
GSM1559333,ovarian cancer surgical sample T351,frozen surgical sample of serous ovarian cancer; BRCA1-mutated; p53-mutated,gene expression data from serous ovarian cancer,GPL570,Homo sapiens,surgical tumor sample,serous ovarian ca.,taxane/platinum,T300G,mutation,accumulation,G3,IIIC,R1,CR,DFS<180 days; moderately sensitive: 180>DFS>732; highly sensitive: DFS>732 days): moderately sensitive,188,905,DOD,"Jolanta Kupryjańczyk, COI-Warsaw",1,ul. Wybrzeże Armii Krajowej 15,Gliwice,Poland,Center for Translational Research  and Molecular Biology of Cancer,klisowska@io.gliwice.pl,"MSC Memorial Cancer Center and Institute of Oncology, Gliwice Branch","Katarzyna,Marta,Lisowska",44-101,The data were analyzed with Bioconductor and rma package with default normalization parameters settings,54675,Total RNA was isolated using Rneasy Mini Kit (Qiagen) according to the manufacturer's instructions.,16 ug of fragmented cRNA were hybridized for 16 hr at 45ͦC on HG U133 Plus 2.0 Gene Chip oligonucleotide arrays (Affymetrix). GeneChips were washed and stained in the Affymetrix Fluidics Station 400.,biotin,Total RNA (8 ug) was used for synthesis of double stranded cDNA according to manufacturer's instructions. Biotinylated cRNA was synthesized with the BioArray High Yield RNA Transcript Labeling Kit (Enzo Diagnostics).,Dec 10 2014,total RNA,GeneChips were scanned using the GeneChip Scanner 3000 (Affymetrix),Public on Dec 06 2014,Dec 05 2014,ftp://ftp.ncbi.nlm.nih.gov/geo/samples/GSM1559nnn/GSM1559333/suppl/GSM1559333_T351.CEL.gz,9606,RNA
GSM1559334,ovarian cancer surgical sample T324,frozen surgical sample of serous ovarian cancer; BRCA1-mutated; p53-mutated,gene expression data from serous ovarian cancer,GPL570,Homo sapiens,surgical tumor sample,serous ovarian ca.,taxane/platinum,5382insC,mutation,accumulation,G4,IV,R1,CR,DFS<180 days; moderately sensitive: 180>DFS>732; highly sensitive: DFS>732 days): moderately sensitive,189,1014,DOD,"Jolanta Kupryjańczyk, COI-Warsaw",1,ul. Wybrzeże Armii Krajowej 15,Gliwice,Poland,Center for Translational Research  and Molecular Biology of Cancer,klisowska@io.gliwice.pl,"MSC Memorial Cancer Center and Institute of Oncology, Gliwice Branch","Katarzyna,Marta,Lisowska",44-101,The data were analyzed with Bioconductor and rma package with default normalization parameters settings,54675,Total RNA was isolated using Rneasy Mini Kit (Qiagen) according to the manufacturer's instructions.,16 ug of fragmented cRNA were hybridized for 16 hr at 45ͦC on HG U133 Plus 2.0 Gene Chip oligonucleotide arrays (Affymetrix). GeneChips were washed and stained in the Affymetrix Fluidics Station 400.,biotin,Total RNA (8 ug) was used for synthesis of double stranded cDNA according to manufacturer's instructions. Biotinylated cRNA was synthesized with the BioArray High Yield RNA Transcript Labeling Kit (Enzo Diagnostics).,Dec 10 2014,total RNA,GeneChips were scanned using the GeneChip Scanner 3000 (Affymetrix),Public on Dec 06 2014,Dec 05 2014,ftp://ftp.ncbi.nlm.nih.gov/geo/samples/GSM1559nnn/GSM1559334/suppl/GSM1559334_T324.CEL.gz,9606,RNA
GSM1559335,ovarian cancer surgical sample T320,frozen surgical sample of serous ovarian cancer; p53-mutated,gene expression data from serous ovarian cancer,GPL570,Homo sapiens,surgical tumor sample,serous ovarian ca.,taxane/platinum,no mutation,mutation,accumulation,G3,IIIC,R2,CR,DFS<180 days; moderately sensitive: 180>DFS>732; highly sensitive: DFS>732 days): moderately sensitive,208,373,DOD,"Jolanta Kupryjańczyk, COI-Warsaw",1,ul. Wybrzeże Armii Krajowej 15,Gliwice,Poland,Center for Translational Research  and Molecular Biology of Cancer,klisowska@io.gliwice.pl,"MSC Memorial Cancer Center and Institute of Oncology, Gliwice Branch","Katarzyna,Marta,Lisowska",44-101,The data were analyzed with Bioconductor and rma package with default normalization parameters settings,54675,Total RNA was isolated using Rneasy Mini Kit (Qiagen) according to the manufacturer's instructions.,16 ug of fragmented cRNA were hybridized for 16 hr at 45ͦC on HG U133 Plus 2.0 Gene Chip oligonucleotide arrays (Affymetrix). GeneChips were washed and stained in the Affymetrix Fluidics Station 400.,biotin,Total RNA (8 ug) was used for synthesis of double stranded cDNA according to manufacturer's instructions. Biotinylated cRNA was synthesized with the BioArray High Yield RNA Transcript Labeling Kit (Enzo Diagnostics).,Dec 10 2014,total RNA,GeneChips were scanned using the GeneChip Scanner 3000 (Affymetrix),Public on Dec 06 2014,Dec 05 2014,ftp://ftp.ncbi.nlm.nih.gov/geo/samples/GSM1559nnn/GSM1559335/suppl/GSM1559335_T320.CEL.gz,9606,RNA
GSM1559336,ovarian cancer surgical sample P127,frozen surgical sample of serous ovarian cancer; p53-mutated,gene expression data from serous ovarian cancer,GPL570,Homo sapiens,surgical tumor sample,serous ovarian ca.,platinum/cyclophosphamide,no mutation,mutation,accumulation,G3,IIIC,R2,CR,DFS<180 days; moderately sensitive: 180>DFS>732; highly sensitive: DFS>732 days): moderately sensitive,222,652,DOD,"Jolanta Kupryjańczyk, COI-Warsaw",1,ul. Wybrzeże Armii Krajowej 15,Gliwice,Poland,Center for Translational Research  and Molecular Biology of Cancer,klisowska@io.gliwice.pl,"MSC Memorial Cancer Center and Institute of Oncology, Gliwice Branch","Katarzyna,Marta,Lisowska",44-101,The data were analyzed with Bioconductor and rma package with default normalization parameters settings,54675,Total RNA was isolated using Rneasy Mini Kit (Qiagen) according to the manufacturer's instructions.,16 ug of fragmented cRNA were hybridized for 16 hr at 45ͦC on HG U133 Plus 2.0 Gene Chip oligonucleotide arrays (Affymetrix). GeneChips were washed and stained in the Affymetrix Fluidics Station 400.,biotin,Total RNA (8 ug) was used for synthesis of double stranded cDNA according to manufacturer's instructions. Biotinylated cRNA was synthesized with the BioArray High Yield RNA Transcript Labeling Kit (Enzo Diagnostics).,Dec 10 2014,total RNA,GeneChips were scanned using the GeneChip Scanner 3000 (Affymetrix),Public on Dec 06 2014,Dec 05 2014,ftp://ftp.ncbi.nlm.nih.gov/geo/samples/GSM1559nnn/GSM1559336/suppl/GSM1559336_P127.CEL.gz,9606,RNA
GSM1559337,ovarian cancer surgical sample P30,frozen surgical sample of serous ovarian cancer,gene expression data from serous ovarian cancer,GPL570,Homo sapiens,surgical tumor sample,serous ovarian ca.,platinum/cyclophosphamide,no mutation,no mutation,no accumulation,G2,IV,R1,CR,DFS<180 days; moderately sensitive: 180>DFS>732; highly sensitive: DFS>732 days): moderately sensitive,226,467,DOD,"Jolanta Kupryjańczyk, COI-Warsaw",1,ul. Wybrzeże Armii Krajowej 15,Gliwice,Poland,Center for Translational Research  and Molecular Biology of Cancer,klisowska@io.gliwice.pl,"MSC Memorial Cancer Center and Institute of Oncology, Gliwice Branch","Katarzyna,Marta,Lisowska",44-101,The data were analyzed with Bioconductor and rma package with default normalization parameters settings,54675,Total RNA was isolated using Rneasy Mini Kit (Qiagen) according to the manufacturer's instructions.,16 ug of fragmented cRNA were hybridized for 16 hr at 45ͦC on HG U133 Plus 2.0 Gene Chip oligonucleotide arrays (Affymetrix). GeneChips were washed and stained in the Affymetrix Fluidics Station 400.,biotin,Total RNA (8 ug) was used for synthesis of double stranded cDNA according to manufacturer's instructions. Biotinylated cRNA was synthesized with the BioArray High Yield RNA Transcript Labeling Kit (Enzo Diagnostics).,Dec 10 2014,total RNA,GeneChips were scanned using the GeneChip Scanner 3000 (Affymetrix),Public on Dec 06 2014,Dec 05 2014,ftp://ftp.ncbi.nlm.nih.gov/geo/samples/GSM1559nnn/GSM1559337/suppl/GSM1559337_P30.CEL.gz,9606,RNA
GSM1559338,ovarian cancer surgical sample T389,frozen surgical sample of serous ovarian cancer; BRCA1-mutated; p53-mutated,gene expression data from serous ovarian cancer,GPL570,Homo sapiens,surgical tumor sample,serous ovarian ca.,taxane/platinum,5382insC,mutation,accumulation,G3,IV,R1,CR,DFS<180 days; moderately sensitive: 180>DFS>732; highly sensitive: DFS>732 days): moderately sensitive,230,1168,DOD,"Jolanta Kupryjańczyk, COI-Warsaw",1,ul. Wybrzeże Armii Krajowej 15,Gliwice,Poland,Center for Translational Research  and Molecular Biology of Cancer,klisowska@io.gliwice.pl,"MSC Memorial Cancer Center and Institute of Oncology, Gliwice Branch","Katarzyna,Marta,Lisowska",44-101,The data were analyzed with Bioconductor and rma package with default normalization parameters settings,54675,Total RNA was isolated using Rneasy Mini Kit (Qiagen) according to the manufacturer's instructions.,16 ug of fragmented cRNA were hybridized for 16 hr at 45ͦC on HG U133 Plus 2.0 Gene Chip oligonucleotide arrays (Affymetrix). GeneChips were washed and stained in the Affymetrix Fluidics Station 400.,biotin,Total RNA (8 ug) was used for synthesis of double stranded cDNA according to manufacturer's instructions. Biotinylated cRNA was synthesized with the BioArray High Yield RNA Transcript Labeling Kit (Enzo Diagnostics).,Dec 10 2014,total RNA,GeneChips were scanned using the GeneChip Scanner 3000 (Affymetrix),Public on Dec 06 2014,Dec 05 2014,ftp://ftp.ncbi.nlm.nih.gov/geo/samples/GSM1559nnn/GSM1559338/suppl/GSM1559338_T389.CEL.gz,9606,RNA
GSM1559339,ovarian cancer surgical sample P160,frozen surgical sample of serous ovarian cancer; p53-mutated,gene expression data from serous ovarian cancer,GPL570,Homo sapiens,surgical tumor sample,serous ovarian ca.,platinum/cyclophosphamide,no mutation,mutation,no accumulation,G3,IIIC,R1,CR,DFS<180 days; moderately sensitive: 180>DFS>732; highly sensitive: DFS>732 days): moderately sensitive,247,1196,DOD,"Jolanta Kupryjańczyk, COI-Warsaw",1,ul. Wybrzeże Armii Krajowej 15,Gliwice,Poland,Center for Translational Research  and Molecular Biology of Cancer,klisowska@io.gliwice.pl,"MSC Memorial Cancer Center and Institute of Oncology, Gliwice Branch","Katarzyna,Marta,Lisowska",44-101,The data were analyzed with Bioconductor and rma package with default normalization parameters settings,54675,Total RNA was isolated using Rneasy Mini Kit (Qiagen) according to the manufacturer's instructions.,16 ug of fragmented cRNA were hybridized for 16 hr at 45ͦC on HG U133 Plus 2.0 Gene Chip oligonucleotide arrays (Affymetrix). GeneChips were washed and stained in the Affymetrix Fluidics Station 400.,biotin,Total RNA (8 ug) was used for synthesis of double stranded cDNA according to manufacturer's instructions. Biotinylated cRNA was synthesized with the BioArray High Yield RNA Transcript Labeling Kit (Enzo Diagnostics).,Dec 10 2014,total RNA,GeneChips were scanned using the GeneChip Scanner 3000 (Affymetrix),Public on Dec 06 2014,Dec 05 2014,ftp://ftp.ncbi.nlm.nih.gov/geo/samples/GSM1559nnn/GSM1559339/suppl/GSM1559339_P160.CEL.gz,9606,RNA
GSM1559340,ovarian cancer surgical sample T200,frozen surgical sample of undifferentiated ovarian cancer; p53-mutated,gene expression data from undifferentiated ovarian cancer,GPL570,Homo sapiens,surgical tumor sample,undifferentiated ovarian ca.,taxane/platinum,no mutation,mutation,no accumulation,G4,IIIC,R2,CR,DFS<180 days; moderately sensitive: 180>DFS>732; highly sensitive: DFS>732 days): moderately sensitive,251,679,DOD,"Jolanta Kupryjańczyk, COI-Warsaw",1,ul. Wybrzeże Armii Krajowej 15,Gliwice,Poland,Center for Translational Research  and Molecular Biology of Cancer,klisowska@io.gliwice.pl,"MSC Memorial Cancer Center and Institute of Oncology, Gliwice Branch","Katarzyna,Marta,Lisowska",44-101,The data were analyzed with Bioconductor and rma package with default normalization parameters settings,54675,Total RNA was isolated using Rneasy Mini Kit (Qiagen) according to the manufacturer's instructions.,16 ug of fragmented cRNA were hybridized for 16 hr at 45ͦC on HG U133 Plus 2.0 Gene Chip oligonucleotide arrays (Affymetrix). GeneChips were washed and stained in the Affymetrix Fluidics Station 400.,biotin,Total RNA (8 ug) was used for synthesis of double stranded cDNA according to manufacturer's instructions. Biotinylated cRNA was synthesized with the BioArray High Yield RNA Transcript Labeling Kit (Enzo Diagnostics).,Dec 10 2014,total RNA,GeneChips were scanned using the GeneChip Scanner 3000 (Affymetrix),Public on Dec 06 2014,Dec 05 2014,ftp://ftp.ncbi.nlm.nih.gov/geo/samples/GSM1559nnn/GSM1559340/suppl/GSM1559340_T200.CEL.gz,9606,RNA
GSM1559341,ovarian cancer surgical sample T415,frozen surgical sample of serous ovarian cancer; BRCA1-mutated; p53-mutated,gene expression data from serous ovarian cancer,GPL570,Homo sapiens,surgical tumor sample,serous ovarian ca.,taxane/platinum,T300G,mutation,no accumulation,G3,IV,R1,CR,DFS<180 days; moderately sensitive: 180>DFS>732; highly sensitive: DFS>732 days): moderately sensitive,264,1357,DOD,"Jolanta Kupryjańczyk, COI-Warsaw",1,ul. Wybrzeże Armii Krajowej 15,Gliwice,Poland,Center for Translational Research  and Molecular Biology of Cancer,klisowska@io.gliwice.pl,"MSC Memorial Cancer Center and Institute of Oncology, Gliwice Branch","Katarzyna,Marta,Lisowska",44-101,The data were analyzed with Bioconductor and rma package with default normalization parameters settings,54675,Total RNA was isolated using Rneasy Mini Kit (Qiagen) according to the manufacturer's instructions.,16 ug of fragmented cRNA were hybridized for 16 hr at 45ͦC on HG U133 Plus 2.0 Gene Chip oligonucleotide arrays (Affymetrix). GeneChips were washed and stained in the Affymetrix Fluidics Station 400.,biotin,Total RNA (8 ug) was used for synthesis of double stranded cDNA according to manufacturer's instructions. Biotinylated cRNA was synthesized with the BioArray High Yield RNA Transcript Labeling Kit (Enzo Diagnostics).,Dec 10 2014,total RNA,GeneChips were scanned using the GeneChip Scanner 3000 (Affymetrix),Public on Dec 06 2014,Dec 05 2014,ftp://ftp.ncbi.nlm.nih.gov/geo/samples/GSM1559nnn/GSM1559341/suppl/GSM1559341_T415.CEL.gz,9606,RNA
GSM1559342,ovarian cancer surgical sample P284,frozen surgical sample of serous ovarian cancer; p53-mutated,gene expression data from serous ovarian cancer,GPL570,Homo sapiens,surgical tumor sample,serous ovarian ca.,platinum/cyclophosphamide,no mutation,mutation,no accumulation,G4,IIIC,R0,CR,DFS<180 days; moderately sensitive: 180>DFS>732; highly sensitive: DFS>732 days): moderately sensitive,285,860,DOD,"Jolanta Kupryjańczyk, COI-Warsaw",1,ul. Wybrzeże Armii Krajowej 15,Gliwice,Poland,Center for Translational Research  and Molecular Biology of Cancer,klisowska@io.gliwice.pl,"MSC Memorial Cancer Center and Institute of Oncology, Gliwice Branch","Katarzyna,Marta,Lisowska",44-101,The data were analyzed with Bioconductor and rma package with default normalization parameters settings,54675,Total RNA was isolated using Rneasy Mini Kit (Qiagen) according to the manufacturer's instructions.,16 ug of fragmented cRNA were hybridized for 16 hr at 45ͦC on HG U133 Plus 2.0 Gene Chip oligonucleotide arrays (Affymetrix). GeneChips were washed and stained in the Affymetrix Fluidics Station 400.,biotin,Total RNA (8 ug) was used for synthesis of double stranded cDNA according to manufacturer's instructions. Biotinylated cRNA was synthesized with the BioArray High Yield RNA Transcript Labeling Kit (Enzo Diagnostics).,Dec 10 2014,total RNA,GeneChips were scanned using the GeneChip Scanner 3000 (Affymetrix),Public on Dec 06 2014,Dec 05 2014,ftp://ftp.ncbi.nlm.nih.gov/geo/samples/GSM1559nnn/GSM1559342/suppl/GSM1559342_P284.CEL.gz,9606,RNA
GSM1559343,ovarian cancer surgical sample T420,frozen surgical sample of serous ovarian cancer; BRCA1-mutated; p53-mutated,gene expression data from serous ovarian cancer,GPL570,Homo sapiens,surgical tumor sample,serous ovarian ca.,taxane/platinum,5382insC,mutation,no accumulation,G3,IIIC,R1,CR,DFS<180 days; moderately sensitive: 180>DFS>732; highly sensitive: DFS>732 days): moderately sensitive,292,1005,DOD,"Jolanta Kupryjańczyk, COI-Warsaw",1,ul. Wybrzeże Armii Krajowej 15,Gliwice,Poland,Center for Translational Research  and Molecular Biology of Cancer,klisowska@io.gliwice.pl,"MSC Memorial Cancer Center and Institute of Oncology, Gliwice Branch","Katarzyna,Marta,Lisowska",44-101,The data were analyzed with Bioconductor and rma package with default normalization parameters settings,54675,Total RNA was isolated using Rneasy Mini Kit (Qiagen) according to the manufacturer's instructions.,16 ug of fragmented cRNA were hybridized for 16 hr at 45ͦC on HG U133 Plus 2.0 Gene Chip oligonucleotide arrays (Affymetrix). GeneChips were washed and stained in the Affymetrix Fluidics Station 400.,biotin,Total RNA (8 ug) was used for synthesis of double stranded cDNA according to manufacturer's instructions. Biotinylated cRNA was synthesized with the BioArray High Yield RNA Transcript Labeling Kit (Enzo Diagnostics).,Dec 10 2014,total RNA,GeneChips were scanned using the GeneChip Scanner 3000 (Affymetrix),Public on Dec 06 2014,Dec 05 2014,ftp://ftp.ncbi.nlm.nih.gov/geo/samples/GSM1559nnn/GSM1559343/suppl/GSM1559343_T420.CEL.gz,9606,RNA
GSM1559344,ovarian cancer surgical sample P162,frozen surgical sample of serous ovarian cancer; p53-mutated,gene expression data from serous ovarian cancer,GPL570,Homo sapiens,surgical tumor sample,serous ovarian ca.,platinum/cyclophosphamide,no mutation,mutation,no accumulation,G3,IIIC,R2,CR,DFS<180 days; moderately sensitive: 180>DFS>732; highly sensitive: DFS>732 days): moderately sensitive,307,1256,DOD,"Jolanta Kupryjańczyk, COI-Warsaw",1,ul. Wybrzeże Armii Krajowej 15,Gliwice,Poland,Center for Translational Research  and Molecular Biology of Cancer,klisowska@io.gliwice.pl,"MSC Memorial Cancer Center and Institute of Oncology, Gliwice Branch","Katarzyna,Marta,Lisowska",44-101,The data were analyzed with Bioconductor and rma package with default normalization parameters settings,54675,Total RNA was isolated using Rneasy Mini Kit (Qiagen) according to the manufacturer's instructions.,16 ug of fragmented cRNA were hybridized for 16 hr at 45ͦC on HG U133 Plus 2.0 Gene Chip oligonucleotide arrays (Affymetrix). GeneChips were washed and stained in the Affymetrix Fluidics Station 400.,biotin,Total RNA (8 ug) was used for synthesis of double stranded cDNA according to manufacturer's instructions. Biotinylated cRNA was synthesized with the BioArray High Yield RNA Transcript Labeling Kit (Enzo Diagnostics).,Dec 10 2014,total RNA,GeneChips were scanned using the GeneChip Scanner 3000 (Affymetrix),Public on Dec 06 2014,Dec 05 2014,ftp://ftp.ncbi.nlm.nih.gov/geo/samples/GSM1559nnn/GSM1559344/suppl/GSM1559344_P162.CEL.gz,9606,RNA
GSM1559345,ovarian cancer surgical sample P272,frozen surgical sample of serous ovarian cancer; p53-mutated,gene expression data from serous ovarian cancer,GPL570,Homo sapiens,surgical tumor sample,serous ovarian ca.,platinum/cyclophosphamide,no mutation,mutation,accumulation,G4,IIIC,R2,CR,DFS<180 days; moderately sensitive: 180>DFS>732; highly sensitive: DFS>732 days): moderately sensitive,346,897,DOD,"Jolanta Kupryjańczyk, COI-Warsaw",1,ul. Wybrzeże Armii Krajowej 15,Gliwice,Poland,Center for Translational Research  and Molecular Biology of Cancer,klisowska@io.gliwice.pl,"MSC Memorial Cancer Center and Institute of Oncology, Gliwice Branch","Katarzyna,Marta,Lisowska",44-101,The data were analyzed with Bioconductor and rma package with default normalization parameters settings,54675,Total RNA was isolated using Rneasy Mini Kit (Qiagen) according to the manufacturer's instructions.,16 ug of fragmented cRNA were hybridized for 16 hr at 45ͦC on HG U133 Plus 2.0 Gene Chip oligonucleotide arrays (Affymetrix). GeneChips were washed and stained in the Affymetrix Fluidics Station 400.,biotin,Total RNA (8 ug) was used for synthesis of double stranded cDNA according to manufacturer's instructions. Biotinylated cRNA was synthesized with the BioArray High Yield RNA Transcript Labeling Kit (Enzo Diagnostics).,Dec 10 2014,total RNA,GeneChips were scanned using the GeneChip Scanner 3000 (Affymetrix),Public on Dec 06 2014,Dec 05 2014,ftp://ftp.ncbi.nlm.nih.gov/geo/samples/GSM1559nnn/GSM1559345/suppl/GSM1559345_P272.CEL.gz,9606,RNA
GSM1559346,ovarian cancer surgical sample P11,frozen surgical sample of serous ovarian cancer; p53-mutated,gene expression data from serous ovarian cancer,GPL570,Homo sapiens,surgical tumor sample,serous ovarian ca.,platinum/cyclophosphamide,no mutation,mutation,accumulation,G4,IIIA,R1,CR,DFS<180 days; moderately sensitive: 180>DFS>732; highly sensitive: DFS>732 days): moderately sensitive,393,1193,DOD,"Jolanta Kupryjańczyk, COI-Warsaw",1,ul. Wybrzeże Armii Krajowej 15,Gliwice,Poland,Center for Translational Research  and Molecular Biology of Cancer,klisowska@io.gliwice.pl,"MSC Memorial Cancer Center and Institute of Oncology, Gliwice Branch","Katarzyna,Marta,Lisowska",44-101,The data were analyzed with Bioconductor and rma package with default normalization parameters settings,54675,Total RNA was isolated using Rneasy Mini Kit (Qiagen) according to the manufacturer's instructions.,16 ug of fragmented cRNA were hybridized for 16 hr at 45ͦC on HG U133 Plus 2.0 Gene Chip oligonucleotide arrays (Affymetrix). GeneChips were washed and stained in the Affymetrix Fluidics Station 400.,biotin,Total RNA (8 ug) was used for synthesis of double stranded cDNA according to manufacturer's instructions. Biotinylated cRNA was synthesized with the BioArray High Yield RNA Transcript Labeling Kit (Enzo Diagnostics).,Dec 10 2014,total RNA,GeneChips were scanned using the GeneChip Scanner 3000 (Affymetrix),Public on Dec 06 2014,Dec 05 2014,ftp://ftp.ncbi.nlm.nih.gov/geo/samples/GSM1559nnn/GSM1559346/suppl/GSM1559346_P11.CEL.gz,9606,RNA
GSM1559347,ovarian cancer surgical sample T340,frozen surgical sample of serous ovarian cancer,gene expression data from serous ovarian cancer,GPL570,Homo sapiens,surgical tumor sample,serous ovarian ca.,taxane/platinum,no mutation,no mutation,no accumulation,G3,IIIC,R1,CR,DFS<180 days; moderately sensitive: 180>DFS>732; highly sensitive: DFS>732 days): moderately sensitive,408,1066,DOD,"Jolanta Kupryjańczyk, COI-Warsaw",1,ul. Wybrzeże Armii Krajowej 15,Gliwice,Poland,Center for Translational Research  and Molecular Biology of Cancer,klisowska@io.gliwice.pl,"MSC Memorial Cancer Center and Institute of Oncology, Gliwice Branch","Katarzyna,Marta,Lisowska",44-101,The data were analyzed with Bioconductor and rma package with default normalization parameters settings,54675,Total RNA was isolated using Rneasy Mini Kit (Qiagen) according to the manufacturer's instructions.,16 ug of fragmented cRNA were hybridized for 16 hr at 45ͦC on HG U133 Plus 2.0 Gene Chip oligonucleotide arrays (Affymetrix). GeneChips were washed and stained in the Affymetrix Fluidics Station 400.,biotin,Total RNA (8 ug) was used for synthesis of double stranded cDNA according to manufacturer's instructions. Biotinylated cRNA was synthesized with the BioArray High Yield RNA Transcript Labeling Kit (Enzo Diagnostics).,Dec 10 2014,total RNA,GeneChips were scanned using the GeneChip Scanner 3000 (Affymetrix),Public on Dec 06 2014,Dec 05 2014,ftp://ftp.ncbi.nlm.nih.gov/geo/samples/GSM1559nnn/GSM1559347/suppl/GSM1559347_T340.CEL.gz,9606,RNA
GSM1559348,ovarian cancer surgical sample T316,frozen surgical sample of serous ovarian cancer; p53-mutated,gene expression data from serous ovarian,GPL570,Homo sapiens,surgical tumor sample,serous ovarian ca.,taxane/platinum,no mutation,mutation,accumulation,G3,IIIB,R1,CR,DFS<180 days; moderately sensitive: 180>DFS>732; highly sensitive: DFS>732 days): moderately sensitive,412,677,DOD,"Jolanta Kupryjańczyk, COI-Warsaw",1,ul. Wybrzeże Armii Krajowej 15,Gliwice,Poland,Center for Translational Research  and Molecular Biology of Cancer,klisowska@io.gliwice.pl,"MSC Memorial Cancer Center and Institute of Oncology, Gliwice Branch","Katarzyna,Marta,Lisowska",44-101,The data were analyzed with Bioconductor and rma package with default normalization parameters settings,54675,Total RNA was isolated using Rneasy Mini Kit (Qiagen) according to the manufacturer's instructions.,16 ug of fragmented cRNA were hybridized for 16 hr at 45ͦC on HG U133 Plus 2.0 Gene Chip oligonucleotide arrays (Affymetrix). GeneChips were washed and stained in the Affymetrix Fluidics Station 400.,biotin,Total RNA (8 ug) was used for synthesis of double stranded cDNA according to manufacturer's instructions. Biotinylated cRNA was synthesized with the BioArray High Yield RNA Transcript Labeling Kit (Enzo Diagnostics).,Dec 10 2014,total RNA,GeneChips were scanned using the GeneChip Scanner 3000 (Affymetrix),Public on Dec 06 2014,Dec 05 2014,ftp://ftp.ncbi.nlm.nih.gov/geo/samples/GSM1559nnn/GSM1559348/suppl/GSM1559348_T316.CEL.gz,9606,RNA
GSM1559349,ovarian cancer surgical sample T306,frozen surgical sample of serous ovarian cancer; p53-mutated,gene expression data from serous ovarian cancer,GPL570,Homo sapiens,surgical tumor sample,serous ovarian ca.,taxane/platinum,no mutation,mutation,accumulation,G3,IIIC,R2,CR,DFS<180 days; moderately sensitive: 180>DFS>732; highly sensitive: DFS>732 days): moderately sensitive,420,1373,DOD,"Jolanta Kupryjańczyk, COI-Warsaw",1,ul. Wybrzeże Armii Krajowej 15,Gliwice,Poland,Center for Translational Research  and Molecular Biology of Cancer,klisowska@io.gliwice.pl,"MSC Memorial Cancer Center and Institute of Oncology, Gliwice Branch","Katarzyna,Marta,Lisowska",44-101,The data were analyzed with Bioconductor and rma package with default normalization parameters settings,54675,Total RNA was isolated using Rneasy Mini Kit (Qiagen) according to the manufacturer's instructions.,16 ug of fragmented cRNA were hybridized for 16 hr at 45ͦC on HG U133 Plus 2.0 Gene Chip oligonucleotide arrays (Affymetrix). GeneChips were washed and stained in the Affymetrix Fluidics Station 400.,biotin,Total RNA (8 ug) was used for synthesis of double stranded cDNA according to manufacturer's instructions. Biotinylated cRNA was synthesized with the BioArray High Yield RNA Transcript Labeling Kit (Enzo Diagnostics).,Dec 10 2014,total RNA,GeneChips were scanned using the GeneChip Scanner 3000 (Affymetrix),Public on Dec 06 2014,Dec 05 2014,ftp://ftp.ncbi.nlm.nih.gov/geo/samples/GSM1559nnn/GSM1559349/suppl/GSM1559349_T306.CEL.gz,9606,RNA
GSM1559350,ovarian cancer surgical sample X342,frozen surgical sample of serous ovarian cancer; BRCA1-mutated; p53-mutated,gene expression data from serous ovarian cancer,GPL570,Homo sapiens,surgical tumor sample,serous ovarian ca.,platinum/cyclophosphamide,5382insC,mutation,no accumulation,G4,IIIC,R2,CR,DFS<180 days; moderately sensitive: 180>DFS>732; highly sensitive: DFS>732 days): moderately sensitive,436,1299,AWD,"Jolanta Kupryjańczyk, COI-Warsaw",1,ul. Wybrzeże Armii Krajowej 15,Gliwice,Poland,Center for Translational Research  and Molecular Biology of Cancer,klisowska@io.gliwice.pl,"MSC Memorial Cancer Center and Institute of Oncology, Gliwice Branch","Katarzyna,Marta,Lisowska",44-101,The data were analyzed with Bioconductor and rma package with default normalization parameters settings,54675,Total RNA was isolated using Rneasy Mini Kit (Qiagen) according to the manufacturer's instructions.,16 ug of fragmented cRNA were hybridized for 16 hr at 45ͦC on HG U133 Plus 2.0 Gene Chip oligonucleotide arrays (Affymetrix). GeneChips were washed and stained in the Affymetrix Fluidics Station 400.,biotin,Total RNA (8 ug) was used for synthesis of double stranded cDNA according to manufacturer's instructions. Biotinylated cRNA was synthesized with the BioArray High Yield RNA Transcript Labeling Kit (Enzo Diagnostics).,Dec 10 2014,total RNA,GeneChips were scanned using the GeneChip Scanner 3000 (Affymetrix),Public on Dec 06 2014,Dec 05 2014,ftp://ftp.ncbi.nlm.nih.gov/geo/samples/GSM1559nnn/GSM1559350/suppl/GSM1559350_X342.CEL.gz,9606,RNA
GSM1559351,ovarian cancer surgical sample T337,frozen surgical sample of serous ovarian cancer; p53-mutated,gene expression data from serous ovarian cancer,GPL570,Homo sapiens,surgical tumor sample,serous ovarian ca.,taxane/platinum,no mutation,mutation,no accumulation,G2,IIC,R1,CR,DFS<180 days; moderately sensitive: 180>DFS>732; highly sensitive: DFS>732 days): moderately sensitive,476,1780,DOD,"Jolanta Kupryjańczyk, COI-Warsaw",1,ul. Wybrzeże Armii Krajowej 15,Gliwice,Poland,Center for Translational Research  and Molecular Biology of Cancer,klisowska@io.gliwice.pl,"MSC Memorial Cancer Center and Institute of Oncology, Gliwice Branch","Katarzyna,Marta,Lisowska",44-101,The data were analyzed with Bioconductor and rma package with default normalization parameters settings,54675,Total RNA was isolated using Rneasy Mini Kit (Qiagen) according to the manufacturer's instructions.,16 ug of fragmented cRNA were hybridized for 16 hr at 45ͦC on HG U133 Plus 2.0 Gene Chip oligonucleotide arrays (Affymetrix). GeneChips were washed and stained in the Affymetrix Fluidics Station 400.,biotin,Total RNA (8 ug) was used for synthesis of double stranded cDNA according to manufacturer's instructions. Biotinylated cRNA was synthesized with the BioArray High Yield RNA Transcript Labeling Kit (Enzo Diagnostics).,Dec 10 2014,total RNA,GeneChips were scanned using the GeneChip Scanner 3000 (Affymetrix),Public on Dec 06 2014,Dec 05 2014,ftp://ftp.ncbi.nlm.nih.gov/geo/samples/GSM1559nnn/GSM1559351/suppl/GSM1559351_T337.CEL.gz,9606,RNA
GSM1559352,ovarian cancer surgical sample E609,frozen surgical sample of endometrioid ovarian cancer; p53-mutated,gene expression data from endometrioid ovarian cancer,GPL570,Homo sapiens,surgical tumor sample,endometrioid ovarian ca.,taxane/platinum,no mutation,mutation,accumulation,G3,IIIC,R1,CR,DFS<180 days; moderately sensitive: 180>DFS>732; highly sensitive: DFS>732 days): moderately sensitive,490,2172,NED,"Jolanta Kupryjańczyk, COI-Warsaw",1,ul. Wybrzeże Armii Krajowej 15,Gliwice,Poland,Center for Translational Research  and Molecular Biology of Cancer,klisowska@io.gliwice.pl,"MSC Memorial Cancer Center and Institute of Oncology, Gliwice Branch","Katarzyna,Marta,Lisowska",44-101,The data were analyzed with Bioconductor and rma package with default normalization parameters settings,54675,Total RNA was isolated using Rneasy Mini Kit (Qiagen) according to the manufacturer's instructions.,16 ug of fragmented cRNA were hybridized for 16 hr at 45ͦC on HG U133 Plus 2.0 Gene Chip oligonucleotide arrays (Affymetrix). GeneChips were washed and stained in the Affymetrix Fluidics Station 400.,biotin,Total RNA (8 ug) was used for synthesis of double stranded cDNA according to manufacturer's instructions. Biotinylated cRNA was synthesized with the BioArray High Yield RNA Transcript Labeling Kit (Enzo Diagnostics).,Dec 10 2014,total RNA,GeneChips were scanned using the GeneChip Scanner 3000 (Affymetrix),Public on Dec 06 2014,Dec 05 2014,ftp://ftp.ncbi.nlm.nih.gov/geo/samples/GSM1559nnn/GSM1559352/suppl/GSM1559352_E609.CEL.gz,9606,RNA
GSM1559353,ovarian cancer surgical sample T197,frozen surgical sample of serous ovarian cancer; p53-mutated,gene expression data from serous ovarian cancer,GPL570,Homo sapiens,surgical tumor sample,serous ovarian ca.,taxane/platinum,no mutation,mutation,no accumulation,G3,IIIC,R2,CR,DFS<180 days; moderately sensitive: 180>DFS>732; highly sensitive: DFS>732 days): moderately sensitive,510,652,NED,"Jolanta Kupryjańczyk, COI-Warsaw",1,ul. Wybrzeże Armii Krajowej 15,Gliwice,Poland,Center for Translational Research  and Molecular Biology of Cancer,klisowska@io.gliwice.pl,"MSC Memorial Cancer Center and Institute of Oncology, Gliwice Branch","Katarzyna,Marta,Lisowska",44-101,The data were analyzed with Bioconductor and rma package with default normalization parameters settings,54675,Total RNA was isolated using Rneasy Mini Kit (Qiagen) according to the manufacturer's instructions.,16 ug of fragmented cRNA were hybridized for 16 hr at 45ͦC on HG U133 Plus 2.0 Gene Chip oligonucleotide arrays (Affymetrix). GeneChips were washed and stained in the Affymetrix Fluidics Station 400.,biotin,Total RNA (8 ug) was used for synthesis of double stranded cDNA according to manufacturer's instructions. Biotinylated cRNA was synthesized with the BioArray High Yield RNA Transcript Labeling Kit (Enzo Diagnostics).,Dec 10 2014,total RNA,GeneChips were scanned using the GeneChip Scanner 3000 (Affymetrix),Public on Dec 06 2014,Dec 05 2014,ftp://ftp.ncbi.nlm.nih.gov/geo/samples/GSM1559nnn/GSM1559353/suppl/GSM1559353_T197.CEL.gz,9606,RNA
GSM1559354,ovarian cancer surgical sample P130,frozen surgical sample of serous ovarian cancer,gene expression data from serous ovarian cancer,GPL570,Homo sapiens,surgical tumor sample,serous ovarian ca.,platinum/cyclophosphamide,no mutation,no mutation,no accumulation,G2,IIIB,R0,CR,DFS<180 days; moderately sensitive: 180>DFS>732; highly sensitive: DFS>732 days): moderately sensitive,523,1955,DOD,"Jolanta Kupryjańczyk, COI-Warsaw",1,ul. Wybrzeże Armii Krajowej 15,Gliwice,Poland,Center for Translational Research  and Molecular Biology of Cancer,klisowska@io.gliwice.pl,"MSC Memorial Cancer Center and Institute of Oncology, Gliwice Branch","Katarzyna,Marta,Lisowska",44-101,The data were analyzed with Bioconductor and rma package with default normalization parameters settings,54675,Total RNA was isolated using Rneasy Mini Kit (Qiagen) according to the manufacturer's instructions.,16 ug of fragmented cRNA were hybridized for 16 hr at 45ͦC on HG U133 Plus 2.0 Gene Chip oligonucleotide arrays (Affymetrix). GeneChips were washed and stained in the Affymetrix Fluidics Station 400.,biotin,Total RNA (8 ug) was used for synthesis of double stranded cDNA according to manufacturer's instructions. Biotinylated cRNA was synthesized with the BioArray High Yield RNA Transcript Labeling Kit (Enzo Diagnostics).,Dec 10 2014,total RNA,GeneChips were scanned using the GeneChip Scanner 3000 (Affymetrix),Public on Dec 06 2014,Dec 05 2014,ftp://ftp.ncbi.nlm.nih.gov/geo/samples/GSM1559nnn/GSM1559354/suppl/GSM1559354_P130.CEL.gz,9606,RNA
GSM1559355,ovarian cancer surgical sample T610,frozen surgical sample of serous ovarian cancer; BRCA1-mutated; p53-mutated,gene expression data from serous ovarian cancer,GPL570,Homo sapiens,surgical tumor sample,serous ovarian ca.,taxane/platinum,3875del4,mutation,accumulation,G3,IIIA,R1,CR,DFS<180 days; moderately sensitive: 180>DFS>732; highly sensitive: DFS>732 days): moderately sensitive,525,1092,DOD,"Jolanta Kupryjańczyk, COI-Warsaw",1,ul. Wybrzeże Armii Krajowej 15,Gliwice,Poland,Center for Translational Research  and Molecular Biology of Cancer,klisowska@io.gliwice.pl,"MSC Memorial Cancer Center and Institute of Oncology, Gliwice Branch","Katarzyna,Marta,Lisowska",44-101,The data were analyzed with Bioconductor and rma package with default normalization parameters settings,54675,Total RNA was isolated using Rneasy Mini Kit (Qiagen) according to the manufacturer's instructions.,16 ug of fragmented cRNA were hybridized for 16 hr at 45ͦC on HG U133 Plus 2.0 Gene Chip oligonucleotide arrays (Affymetrix). GeneChips were washed and stained in the Affymetrix Fluidics Station 400.,biotin,Total RNA (8 ug) was used for synthesis of double stranded cDNA according to manufacturer's instructions. Biotinylated cRNA was synthesized with the BioArray High Yield RNA Transcript Labeling Kit (Enzo Diagnostics).,Dec 10 2014,total RNA,GeneChips were scanned using the GeneChip Scanner 3000 (Affymetrix),Public on Dec 06 2014,Dec 05 2014,ftp://ftp.ncbi.nlm.nih.gov/geo/samples/GSM1559nnn/GSM1559355/suppl/GSM1559355_T610.CEL.gz,9606,RNA
GSM1559356,ovarian cancer surgical sample P115,frozen surgical sample of serous ovarian cancer; p53-mutated,gene expression data from serous ovarian cancer,GPL570,Homo sapiens,surgical tumor sample,serous ovarian ca.,platinum/cyclophosphamide,no mutation,mutation,accumulation,G3,IIIB,R0,CR,DFS<180 days; moderately sensitive: 180>DFS>732; highly sensitive: DFS>732 days): moderately sensitive,528,2351,DOD,"Jolanta Kupryjańczyk, COI-Warsaw",1,ul. Wybrzeże Armii Krajowej 15,Gliwice,Poland,Center for Translational Research  and Molecular Biology of Cancer,klisowska@io.gliwice.pl,"MSC Memorial Cancer Center and Institute of Oncology, Gliwice Branch","Katarzyna,Marta,Lisowska",44-101,The data were analyzed with Bioconductor and rma package with default normalization parameters settings,54675,Total RNA was isolated using Rneasy Mini Kit (Qiagen) according to the manufacturer's instructions.,16 ug of fragmented cRNA were hybridized for 16 hr at 45ͦC on HG U133 Plus 2.0 Gene Chip oligonucleotide arrays (Affymetrix). GeneChips were washed and stained in the Affymetrix Fluidics Station 400.,biotin,Total RNA (8 ug) was used for synthesis of double stranded cDNA according to manufacturer's instructions. Biotinylated cRNA was synthesized with the BioArray High Yield RNA Transcript Labeling Kit (Enzo Diagnostics).,Dec 10 2014,total RNA,GeneChips were scanned using the GeneChip Scanner 3000 (Affymetrix),Public on Dec 06 2014,Dec 05 2014,ftp://ftp.ncbi.nlm.nih.gov/geo/samples/GSM1559nnn/GSM1559356/suppl/GSM1559356_P115.CEL.gz,9606,RNA
GSM1559357,ovarian cancer surgical sample P251,frozen surgical sample of serous ovarian cancer; p53-mutated,gene expression data from serous ovarian cancer,GPL570,Homo sapiens,surgical tumor sample,serous ovarian ca.,platinum/cyclophosphamide,no mutation,mutation,accumulation,G3,IIIB,R0,CR,DFS<180 days; moderately sensitive: 180>DFS>732; highly sensitive: DFS>732 days): moderately sensitive,578,1600,DOD,"Jolanta Kupryjańczyk, COI-Warsaw",1,ul. Wybrzeże Armii Krajowej 15,Gliwice,Poland,Center for Translational Research  and Molecular Biology of Cancer,klisowska@io.gliwice.pl,"MSC Memorial Cancer Center and Institute of Oncology, Gliwice Branch","Katarzyna,Marta,Lisowska",44-101,The data were analyzed with Bioconductor and rma package with default normalization parameters settings,54675,Total RNA was isolated using Rneasy Mini Kit (Qiagen) according to the manufacturer's instructions.,16 ug of fragmented cRNA were hybridized for 16 hr at 45ͦC on HG U133 Plus 2.0 Gene Chip oligonucleotide arrays (Affymetrix). GeneChips were washed and stained in the Affymetrix Fluidics Station 400.,biotin,Total RNA (8 ug) was used for synthesis of double stranded cDNA according to manufacturer's instructions. Biotinylated cRNA was synthesized with the BioArray High Yield RNA Transcript Labeling Kit (Enzo Diagnostics).,Dec 10 2014,total RNA,GeneChips were scanned using the GeneChip Scanner 3000 (Affymetrix),Public on Dec 06 2014,Dec 05 2014,ftp://ftp.ncbi.nlm.nih.gov/geo/samples/GSM1559nnn/GSM1559357/suppl/GSM1559357_P251.CEL.gz,9606,RNA
GSM1559358,ovarian cancer surgical sample P270,frozen surgical sample of serous ovarian cancer,gene expression data from serous ovarian cancer,GPL570,Homo sapiens,surgical tumor sample,serous ovarian ca.,platinum/cyclophosphamide,no mutation,no mutation,no accumulation,G2,IIIC,R0,CR,DFS<180 days; moderately sensitive: 180>DFS>732; highly sensitive: DFS>732 days): moderately sensitive,623,4080,AWD,"Jolanta Kupryjańczyk, COI-Warsaw",1,ul. Wybrzeże Armii Krajowej 15,Gliwice,Poland,Center for Translational Research  and Molecular Biology of Cancer,klisowska@io.gliwice.pl,"MSC Memorial Cancer Center and Institute of Oncology, Gliwice Branch","Katarzyna,Marta,Lisowska",44-101,The data were analyzed with Bioconductor and rma package with default normalization parameters settings,54675,Total RNA was isolated using Rneasy Mini Kit (Qiagen) according to the manufacturer's instructions.,16 ug of fragmented cRNA were hybridized for 16 hr at 45ͦC on HG U133 Plus 2.0 Gene Chip oligonucleotide arrays (Affymetrix). GeneChips were washed and stained in the Affymetrix Fluidics Station 400.,biotin,Total RNA (8 ug) was used for synthesis of double stranded cDNA according to manufacturer's instructions. Biotinylated cRNA was synthesized with the BioArray High Yield RNA Transcript Labeling Kit (Enzo Diagnostics).,Dec 10 2014,total RNA,GeneChips were scanned using the GeneChip Scanner 3000 (Affymetrix),Public on Dec 06 2014,Dec 05 2014,ftp://ftp.ncbi.nlm.nih.gov/geo/samples/GSM1559nnn/GSM1559358/suppl/GSM1559358_P270.CEL.gz,9606,RNA
GSM1559359,ovarian cancer surgical sample P280,frozen surgical sample of serous ovarian cancer; p53-mutated,gene expression data from serous ovarian cancer,GPL570,Homo sapiens,surgical tumor sample,serous ovarian ca.,platinum/cyclophosphamide,no mutation,mutation,accumulation,G3,IIIC,R1,CR,DFS<180 days; moderately sensitive: 180>DFS>732; highly sensitive: DFS>732 days): moderately sensitive,707,1583,DOD,"Jolanta Kupryjańczyk, COI-Warsaw",1,ul. Wybrzeże Armii Krajowej 15,Gliwice,Poland,Center for Translational Research  and Molecular Biology of Cancer,klisowska@io.gliwice.pl,"MSC Memorial Cancer Center and Institute of Oncology, Gliwice Branch","Katarzyna,Marta,Lisowska",44-101,The data were analyzed with Bioconductor and rma package with default normalization parameters settings,54675,Total RNA was isolated using Rneasy Mini Kit (Qiagen) according to the manufacturer's instructions.,16 ug of fragmented cRNA were hybridized for 16 hr at 45ͦC on HG U133 Plus 2.0 Gene Chip oligonucleotide arrays (Affymetrix). GeneChips were washed and stained in the Affymetrix Fluidics Station 400.,biotin,Total RNA (8 ug) was used for synthesis of double stranded cDNA according to manufacturer's instructions. Biotinylated cRNA was synthesized with the BioArray High Yield RNA Transcript Labeling Kit (Enzo Diagnostics).,Dec 10 2014,total RNA,GeneChips were scanned using the GeneChip Scanner 3000 (Affymetrix),Public on Dec 06 2014,Dec 05 2014,ftp://ftp.ncbi.nlm.nih.gov/geo/samples/GSM1559nnn/GSM1559359/suppl/GSM1559359_P280.CEL.gz,9606,RNA
GSM1559360,ovarian cancer surgical sample T431,frozen surgical sample of serous ovarian cancer; BRCA1-mutated; p53-mutated,gene expression data from serous ovarian cancer,GPL570,Homo sapiens,surgical tumor sample,serous ovarian ca.,taxane/platinum,5382insC,mutation,accumulation,G4,IIIC,R1,CR,DFS<180 days; moderately sensitive: 180>DFS>732; highly sensitive: DFS>732 days): moderately sensitive,730,2079,DOD,"Jolanta Kupryjańczyk, COI-Warsaw",1,ul. Wybrzeże Armii Krajowej 15,Gliwice,Poland,Center for Translational Research  and Molecular Biology of Cancer,klisowska@io.gliwice.pl,"MSC Memorial Cancer Center and Institute of Oncology, Gliwice Branch","Katarzyna,Marta,Lisowska",44-101,The data were analyzed with Bioconductor and rma package with default normalization parameters settings,54675,Total RNA was isolated using Rneasy Mini Kit (Qiagen) according to the manufacturer's instructions.,16 ug of fragmented cRNA were hybridized for 16 hr at 45ͦC on HG U133 Plus 2.0 Gene Chip oligonucleotide arrays (Affymetrix). GeneChips were washed and stained in the Affymetrix Fluidics Station 400.,biotin,Total RNA (8 ug) was used for synthesis of double stranded cDNA according to manufacturer's instructions. Biotinylated cRNA was synthesized with the BioArray High Yield RNA Transcript Labeling Kit (Enzo Diagnostics).,Dec 10 2014,total RNA,GeneChips were scanned using the GeneChip Scanner 3000 (Affymetrix),Public on Dec 06 2014,Dec 05 2014,ftp://ftp.ncbi.nlm.nih.gov/geo/samples/GSM1559nnn/GSM1559360/suppl/GSM1559360_T431.CEL.gz,9606,RNA
GSM1559361,ovarian cancer surgical sample T314,frozen surgical sample of serous ovarian cancer; p53-mutated,gene expression data from serous ovarian cancer,GPL570,Homo sapiens,surgical tumor sample,serous ovarian ca.,taxane/platinum,no mutation,mutation,accumulation,G3,IIIC,R1,CR,DFS<180 days; moderately sensitive: 180>DFS>732; highly sensitive: DFS>732 days): highly sensitive,753,1255,DOD,"Jolanta Kupryjańczyk, COI-Warsaw",1,ul. Wybrzeże Armii Krajowej 15,Gliwice,Poland,Center for Translational Research  and Molecular Biology of Cancer,klisowska@io.gliwice.pl,"MSC Memorial Cancer Center and Institute of Oncology, Gliwice Branch","Katarzyna,Marta,Lisowska",44-101,The data were analyzed with Bioconductor and rma package with default normalization parameters settings,54675,Total RNA was isolated using Rneasy Mini Kit (Qiagen) according to the manufacturer's instructions.,16 ug of fragmented cRNA were hybridized for 16 hr at 45ͦC on HG U133 Plus 2.0 Gene Chip oligonucleotide arrays (Affymetrix). GeneChips were washed and stained in the Affymetrix Fluidics Station 400.,biotin,Total RNA (8 ug) was used for synthesis of double stranded cDNA according to manufacturer's instructions. Biotinylated cRNA was synthesized with the BioArray High Yield RNA Transcript Labeling Kit (Enzo Diagnostics).,Dec 10 2014,total RNA,GeneChips were scanned using the GeneChip Scanner 3000 (Affymetrix),Public on Dec 06 2014,Dec 05 2014,ftp://ftp.ncbi.nlm.nih.gov/geo/samples/GSM1559nnn/GSM1559361/suppl/GSM1559361_T314.CEL.gz,9606,RNA
GSM1559362,ovarian cancer surgical sample T328,frozen surgical sample of serous ovarian cancer; BRCA1-mutated; p53-mutated,gene expression data from serous ovarian cancer,GPL570,Homo sapiens,surgical tumor sample,serous ovarian ca.,taxane/platinum,5382insC,mutation,no accumulation,G3,IIIA,R0,CR,DFS<180 days; moderately sensitive: 180>DFS>732; highly sensitive: DFS>732 days): highly sensitive,766,2592,AWD,"Jolanta Kupryjańczyk, COI-Warsaw",1,ul. Wybrzeże Armii Krajowej 15,Gliwice,Poland,Center for Translational Research  and Molecular Biology of Cancer,klisowska@io.gliwice.pl,"MSC Memorial Cancer Center and Institute of Oncology, Gliwice Branch","Katarzyna,Marta,Lisowska",44-101,The data were analyzed with Bioconductor and rma package with default normalization parameters settings,54675,Total RNA was isolated using Rneasy Mini Kit (Qiagen) according to the manufacturer's instructions.,16 ug of fragmented cRNA were hybridized for 16 hr at 45ͦC on HG U133 Plus 2.0 Gene Chip oligonucleotide arrays (Affymetrix). GeneChips were washed and stained in the Affymetrix Fluidics Station 400.,biotin,Total RNA (8 ug) was used for synthesis of double stranded cDNA according to manufacturer's instructions. Biotinylated cRNA was synthesized with the BioArray High Yield RNA Transcript Labeling Kit (Enzo Diagnostics).,Dec 10 2014,total RNA,GeneChips were scanned using the GeneChip Scanner 3000 (Affymetrix),Public on Dec 06 2014,Dec 05 2014,ftp://ftp.ncbi.nlm.nih.gov/geo/samples/GSM1559nnn/GSM1559362/suppl/GSM1559362_T328.CEL.gz,9606,RNA
GSM1559363,ovarian cancer surgical sample T172,frozen surgical sample of undifferentiated ovarian cancer; BRCA1-mutated; p53-mutated,gene expression data from undifferentiated ovarian cancer,GPL570,Homo sapiens,surgical tumor sample,undifferentiated ovarian ca.,taxane/platinum,5382insC,mutation,accumulation,G4,IIIA,R1,CR,DFS<180 days; moderately sensitive: 180>DFS>732; highly sensitive: DFS>732 days): highly sensitive,807,1253,DOD,"Jolanta Kupryjańczyk, COI-Warsaw",1,ul. Wybrzeże Armii Krajowej 15,Gliwice,Poland,Center for Translational Research  and Molecular Biology of Cancer,klisowska@io.gliwice.pl,"MSC Memorial Cancer Center and Institute of Oncology, Gliwice Branch","Katarzyna,Marta,Lisowska",44-101,The data were analyzed with Bioconductor and rma package with default normalization parameters settings,54675,Total RNA was isolated using Rneasy Mini Kit (Qiagen) according to the manufacturer's instructions.,16 ug of fragmented cRNA were hybridized for 16 hr at 45ͦC on HG U133 Plus 2.0 Gene Chip oligonucleotide arrays (Affymetrix). GeneChips were washed and stained in the Affymetrix Fluidics Station 400.,biotin,Total RNA (8 ug) was used for synthesis of double stranded cDNA according to manufacturer's instructions. Biotinylated cRNA was synthesized with the BioArray High Yield RNA Transcript Labeling Kit (Enzo Diagnostics).,Dec 10 2014,total RNA,GeneChips were scanned using the GeneChip Scanner 3000 (Affymetrix),Public on Dec 06 2014,Dec 05 2014,ftp://ftp.ncbi.nlm.nih.gov/geo/samples/GSM1559nnn/GSM1559363/suppl/GSM1559363_T172.CEL.gz,9606,RNA
GSM1559364,ovarian cancer surgical sample P37,frozen surgical sample of serous ovarian cancer,gene expression data from serous ovarian cancer,GPL570,Homo sapiens,surgical tumor sample,serous ovarian ca.,platinum/cyclophosphamide,no mutation,no mutation,no accumulation,G2,IIIC,R1,CR,DFS<180 days; moderately sensitive: 180>DFS>732; highly sensitive: DFS>732 days): highly sensitive,815,2320,DOD,"Jolanta Kupryjańczyk, COI-Warsaw",1,ul. Wybrzeże Armii Krajowej 15,Gliwice,Poland,Center for Translational Research  and Molecular Biology of Cancer,klisowska@io.gliwice.pl,"MSC Memorial Cancer Center and Institute of Oncology, Gliwice Branch","Katarzyna,Marta,Lisowska",44-101,The data were analyzed with Bioconductor and rma package with default normalization parameters settings,54675,Total RNA was isolated using Rneasy Mini Kit (Qiagen) according to the manufacturer's instructions.,16 ug of fragmented cRNA were hybridized for 16 hr at 45ͦC on HG U133 Plus 2.0 Gene Chip oligonucleotide arrays (Affymetrix). GeneChips were washed and stained in the Affymetrix Fluidics Station 400.,biotin,Total RNA (8 ug) was used for synthesis of double stranded cDNA according to manufacturer's instructions. Biotinylated cRNA was synthesized with the BioArray High Yield RNA Transcript Labeling Kit (Enzo Diagnostics).,Dec 10 2014,total RNA,GeneChips were scanned using the GeneChip Scanner 3000 (Affymetrix),Public on Dec 06 2014,Dec 05 2014,ftp://ftp.ncbi.nlm.nih.gov/geo/samples/GSM1559nnn/GSM1559364/suppl/GSM1559364_P37.CEL.gz,9606,RNA
GSM1559365,ovarian cancer surgical sample T374,frozen surgical sample of serous ovarian cancer; p53-mutated,gene expression data from serous ovarian cancer,GPL570,Homo sapiens,surgical tumor sample,serous ovarian ca.,taxane/platinum,no mutation,mutation,accumulation,G2,IIIC,R0,CR,DFS<180 days; moderately sensitive: 180>DFS>732; highly sensitive: DFS>732 days): highly sensitive,950,1997,DOD,"Jolanta Kupryjańczyk, COI-Warsaw",1,ul. Wybrzeże Armii Krajowej 15,Gliwice,Poland,Center for Translational Research  and Molecular Biology of Cancer,klisowska@io.gliwice.pl,"MSC Memorial Cancer Center and Institute of Oncology, Gliwice Branch","Katarzyna,Marta,Lisowska",44-101,The data were analyzed with Bioconductor and rma package with default normalization parameters settings,54675,Total RNA was isolated using Rneasy Mini Kit (Qiagen) according to the manufacturer's instructions.,16 ug of fragmented cRNA were hybridized for 16 hr at 45ͦC on HG U133 Plus 2.0 Gene Chip oligonucleotide arrays (Affymetrix). GeneChips were washed and stained in the Affymetrix Fluidics Station 400.,biotin,Total RNA (8 ug) was used for synthesis of double stranded cDNA according to manufacturer's instructions. Biotinylated cRNA was synthesized with the BioArray High Yield RNA Transcript Labeling Kit (Enzo Diagnostics).,Dec 10 2014,total RNA,GeneChips were scanned using the GeneChip Scanner 3000 (Affymetrix),Public on Dec 06 2014,Dec 05 2014,ftp://ftp.ncbi.nlm.nih.gov/geo/samples/GSM1559nnn/GSM1559365/suppl/GSM1559365_T374.CEL.gz,9606,RNA
GSM1559366,ovarian cancer surgical sample T206,frozen surgical sample of serous ovarian cancer; p53-mutated,gene expression data from serous ovarian cancer,GPL570,Homo sapiens,surgical tumor sample,serous ovarian ca.,taxane/platinum,no mutation,mutation,accumulation,G3,IIIC,R2,CR,DFS<180 days; moderately sensitive: 180>DFS>732; highly sensitive: DFS>732 days): highly sensitive,1115,1849,DOD,"Jolanta Kupryjańczyk, COI-Warsaw",1,ul. Wybrzeże Armii Krajowej 15,Gliwice,Poland,Center for Translational Research  and Molecular Biology of Cancer,klisowska@io.gliwice.pl,"MSC Memorial Cancer Center and Institute of Oncology, Gliwice Branch","Katarzyna,Marta,Lisowska",44-101,The data were analyzed with Bioconductor and rma package with default normalization parameters settings,54675,Total RNA was isolated using Rneasy Mini Kit (Qiagen) according to the manufacturer's instructions.,16 ug of fragmented cRNA were hybridized for 16 hr at 45ͦC on HG U133 Plus 2.0 Gene Chip oligonucleotide arrays (Affymetrix). GeneChips were washed and stained in the Affymetrix Fluidics Station 400.,biotin,Total RNA (8 ug) was used for synthesis of double stranded cDNA according to manufacturer's instructions. Biotinylated cRNA was synthesized with the BioArray High Yield RNA Transcript Labeling Kit (Enzo Diagnostics).,Dec 10 2014,total RNA,GeneChips were scanned using the GeneChip Scanner 3000 (Affymetrix),Public on Dec 06 2014,Dec 05 2014,ftp://ftp.ncbi.nlm.nih.gov/geo/samples/GSM1559nnn/GSM1559366/suppl/GSM1559366_T206.CEL.gz,9606,RNA
GSM1559367,ovarian cancer surgical sample P112,frozen surgical sample of serous ovarian cancer; p53-mutated,gene expression data from serous ovarian cancer,GPL570,Homo sapiens,surgical tumor sample,serous ovarian ca.,platinum/cyclophosphamide,no mutation,mutation,accumulation,G3,IIIC,R1,CR,DFS<180 days; moderately sensitive: 180>DFS>732; highly sensitive: DFS>732 days): highly sensitive,1429,1847,DOD,"Jolanta Kupryjańczyk, COI-Warsaw",1,ul. Wybrzeże Armii Krajowej 15,Gliwice,Poland,Center for Translational Research  and Molecular Biology of Cancer,klisowska@io.gliwice.pl,"MSC Memorial Cancer Center and Institute of Oncology, Gliwice Branch","Katarzyna,Marta,Lisowska",44-101,The data were analyzed with Bioconductor and rma package with default normalization parameters settings,54675,Total RNA was isolated using Rneasy Mini Kit (Qiagen) according to the manufacturer's instructions.,16 ug of fragmented cRNA were hybridized for 16 hr at 45ͦC on HG U133 Plus 2.0 Gene Chip oligonucleotide arrays (Affymetrix). GeneChips were washed and stained in the Affymetrix Fluidics Station 400.,biotin,Total RNA (8 ug) was used for synthesis of double stranded cDNA according to manufacturer's instructions. Biotinylated cRNA was synthesized with the BioArray High Yield RNA Transcript Labeling Kit (Enzo Diagnostics).,Dec 10 2014,total RNA,GeneChips were scanned using the GeneChip Scanner 3000 (Affymetrix),Public on Dec 06 2014,Dec 05 2014,ftp://ftp.ncbi.nlm.nih.gov/geo/samples/GSM1559nnn/GSM1559367/suppl/GSM1559367_P112.CEL.gz,9606,RNA
GSM1559368,ovarian cancer surgical sample T300,frozen surgical sample of serous ovarian cancer; BRCA1-mutated; p53-mutated,gene expression data from serous ovarian cancer,GPL570,Homo sapiens,surgical tumor sample,serous ovarian ca.,taxane/platinum,5382insC,mutation,accumulation,G3,IIIC,R0,CR,DFS<180 days; moderately sensitive: 180>DFS>732; highly sensitive: DFS>732 days): highly sensitive,1450,2346,DOD,"Jolanta Kupryjańczyk, COI-Warsaw",1,ul. Wybrzeże Armii Krajowej 15,Gliwice,Poland,Center for Translational Research  and Molecular Biology of Cancer,klisowska@io.gliwice.pl,"MSC Memorial Cancer Center and Institute of Oncology, Gliwice Branch","Katarzyna,Marta,Lisowska",44-101,The data were analyzed with Bioconductor and rma package with default normalization parameters settings,54675,Total RNA was isolated using Rneasy Mini Kit (Qiagen) according to the manufacturer's instructions.,16 ug of fragmented cRNA were hybridized for 16 hr at 45ͦC on HG U133 Plus 2.0 Gene Chip oligonucleotide arrays (Affymetrix). GeneChips were washed and stained in the Affymetrix Fluidics Station 400.,biotin,Total RNA (8 ug) was used for synthesis of double stranded cDNA according to manufacturer's instructions. Biotinylated cRNA was synthesized with the BioArray High Yield RNA Transcript Labeling Kit (Enzo Diagnostics).,Dec 10 2014,total RNA,GeneChips were scanned using the GeneChip Scanner 3000 (Affymetrix),Public on Dec 06 2014,Dec 05 2014,ftp://ftp.ncbi.nlm.nih.gov/geo/samples/GSM1559nnn/GSM1559368/suppl/GSM1559368_T300.CEL.gz,9606,RNA
GSM1559369,ovarian cancer surgical sample P50,frozen surgical sample of serous ovarian cancer; p53-mutated,gene expression data from serous ovarian cancer,GPL570,Homo sapiens,surgical tumor sample,serous ovarian ca.,platinum/cyclophosphamide,no mutation,mutation,accumulation,G3,IIIB,R0,CR,DFS<180 days; moderately sensitive: 180>DFS>732; highly sensitive: DFS>732 days): highly sensitive,1468,3750,DOD,"Jolanta Kupryjańczyk, COI-Warsaw",1,ul. Wybrzeże Armii Krajowej 15,Gliwice,Poland,Center for Translational Research  and Molecular Biology of Cancer,klisowska@io.gliwice.pl,"MSC Memorial Cancer Center and Institute of Oncology, Gliwice Branch","Katarzyna,Marta,Lisowska",44-101,The data were analyzed with Bioconductor and rma package with default normalization parameters settings,54675,Total RNA was isolated using Rneasy Mini Kit (Qiagen) according to the manufacturer's instructions.,16 ug of fragmented cRNA were hybridized for 16 hr at 45ͦC on HG U133 Plus 2.0 Gene Chip oligonucleotide arrays (Affymetrix). GeneChips were washed and stained in the Affymetrix Fluidics Station 400.,biotin,Total RNA (8 ug) was used for synthesis of double stranded cDNA according to manufacturer's instructions. Biotinylated cRNA was synthesized with the BioArray High Yield RNA Transcript Labeling Kit (Enzo Diagnostics).,Dec 10 2014,total RNA,GeneChips were scanned using the GeneChip Scanner 3000 (Affymetrix),Public on Dec 06 2014,Dec 05 2014,ftp://ftp.ncbi.nlm.nih.gov/geo/samples/GSM1559nnn/GSM1559369/suppl/GSM1559369_P50.CEL.gz,9606,RNA
GSM1559370,ovarian cancer surgical sample P278,frozen surgical sample of serous ovarian cancer; p53-mutated,gene expression data from serous ovarian cancer,GPL570,Homo sapiens,surgical tumor sample,serous ovarian ca.,platinum/cyclophosphamide,no mutation,mutation,no accumulation,G3,IIIC,R2,CR,DFS<180 days; moderately sensitive: 180>DFS>732; highly sensitive: DFS>732 days): highly sensitive,1527,2797,DOD,"Jolanta Kupryjańczyk, COI-Warsaw",1,ul. Wybrzeże Armii Krajowej 15,Gliwice,Poland,Center for Translational Research  and Molecular Biology of Cancer,klisowska@io.gliwice.pl,"MSC Memorial Cancer Center and Institute of Oncology, Gliwice Branch","Katarzyna,Marta,Lisowska",44-101,The data were analyzed with Bioconductor and rma package with default normalization parameters settings,54675,Total RNA was isolated using Rneasy Mini Kit (Qiagen) according to the manufacturer's instructions.,16 ug of fragmented cRNA were hybridized for 16 hr at 45ͦC on HG U133 Plus 2.0 Gene Chip oligonucleotide arrays (Affymetrix). GeneChips were washed and stained in the Affymetrix Fluidics Station 400.,biotin,Total RNA (8 ug) was used for synthesis of double stranded cDNA according to manufacturer's instructions. Biotinylated cRNA was synthesized with the BioArray High Yield RNA Transcript Labeling Kit (Enzo Diagnostics).,Dec 10 2014,total RNA,GeneChips were scanned using the GeneChip Scanner 3000 (Affymetrix),Public on Dec 06 2014,Dec 05 2014,ftp://ftp.ncbi.nlm.nih.gov/geo/samples/GSM1559nnn/GSM1559370/suppl/GSM1559370_P278.CEL.gz,9606,RNA
GSM1559371,ovarian cancer surgical sample T322,frozen surgical sample of serous ovarian cancer; BRCA1-mutated; p53-mutated,gene expression data from serous ovarian cancer,GPL570,Homo sapiens,surgical tumor sample,serous ovarian ca.,taxane/platinum,5382insC,mutation,accumulation,G3,IIB,R0,CR,DFS<180 days; moderately sensitive: 180>DFS>732; highly sensitive: DFS>732 days): highly sensitive,1579,3145,NED,"Jolanta Kupryjańczyk, COI-Warsaw",1,ul. Wybrzeże Armii Krajowej 15,Gliwice,Poland,Center for Translational Research  and Molecular Biology of Cancer,klisowska@io.gliwice.pl,"MSC Memorial Cancer Center and Institute of Oncology, Gliwice Branch","Katarzyna,Marta,Lisowska",44-101,The data were analyzed with Bioconductor and rma package with default normalization parameters settings,54675,Total RNA was isolated using Rneasy Mini Kit (Qiagen) according to the manufacturer's instructions.,16 ug of fragmented cRNA were hybridized for 16 hr at 45ͦC on HG U133 Plus 2.0 Gene Chip oligonucleotide arrays (Affymetrix). GeneChips were washed and stained in the Affymetrix Fluidics Station 400.,biotin,Total RNA (8 ug) was used for synthesis of double stranded cDNA according to manufacturer's instructions. Biotinylated cRNA was synthesized with the BioArray High Yield RNA Transcript Labeling Kit (Enzo Diagnostics).,Dec 10 2014,total RNA,GeneChips were scanned using the GeneChip Scanner 3000 (Affymetrix),Public on Dec 06 2014,Dec 05 2014,ftp://ftp.ncbi.nlm.nih.gov/geo/samples/GSM1559nnn/GSM1559371/suppl/GSM1559371_T322.CEL.gz,9606,RNA
GSM1559372,ovarian cancer surgical sample P266,frozen surgical sample of serous ovarian cancer; p53-mutated,gene expression data from serous ovarian cancer,GPL570,Homo sapiens,surgical tumor sample,serous ovarian ca.,platinum/cyclophosphamide,no mutation,mutation,accumulation,G3,IIIC,R2,CR,DFS<180 days; moderately sensitive: 180>DFS>732; highly sensitive: DFS>732 days): highly sensitive,2521,2801,NED,"Jolanta Kupryjańczyk, COI-Warsaw",1,ul. Wybrzeże Armii Krajowej 15,Gliwice,Poland,Center for Translational Research  and Molecular Biology of Cancer,klisowska@io.gliwice.pl,"MSC Memorial Cancer Center and Institute of Oncology, Gliwice Branch","Katarzyna,Marta,Lisowska",44-101,The data were analyzed with Bioconductor and rma package with default normalization parameters settings,54675,Total RNA was isolated using Rneasy Mini Kit (Qiagen) according to the manufacturer's instructions.,16 ug of fragmented cRNA were hybridized for 16 hr at 45ͦC on HG U133 Plus 2.0 Gene Chip oligonucleotide arrays (Affymetrix). GeneChips were washed and stained in the Affymetrix Fluidics Station 400.,biotin,Total RNA (8 ug) was used for synthesis of double stranded cDNA according to manufacturer's instructions. Biotinylated cRNA was synthesized with the BioArray High Yield RNA Transcript Labeling Kit (Enzo Diagnostics).,Dec 10 2014,total RNA,GeneChips were scanned using the GeneChip Scanner 3000 (Affymetrix),Public on Dec 06 2014,Dec 05 2014,ftp://ftp.ncbi.nlm.nih.gov/geo/samples/GSM1559nnn/GSM1559372/suppl/GSM1559372_P266.CEL.gz,9606,RNA
GSM1559373,ovarian cancer surgical sample T286,frozen surgical sample of serous ovarian cancer; p53-mutated,gene expression data from serous ovarian cancer,GPL570,Homo sapiens,surgical tumor sample,serous ovarian ca.,taxane/platinum,no mutation,mutation,accumulation,G2,IIIC,R1,CR,DFS<180 days; moderately sensitive: 180>DFS>732; highly sensitive: DFS>732 days): highly sensitive,3875,4013,NED,"Jolanta Kupryjańczyk, COI-Warsaw",1,ul. Wybrzeże Armii Krajowej 15,Gliwice,Poland,Center for Translational Research  and Molecular Biology of Cancer,klisowska@io.gliwice.pl,"MSC Memorial Cancer Center and Institute of Oncology, Gliwice Branch","Katarzyna,Marta,Lisowska",44-101,The data were analyzed with Bioconductor and rma package with default normalization parameters settings,54675,Total RNA was isolated using Rneasy Mini Kit (Qiagen) according to the manufacturer's instructions.,16 ug of fragmented cRNA were hybridized for 16 hr at 45ͦC on HG U133 Plus 2.0 Gene Chip oligonucleotide arrays (Affymetrix). GeneChips were washed and stained in the Affymetrix Fluidics Station 400.,biotin,Total RNA (8 ug) was used for synthesis of double stranded cDNA according to manufacturer's instructions. Biotinylated cRNA was synthesized with the BioArray High Yield RNA Transcript Labeling Kit (Enzo Diagnostics).,Dec 10 2014,total RNA,GeneChips were scanned using the GeneChip Scanner 3000 (Affymetrix),Public on Dec 06 2014,Dec 05 2014,ftp://ftp.ncbi.nlm.nih.gov/geo/samples/GSM1559nnn/GSM1559373/suppl/GSM1559373_T286.CEL.gz,9606,RNA
GSM1559374,ovarian cancer surgical sample X604,frozen surgical sample of undifferentiated ovarian cancer; BRCA1-mutated; p53-mutated,gene expression data from undifferentiated ovarian cancer,GPL570,Homo sapiens,surgical tumor sample,undifferentiated ovarian ca.,NA,5382insC,mutation,no accumulation,G4,NA,NA,NA,DFS<180 days; moderately sensitive: 180>DFS>732; highly sensitive: DFS>732 days): NA,NA,NA,NA,"Jolanta Kupryjańczyk, COI-Warsaw",1,ul. Wybrzeże Armii Krajowej 15,Gliwice,Poland,Center for Translational Research  and Molecular Biology of Cancer,klisowska@io.gliwice.pl,"MSC Memorial Cancer Center and Institute of Oncology, Gliwice Branch","Katarzyna,Marta,Lisowska",44-101,The data were analyzed with Bioconductor and rma package with default normalization parameters settings,54675,Total RNA was isolated using Rneasy Mini Kit (Qiagen) according to the manufacturer's instructions.,16 ug of fragmented cRNA were hybridized for 16 hr at 45ͦC on HG U133 Plus 2.0 Gene Chip oligonucleotide arrays (Affymetrix). GeneChips were washed and stained in the Affymetrix Fluidics Station 400.,biotin,Total RNA (8 ug) was used for synthesis of double stranded cDNA according to manufacturer's instructions. Biotinylated cRNA was synthesized with the BioArray High Yield RNA Transcript Labeling Kit (Enzo Diagnostics).,Dec 10 2014,total RNA,GeneChips were scanned using the GeneChip Scanner 3000 (Affymetrix),Public on Dec 06 2014,Dec 05 2014,ftp://ftp.ncbi.nlm.nih.gov/geo/samples/GSM1559nnn/GSM1559374/suppl/GSM1559374_X604.CEL.gz,9606,RNA
GSM1559375,ovarian cancer surgical sample X376,frozen surgical sample of serous ovarian cancer; BRCA1-mutated,gene expression data from serous ovarian cancer,GPL570,Homo sapiens,surgical tumor sample,serous ovarian ca.,NA,5382insC,NA,accumulation,G3,NA,NA,NA,DFS<180 days; moderately sensitive: 180>DFS>732; highly sensitive: DFS>732 days): NA,NA,NA,NA,"Jolanta Kupryjańczyk, COI-Warsaw",1,ul. Wybrzeże Armii Krajowej 15,Gliwice,Poland,Center for Translational Research  and Molecular Biology of Cancer,klisowska@io.gliwice.pl,"MSC Memorial Cancer Center and Institute of Oncology, Gliwice Branch","Katarzyna,Marta,Lisowska",44-101,The data were analyzed with Bioconductor and rma package with default normalization parameters settings,54675,Total RNA was isolated using Rneasy Mini Kit (Qiagen) according to the manufacturer's instructions.,16 ug of fragmented cRNA were hybridized for 16 hr at 45ͦC on HG U133 Plus 2.0 Gene Chip oligonucleotide arrays (Affymetrix). GeneChips were washed and stained in the Affymetrix Fluidics Station 400.,biotin,Total RNA (8 ug) was used for synthesis of double stranded cDNA according to manufacturer's instructions. Biotinylated cRNA was synthesized with the BioArray High Yield RNA Transcript Labeling Kit (Enzo Diagnostics).,Dec 10 2014,total RNA,GeneChips were scanned using the GeneChip Scanner 3000 (Affymetrix),Public on Dec 06 2014,Dec 05 2014,ftp://ftp.ncbi.nlm.nih.gov/geo/samples/GSM1559nnn/GSM1559375/suppl/GSM1559375_X376.CEL.gz,9606,RNA
GSM1559376,ovarian cancer surgical sample X101,frozen surgical sample of serous ovarian cancer; BRCA1-mutated,gene expression data from serous ovarian cancer,GPL570,Homo sapiens,surgical tumor sample,serous ovarian ca.,NA,T300G,no mutation,no accumulation,G3,NA,NA,NA,DFS<180 days; moderately sensitive: 180>DFS>732; highly sensitive: DFS>732 days): NA,NA,NA,NA,"Jolanta Kupryjańczyk, COI-Warsaw",1,ul. Wybrzeże Armii Krajowej 15,Gliwice,Poland,Center for Translational Research  and Molecular Biology of Cancer,klisowska@io.gliwice.pl,"MSC Memorial Cancer Center and Institute of Oncology, Gliwice Branch","Katarzyna,Marta,Lisowska",44-101,The data were analyzed with Bioconductor and rma package with default normalization parameters settings,54675,Total RNA was isolated using Rneasy Mini Kit (Qiagen) according to the manufacturer's instructions.,16 ug of fragmented cRNA were hybridized for 16 hr at 45ͦC on HG U133 Plus 2.0 Gene Chip oligonucleotide arrays (Affymetrix). GeneChips were washed and stained in the Affymetrix Fluidics Station 400.,biotin,Total RNA (8 ug) was used for synthesis of double stranded cDNA according to manufacturer's instructions. Biotinylated cRNA was synthesized with the BioArray High Yield RNA Transcript Labeling Kit (Enzo Diagnostics).,Dec 10 2014,total RNA,GeneChips were scanned using the GeneChip Scanner 3000 (Affymetrix),Public on Dec 06 2014,Dec 05 2014,ftp://ftp.ncbi.nlm.nih.gov/geo/samples/GSM1559nnn/GSM1559376/suppl/GSM1559376_X101.CEL.gz,9606,RNA
GSM1559377,ovarian cancer surgical sample G204,"frozen surgical sample of serous ovarian cancer, BRCA1-mutated",gene expression data from serous ovarian cancer,GPL570,Homo sapiens,surgical tumor sample,serous ovarian ca.,NA,185delAG,NA,NA,G2,IV,NA,NA,DFS<180 days; moderately sensitive: 180>DFS>732; highly sensitive: DFS>732 days): NA,NA,NA,NA,"Karolina Ochman, Medical University of Gdańsk",1,ul. Wybrzeże Armii Krajowej 15,Gliwice,Poland,Center for Translational Research  and Molecular Biology of Cancer,klisowska@io.gliwice.pl,"MSC Memorial Cancer Center and Institute of Oncology, Gliwice Branch","Katarzyna,Marta,Lisowska",44-101,The data were analyzed with Bioconductor and rma package with default normalization parameters settings,54675,Total RNA was isolated using Rneasy Mini Kit (Qiagen) according to the manufacturer's instructions.,16 ug of fragmented cRNA were hybridized for 16 hr at 45ͦC on HG U133 Plus 2.0 Gene Chip oligonucleotide arrays (Affymetrix). GeneChips were washed and stained in the Affymetrix Fluidics Station 400.,biotin,Total RNA (8 ug) was used for synthesis of double stranded cDNA according to manufacturer's instructions. Biotinylated cRNA was synthesized with the BioArray High Yield RNA Transcript Labeling Kit (Enzo Diagnostics).,Dec 10 2014,total RNA,GeneChips were scanned using the GeneChip Scanner 3000 (Affymetrix),Public on Dec 06 2014,Dec 05 2014,ftp://ftp.ncbi.nlm.nih.gov/geo/samples/GSM1559nnn/GSM1559377/suppl/GSM1559377_G204.CEL.gz,9606,RNA
GSM1559378,ovarian cancer surgical sample G152,"frozen surgical sample of undifferentiated ovarian cancer, BRCA1-mutated",gene expression data from undifferentiated ovarian cancer,GPL570,Homo sapiens,surgical tumor sample,undifferentiated ovarian ca.,NA,3819del5,NA,NA,G3,IIIC,NA,NA,DFS<180 days; moderately sensitive: 180>DFS>732; highly sensitive: DFS>732 days): NA,NA,NA,NA,"Karolina Ochman, Medical University of Gdańsk",1,ul. Wybrzeże Armii Krajowej 15,Gliwice,Poland,Center for Translational Research  and Molecular Biology of Cancer,klisowska@io.gliwice.pl,"MSC Memorial Cancer Center and Institute of Oncology, Gliwice Branch","Katarzyna,Marta,Lisowska",44-101,The data were analyzed with Bioconductor and rma package with default normalization parameters settings,54675,Total RNA was isolated using Rneasy Mini Kit (Qiagen) according to the manufacturer's instructions.,16 ug of fragmented cRNA were hybridized for 16 hr at 45ͦC on HG U133 Plus 2.0 Gene Chip oligonucleotide arrays (Affymetrix). GeneChips were washed and stained in the Affymetrix Fluidics Station 400.,biotin,Total RNA (8 ug) was used for synthesis of double stranded cDNA according to manufacturer's instructions. Biotinylated cRNA was synthesized with the BioArray High Yield RNA Transcript Labeling Kit (Enzo Diagnostics).,Dec 10 2014,total RNA,GeneChips were scanned using the GeneChip Scanner 3000 (Affymetrix),Public on Dec 06 2014,Dec 05 2014,ftp://ftp.ncbi.nlm.nih.gov/geo/samples/GSM1559nnn/GSM1559378/suppl/GSM1559378_G152.CEL.gz,9606,RNA
GSM1559379,ovarian cancer surgical sample E602,frozen surgical sample of endometrioid ovarian cancer; BRCA1-mutated,gene expression data from endometrioid ovarian cancer,GPL570,Homo sapiens,surgical tumor sample,endometrioid ovarian ca.,NA,4153delA,NA,accumulation,NA,NA,NA,NA,DFS<180 days; moderately sensitive: 180>DFS>732; highly sensitive: DFS>732 days): NA,NA,NA,NA,"Jolanta Kupryjańczyk, COI-Warsaw",1,ul. Wybrzeże Armii Krajowej 15,Gliwice,Poland,Center for Translational Research  and Molecular Biology of Cancer,klisowska@io.gliwice.pl,"MSC Memorial Cancer Center and Institute of Oncology, Gliwice Branch","Katarzyna,Marta,Lisowska",44-101,The data were analyzed with Bioconductor and rma package with default normalization parameters settings,54675,Total RNA was isolated using Rneasy Mini Kit (Qiagen) according to the manufacturer's instructions.,16 ug of fragmented cRNA were hybridized for 16 hr at 45ͦC on HG U133 Plus 2.0 Gene Chip oligonucleotide arrays (Affymetrix). GeneChips were washed and stained in the Affymetrix Fluidics Station 400.,biotin,Total RNA (8 ug) was used for synthesis of double stranded cDNA according to manufacturer's instructions. Biotinylated cRNA was synthesized with the BioArray High Yield RNA Transcript Labeling Kit (Enzo Diagnostics).,Dec 10 2014,total RNA,GeneChips were scanned using the GeneChip Scanner 3000 (Affymetrix),Public on Dec 06 2014,Dec 05 2014,ftp://ftp.ncbi.nlm.nih.gov/geo/samples/GSM1559nnn/GSM1559379/suppl/GSM1559379_E602.CEL.gz,9606,RNA
GSM1559380,ovarian cancer surgical sample E444,frozen surgical sample of endometrioid ovarian cancer,gene expression data from endometrioid ovarian cancer,GPL570,Homo sapiens,surgical tumor sample,endometrioid ovarian ca.,NA,no mutation,NA,no accumulation,NA,NA,NA,NA,DFS<180 days; moderately sensitive: 180>DFS>732; highly sensitive: DFS>732 days): NA,NA,NA,NA,"Jolanta Kupryjańczyk, COI-Warsaw",1,ul. Wybrzeże Armii Krajowej 15,Gliwice,Poland,Center for Translational Research  and Molecular Biology of Cancer,klisowska@io.gliwice.pl,"MSC Memorial Cancer Center and Institute of Oncology, Gliwice Branch","Katarzyna,Marta,Lisowska",44-101,The data were analyzed with Bioconductor and rma package with default normalization parameters settings,54675,Total RNA was isolated using Rneasy Mini Kit (Qiagen) according to the manufacturer's instructions.,16 ug of fragmented cRNA were hybridized for 16 hr at 45ͦC on HG U133 Plus 2.0 Gene Chip oligonucleotide arrays (Affymetrix). GeneChips were washed and stained in the Affymetrix Fluidics Station 400.,biotin,Total RNA (8 ug) was used for synthesis of double stranded cDNA according to manufacturer's instructions. Biotinylated cRNA was synthesized with the BioArray High Yield RNA Transcript Labeling Kit (Enzo Diagnostics).,Dec 10 2014,total RNA,GeneChips were scanned using the GeneChip Scanner 3000 (Affymetrix),Public on Dec 06 2014,Dec 05 2014,ftp://ftp.ncbi.nlm.nih.gov/geo/samples/GSM1559nnn/GSM1559380/suppl/GSM1559380_E444.CEL.gz,9606,RNA
GSM1559381,ovarian cancer surgical sample E436,frozen surgical sample of endometrioid ovarian cancer,gene expression data from endometrioid ovarian cancer,GPL570,Homo sapiens,surgical tumor sample,endometrioid ovarian ca.,NA,no mutation,NA,accumulation,NA,NA,NA,NA,DFS<180 days; moderately sensitive: 180>DFS>732; highly sensitive: DFS>732 days): NA,NA,NA,NA,"Jolanta Kupryjańczyk, COI-Warsaw",1,ul. Wybrzeże Armii Krajowej 15,Gliwice,Poland,Center for Translational Research  and Molecular Biology of Cancer,klisowska@io.gliwice.pl,"MSC Memorial Cancer Center and Institute of Oncology, Gliwice Branch","Katarzyna,Marta,Lisowska",44-101,The data were analyzed with Bioconductor and rma package with default normalization parameters settings,54675,Total RNA was isolated using Rneasy Mini Kit (Qiagen) according to the manufacturer's instructions.,16 ug of fragmented cRNA were hybridized for 16 hr at 45ͦC on HG U133 Plus 2.0 Gene Chip oligonucleotide arrays (Affymetrix). GeneChips were washed and stained in the Affymetrix Fluidics Station 400.,biotin,Total RNA (8 ug) was used for synthesis of double stranded cDNA according to manufacturer's instructions. Biotinylated cRNA was synthesized with the BioArray High Yield RNA Transcript Labeling Kit (Enzo Diagnostics).,Dec 10 2014,total RNA,GeneChips were scanned using the GeneChip Scanner 3000 (Affymetrix),Public on Dec 06 2014,Dec 05 2014,ftp://ftp.ncbi.nlm.nih.gov/geo/samples/GSM1559nnn/GSM1559381/suppl/GSM1559381_E436.CEL.gz,9606,RNA
GSM1559382,ovarian cancer surgical sample E428,frozen surgical sample of endometrioid ovarian cancer,gene expression data from endometrioid ovarian cancer,GPL570,Homo sapiens,surgical tumor sample,endometrioid ovarian ca.,NA,no mutation,NA,no accumulation,NA,NA,NA,NA,DFS<180 days; moderately sensitive: 180>DFS>732; highly sensitive: DFS>732 days): NA,NA,NA,NA,"Jolanta Kupryjańczyk, COI-Warsaw",1,ul. Wybrzeże Armii Krajowej 15,Gliwice,Poland,Center for Translational Research  and Molecular Biology of Cancer,klisowska@io.gliwice.pl,"MSC Memorial Cancer Center and Institute of Oncology, Gliwice Branch","Katarzyna,Marta,Lisowska",44-101,The data were analyzed with Bioconductor and rma package with default normalization parameters settings,54675,Total RNA was isolated using Rneasy Mini Kit (Qiagen) according to the manufacturer's instructions.,16 ug of fragmented cRNA were hybridized for 16 hr at 45ͦC on HG U133 Plus 2.0 Gene Chip oligonucleotide arrays (Affymetrix). GeneChips were washed and stained in the Affymetrix Fluidics Station 400.,biotin,Total RNA (8 ug) was used for synthesis of double stranded cDNA according to manufacturer's instructions. Biotinylated cRNA was synthesized with the BioArray High Yield RNA Transcript Labeling Kit (Enzo Diagnostics).,Dec 10 2014,total RNA,GeneChips were scanned using the GeneChip Scanner 3000 (Affymetrix),Public on Dec 06 2014,Dec 05 2014,ftp://ftp.ncbi.nlm.nih.gov/geo/samples/GSM1559nnn/GSM1559382/suppl/GSM1559382_E428.CEL.gz,9606,RNA
GSM1559383,ovarian cancer surgical sample E309,frozen surgical sample of endometrioid ovarian cancer; BRCA1-mutated,gene expression data from endometrioid ovarian cancer,GPL570,Homo sapiens,surgical tumor sample,endometrioid ovarian ca.,NA,T300G,no mutation,no accumulation,NA,NA,NA,NA,DFS<180 days; moderately sensitive: 180>DFS>732; highly sensitive: DFS>732 days): NA,NA,NA,NA,"Jolanta Kupryjańczyk, COI-Warsaw",1,ul. Wybrzeże Armii Krajowej 15,Gliwice,Poland,Center for Translational Research  and Molecular Biology of Cancer,klisowska@io.gliwice.pl,"MSC Memorial Cancer Center and Institute of Oncology, Gliwice Branch","Katarzyna,Marta,Lisowska",44-101,The data were analyzed with Bioconductor and rma package with default normalization parameters settings,54675,Total RNA was isolated using Rneasy Mini Kit (Qiagen) according to the manufacturer's instructions.,16 ug of fragmented cRNA were hybridized for 16 hr at 45ͦC on HG U133 Plus 2.0 Gene Chip oligonucleotide arrays (Affymetrix). GeneChips were washed and stained in the Affymetrix Fluidics Station 400.,biotin,Total RNA (8 ug) was used for synthesis of double stranded cDNA according to manufacturer's instructions. Biotinylated cRNA was synthesized with the BioArray High Yield RNA Transcript Labeling Kit (Enzo Diagnostics).,Dec 10 2014,total RNA,GeneChips were scanned using the GeneChip Scanner 3000 (Affymetrix),Public on Dec 06 2014,Dec 05 2014,ftp://ftp.ncbi.nlm.nih.gov/geo/samples/GSM1559nnn/GSM1559383/suppl/GSM1559383_E309.CEL.gz,9606,RNA
GSM1559384,ovarian cancer surgical sample E254,frozen surgical sample of endometrioid ovarian cancer; p53-mutated,gene expression data from endometrioid ovarian cancer,GPL570,Homo sapiens,surgical tumor sample,endometrioid ovarian ca.,NA,no mutation,mutation,accumulation,NA,NA,NA,NA,DFS<180 days; moderately sensitive: 180>DFS>732; highly sensitive: DFS>732 days): NA,NA,NA,NA,"Jolanta Kupryjańczyk, COI-Warsaw",1,ul. Wybrzeże Armii Krajowej 15,Gliwice,Poland,Center for Translational Research  and Molecular Biology of Cancer,klisowska@io.gliwice.pl,"MSC Memorial Cancer Center and Institute of Oncology, Gliwice Branch","Katarzyna,Marta,Lisowska",44-101,The data were analyzed with Bioconductor and rma package with default normalization parameters settings,54675,Total RNA was isolated using Rneasy Mini Kit (Qiagen) according to the manufacturer's instructions.,16 ug of fragmented cRNA were hybridized for 16 hr at 45ͦC on HG U133 Plus 2.0 Gene Chip oligonucleotide arrays (Affymetrix). GeneChips were washed and stained in the Affymetrix Fluidics Station 400.,biotin,Total RNA (8 ug) was used for synthesis of double stranded cDNA according to manufacturer's instructions. Biotinylated cRNA was synthesized with the BioArray High Yield RNA Transcript Labeling Kit (Enzo Diagnostics).,Dec 10 2014,total RNA,GeneChips were scanned using the GeneChip Scanner 3000 (Affymetrix),Public on Dec 06 2014,Dec 05 2014,ftp://ftp.ncbi.nlm.nih.gov/geo/samples/GSM1559nnn/GSM1559384/suppl/GSM1559384_E254.CEL.gz,9606,RNA
GSM1559385,ovarian cancer surgical sample E188CA,frozen surgical sample of endometrioid ovarian cancer,gene expression data from endometrioid ovarian cancer,GPL570,Homo sapiens,surgical tumor sample,endometrioid ovarian ca.,NA,no mutation,no mutation,no accumulation,NA,NA,NA,NA,DFS<180 days; moderately sensitive: 180>DFS>732; highly sensitive: DFS>732 days): NA,NA,NA,NA,"Jolanta Kupryjańczyk, COI-Warsaw",1,ul. Wybrzeże Armii Krajowej 15,Gliwice,Poland,Center for Translational Research  and Molecular Biology of Cancer,klisowska@io.gliwice.pl,"MSC Memorial Cancer Center and Institute of Oncology, Gliwice Branch","Katarzyna,Marta,Lisowska",44-101,The data were analyzed with Bioconductor and rma package with default normalization parameters settings,54675,Total RNA was isolated using Rneasy Mini Kit (Qiagen) according to the manufacturer's instructions.,16 ug of fragmented cRNA were hybridized for 16 hr at 45ͦC on HG U133 Plus 2.0 Gene Chip oligonucleotide arrays (Affymetrix). GeneChips were washed and stained in the Affymetrix Fluidics Station 400.,biotin,Total RNA (8 ug) was used for synthesis of double stranded cDNA according to manufacturer's instructions. Biotinylated cRNA was synthesized with the BioArray High Yield RNA Transcript Labeling Kit (Enzo Diagnostics).,Dec 10 2014,total RNA,GeneChips were scanned using the GeneChip Scanner 3000 (Affymetrix),Public on Dec 06 2014,Dec 05 2014,ftp://ftp.ncbi.nlm.nih.gov/geo/samples/GSM1559nnn/GSM1559385/suppl/GSM1559385_E188CA.CEL.gz,9606,RNA
GSM1559386,ovarian cancer surgical sample E188BT,frozen surgical sample of endometrioid ovarian cancer,gene expression data from endometrioid ovarian cancer,GPL570,Homo sapiens,surgical tumor sample,endometrioid ovarian ca.,NA,no mutation,no mutation,no accumulation,NA,NA,NA,NA,DFS<180 days; moderately sensitive: 180>DFS>732; highly sensitive: DFS>732 days): NA,NA,NA,NA,"Jolanta Kupryjańczyk, COI-Warsaw",1,ul. Wybrzeże Armii Krajowej 15,Gliwice,Poland,Center for Translational Research  and Molecular Biology of Cancer,klisowska@io.gliwice.pl,"MSC Memorial Cancer Center and Institute of Oncology, Gliwice Branch","Katarzyna,Marta,Lisowska",44-101,The data were analyzed with Bioconductor and rma package with default normalization parameters settings,54675,Total RNA was isolated using Rneasy Mini Kit (Qiagen) according to the manufacturer's instructions.,16 ug of fragmented cRNA were hybridized for 16 hr at 45ͦC on HG U133 Plus 2.0 Gene Chip oligonucleotide arrays (Affymetrix). GeneChips were washed and stained in the Affymetrix Fluidics Station 400.,biotin,Total RNA (8 ug) was used for synthesis of double stranded cDNA according to manufacturer's instructions. Biotinylated cRNA was synthesized with the BioArray High Yield RNA Transcript Labeling Kit (Enzo Diagnostics).,Dec 10 2014,total RNA,GeneChips were scanned using the GeneChip Scanner 3000 (Affymetrix),Public on Dec 06 2014,Dec 05 2014,ftp://ftp.ncbi.nlm.nih.gov/geo/samples/GSM1559nnn/GSM1559386/suppl/GSM1559386_E188BT.CEL.gz,9606,RNA
GSM1559387,ovarian cancer surgical sample E179,frozen surgical sample of endometrioid ovarian cancer; p53-mutated,gene expression data from endometrioid ovarian cancer,GPL570,Homo sapiens,surgical tumor sample,endometrioid ovarian ca.,NA,no mutation,mutation,accumulation,NA,NA,NA,NA,DFS<180 days; moderately sensitive: 180>DFS>732; highly sensitive: DFS>732 days): NA,NA,NA,NA,"Jolanta Kupryjańczyk, COI-Warsaw",1,ul. Wybrzeże Armii Krajowej 15,Gliwice,Poland,Center for Translational Research  and Molecular Biology of Cancer,klisowska@io.gliwice.pl,"MSC Memorial Cancer Center and Institute of Oncology, Gliwice Branch","Katarzyna,Marta,Lisowska",44-101,The data were analyzed with Bioconductor and rma package with default normalization parameters settings,54675,Total RNA was isolated using Rneasy Mini Kit (Qiagen) according to the manufacturer's instructions.,16 ug of fragmented cRNA were hybridized for 16 hr at 45ͦC on HG U133 Plus 2.0 Gene Chip oligonucleotide arrays (Affymetrix). GeneChips were washed and stained in the Affymetrix Fluidics Station 400.,biotin,Total RNA (8 ug) was used for synthesis of double stranded cDNA according to manufacturer's instructions. Biotinylated cRNA was synthesized with the BioArray High Yield RNA Transcript Labeling Kit (Enzo Diagnostics).,Dec 10 2014,total RNA,GeneChips were scanned using the GeneChip Scanner 3000 (Affymetrix),Public on Dec 06 2014,Dec 05 2014,ftp://ftp.ncbi.nlm.nih.gov/geo/samples/GSM1559nnn/GSM1559387/suppl/GSM1559387_E179.CEL.gz,9606,RNA
GSM1559388,ovarian cancer surgical sample E169,frozen surgical sample of endometrioid ovarian cancer,gene expression data from endometrioid ovarian cancer,GPL570,Homo sapiens,surgical tumor sample,endometrioid ovarian ca.,NA,no mutation,NA,no accumulation,NA,NA,NA,NA,DFS<180 days; moderately sensitive: 180>DFS>732; highly sensitive: DFS>732 days): NA,NA,NA,NA,"Jolanta Kupryjańczyk, COI-Warsaw",1,ul. Wybrzeże Armii Krajowej 15,Gliwice,Poland,Center for Translational Research  and Molecular Biology of Cancer,klisowska@io.gliwice.pl,"MSC Memorial Cancer Center and Institute of Oncology, Gliwice Branch","Katarzyna,Marta,Lisowska",44-101,The data were analyzed with Bioconductor and rma package with default normalization parameters settings,54675,Total RNA was isolated using Rneasy Mini Kit (Qiagen) according to the manufacturer's instructions.,16 ug of fragmented cRNA were hybridized for 16 hr at 45ͦC on HG U133 Plus 2.0 Gene Chip oligonucleotide arrays (Affymetrix). GeneChips were washed and stained in the Affymetrix Fluidics Station 400.,biotin,Total RNA (8 ug) was used for synthesis of double stranded cDNA according to manufacturer's instructions. Biotinylated cRNA was synthesized with the BioArray High Yield RNA Transcript Labeling Kit (Enzo Diagnostics).,Dec 10 2014,total RNA,GeneChips were scanned using the GeneChip Scanner 3000 (Affymetrix),Public on Dec 06 2014,Dec 05 2014,ftp://ftp.ncbi.nlm.nih.gov/geo/samples/GSM1559nnn/GSM1559388/suppl/GSM1559388_E169.CEL.gz,9606,RNA
GSM1559389,ovarian cancer surgical sample E165,frozen surgical sample of undifferentiated ovarian cancer; p53-mutated,gene expression data from undifferentiated ovarian cancer,GPL570,Homo sapiens,surgical tumor sample,undifferentiated ovarian ca.,NA,no mutation,mutation,accumulation,NA,NA,NA,NA,DFS<180 days; moderately sensitive: 180>DFS>732; highly sensitive: DFS>732 days): NA,NA,NA,NA,"Jolanta Kupryjańczyk, COI-Warsaw",1,ul. Wybrzeże Armii Krajowej 15,Gliwice,Poland,Center for Translational Research  and Molecular Biology of Cancer,klisowska@io.gliwice.pl,"MSC Memorial Cancer Center and Institute of Oncology, Gliwice Branch","Katarzyna,Marta,Lisowska",44-101,The data were analyzed with Bioconductor and rma package with default normalization parameters settings,54675,Total RNA was isolated using Rneasy Mini Kit (Qiagen) according to the manufacturer's instructions.,16 ug of fragmented cRNA were hybridized for 16 hr at 45ͦC on HG U133 Plus 2.0 Gene Chip oligonucleotide arrays (Affymetrix). GeneChips were washed and stained in the Affymetrix Fluidics Station 400.,biotin,Total RNA (8 ug) was used for synthesis of double stranded cDNA according to manufacturer's instructions. Biotinylated cRNA was synthesized with the BioArray High Yield RNA Transcript Labeling Kit (Enzo Diagnostics).,Dec 10 2014,total RNA,GeneChips were scanned using the GeneChip Scanner 3000 (Affymetrix),Public on Dec 06 2014,Dec 05 2014,ftp://ftp.ncbi.nlm.nih.gov/geo/samples/GSM1559nnn/GSM1559389/suppl/GSM1559389_E165.CEL.gz,9606,RNA
GSM1559390,ovarian cancer surgical sample E159,frozen surgical sample of endometrioid ovarian cancer,gene expression data from endometrioid ovarian cancer,GPL570,Homo sapiens,surgical tumor sample,endometrioid ovarian ca.,NA,no mutation,no mutation,no accumulation,NA,NA,NA,NA,DFS<180 days; moderately sensitive: 180>DFS>732; highly sensitive: DFS>732 days): NA,NA,NA,NA,"Jolanta Kupryjańczyk, COI-Warsaw",1,ul. Wybrzeże Armii Krajowej 15,Gliwice,Poland,Center for Translational Research  and Molecular Biology of Cancer,klisowska@io.gliwice.pl,"MSC Memorial Cancer Center and Institute of Oncology, Gliwice Branch","Katarzyna,Marta,Lisowska",44-101,The data were analyzed with Bioconductor and rma package with default normalization parameters settings,54675,Total RNA was isolated using Rneasy Mini Kit (Qiagen) according to the manufacturer's instructions.,16 ug of fragmented cRNA were hybridized for 16 hr at 45ͦC on HG U133 Plus 2.0 Gene Chip oligonucleotide arrays (Affymetrix). GeneChips were washed and stained in the Affymetrix Fluidics Station 400.,biotin,Total RNA (8 ug) was used for synthesis of double stranded cDNA according to manufacturer's instructions. Biotinylated cRNA was synthesized with the BioArray High Yield RNA Transcript Labeling Kit (Enzo Diagnostics).,Dec 10 2014,total RNA,GeneChips were scanned using the GeneChip Scanner 3000 (Affymetrix),Public on Dec 06 2014,Dec 05 2014,ftp://ftp.ncbi.nlm.nih.gov/geo/samples/GSM1559nnn/GSM1559390/suppl/GSM1559390_E159.CEL.gz,9606,RNA
GSM1559391,ovarian cancer surgical sample C94,frozen surgical sample of clearcell ovarian cancer,gene expression data from clearcell ovarian cancer,GPL570,Homo sapiens,surgical tumor sample,clearcell ovarian ca.,NA,no mutation,no mutation,no accumulation,NA,NA,NA,NA,DFS<180 days; moderately sensitive: 180>DFS>732; highly sensitive: DFS>732 days): NA,NA,NA,NA,"Jolanta Kupryjańczyk, COI-Warsaw",1,ul. Wybrzeże Armii Krajowej 15,Gliwice,Poland,Center for Translational Research  and Molecular Biology of Cancer,klisowska@io.gliwice.pl,"MSC Memorial Cancer Center and Institute of Oncology, Gliwice Branch","Katarzyna,Marta,Lisowska",44-101,The data were analyzed with Bioconductor and rma package with default normalization parameters settings,54675,Total RNA was isolated using Rneasy Mini Kit (Qiagen) according to the manufacturer's instructions.,16 ug of fragmented cRNA were hybridized for 16 hr at 45ͦC on HG U133 Plus 2.0 Gene Chip oligonucleotide arrays (Affymetrix). GeneChips were washed and stained in the Affymetrix Fluidics Station 400.,biotin,Total RNA (8 ug) was used for synthesis of double stranded cDNA according to manufacturer's instructions. Biotinylated cRNA was synthesized with the BioArray High Yield RNA Transcript Labeling Kit (Enzo Diagnostics).,Dec 10 2014,total RNA,GeneChips were scanned using the GeneChip Scanner 3000 (Affymetrix),Public on Dec 06 2014,Dec 05 2014,ftp://ftp.ncbi.nlm.nih.gov/geo/samples/GSM1559nnn/GSM1559391/suppl/GSM1559391_C94.CEL.gz,9606,RNA
GSM1559392,ovarian cancer surgical sample C456,frozen surgical sample of clearcell ovarian cancer,gene expression data from clearcell ovarian cancer,GPL570,Homo sapiens,surgical tumor sample,clearcell ovarian ca.,NA,NA,NA,NA,NA,NA,NA,NA,DFS<180 days; moderately sensitive: 180>DFS>732; highly sensitive: DFS>732 days): NA,NA,NA,NA,"Jolanta Kupryjańczyk, COI-Warsaw",1,ul. Wybrzeże Armii Krajowej 15,Gliwice,Poland,Center for Translational Research  and Molecular Biology of Cancer,klisowska@io.gliwice.pl,"MSC Memorial Cancer Center and Institute of Oncology, Gliwice Branch","Katarzyna,Marta,Lisowska",44-101,The data were analyzed with Bioconductor and rma package with default normalization parameters settings,54675,Total RNA was isolated using Rneasy Mini Kit (Qiagen) according to the manufacturer's instructions.,16 ug of fragmented cRNA were hybridized for 16 hr at 45ͦC on HG U133 Plus 2.0 Gene Chip oligonucleotide arrays (Affymetrix). GeneChips were washed and stained in the Affymetrix Fluidics Station 400.,biotin,Total RNA (8 ug) was used for synthesis of double stranded cDNA according to manufacturer's instructions. Biotinylated cRNA was synthesized with the BioArray High Yield RNA Transcript Labeling Kit (Enzo Diagnostics).,Dec 10 2014,total RNA,GeneChips were scanned using the GeneChip Scanner 3000 (Affymetrix),Public on Dec 06 2014,Dec 05 2014,ftp://ftp.ncbi.nlm.nih.gov/geo/samples/GSM1559nnn/GSM1559392/suppl/GSM1559392_C456.CEL.gz,9606,RNA
GSM1559393,ovarian cancer surgical sample C445,frozen surgical sample of clearcell ovarian cancer,gene expression data from clearcell ovarian cancer,GPL570,Homo sapiens,surgical tumor sample,clearcell ovarian ca.,NA,NA,NA,NA,NA,NA,NA,NA,DFS<180 days; moderately sensitive: 180>DFS>732; highly sensitive: DFS>732 days): NA,NA,NA,NA,"Jolanta Kupryjańczyk, COI-Warsaw",1,ul. Wybrzeże Armii Krajowej 15,Gliwice,Poland,Center for Translational Research  and Molecular Biology of Cancer,klisowska@io.gliwice.pl,"MSC Memorial Cancer Center and Institute of Oncology, Gliwice Branch","Katarzyna,Marta,Lisowska",44-101,The data were analyzed with Bioconductor and rma package with default normalization parameters settings,54675,Total RNA was isolated using Rneasy Mini Kit (Qiagen) according to the manufacturer's instructions.,16 ug of fragmented cRNA were hybridized for 16 hr at 45ͦC on HG U133 Plus 2.0 Gene Chip oligonucleotide arrays (Affymetrix). GeneChips were washed and stained in the Affymetrix Fluidics Station 400.,biotin,Total RNA (8 ug) was used for synthesis of double stranded cDNA according to manufacturer's instructions. Biotinylated cRNA was synthesized with the BioArray High Yield RNA Transcript Labeling Kit (Enzo Diagnostics).,Dec 10 2014,total RNA,GeneChips were scanned using the GeneChip Scanner 3000 (Affymetrix),Public on Dec 06 2014,Dec 05 2014,ftp://ftp.ncbi.nlm.nih.gov/geo/samples/GSM1559nnn/GSM1559393/suppl/GSM1559393_C445.CEL.gz,9606,RNA
GSM1559394,ovarian cancer surgical sample C365,frozen surgical sample of clearcell ovarian cancer; p53-mutated,gene expression data from clearcell ovarian cancer,GPL570,Homo sapiens,surgical tumor sample,clearcell ovarian ca.,NA,NA,mutation,no accumulation,NA,NA,NA,NA,DFS<180 days; moderately sensitive: 180>DFS>732; highly sensitive: DFS>732 days): NA,NA,NA,NA,"Jolanta Kupryjańczyk, COI-Warsaw",1,ul. Wybrzeże Armii Krajowej 15,Gliwice,Poland,Center for Translational Research  and Molecular Biology of Cancer,klisowska@io.gliwice.pl,"MSC Memorial Cancer Center and Institute of Oncology, Gliwice Branch","Katarzyna,Marta,Lisowska",44-101,The data were analyzed with Bioconductor and rma package with default normalization parameters settings,54675,Total RNA was isolated using Rneasy Mini Kit (Qiagen) according to the manufacturer's instructions.,16 ug of fragmented cRNA were hybridized for 16 hr at 45ͦC on HG U133 Plus 2.0 Gene Chip oligonucleotide arrays (Affymetrix). GeneChips were washed and stained in the Affymetrix Fluidics Station 400.,biotin,Total RNA (8 ug) was used for synthesis of double stranded cDNA according to manufacturer's instructions. Biotinylated cRNA was synthesized with the BioArray High Yield RNA Transcript Labeling Kit (Enzo Diagnostics).,Dec 10 2014,total RNA,GeneChips were scanned using the GeneChip Scanner 3000 (Affymetrix),Public on Dec 06 2014,Dec 05 2014,ftp://ftp.ncbi.nlm.nih.gov/geo/samples/GSM1559nnn/GSM1559394/suppl/GSM1559394_C365.CEL.gz,9606,RNA
GSM1559395,ovarian cancer surgical sample C339,frozen surgical sample of clearcell ovarian cancer; p53-mutated,gene expression data from clearcell ovarian cancer,GPL570,Homo sapiens,surgical tumor sample,clearcell ovarian ca.,NA,no mutation,mutation,accumulation,NA,NA,NA,NA,DFS<180 days; moderately sensitive: 180>DFS>732; highly sensitive: DFS>732 days): NA,NA,NA,NA,"Jolanta Kupryjańczyk, COI-Warsaw",1,ul. Wybrzeże Armii Krajowej 15,Gliwice,Poland,Center for Translational Research  and Molecular Biology of Cancer,klisowska@io.gliwice.pl,"MSC Memorial Cancer Center and Institute of Oncology, Gliwice Branch","Katarzyna,Marta,Lisowska",44-101,The data were analyzed with Bioconductor and rma package with default normalization parameters settings,54675,Total RNA was isolated using Rneasy Mini Kit (Qiagen) according to the manufacturer's instructions.,16 ug of fragmented cRNA were hybridized for 16 hr at 45ͦC on HG U133 Plus 2.0 Gene Chip oligonucleotide arrays (Affymetrix). GeneChips were washed and stained in the Affymetrix Fluidics Station 400.,biotin,Total RNA (8 ug) was used for synthesis of double stranded cDNA according to manufacturer's instructions. Biotinylated cRNA was synthesized with the BioArray High Yield RNA Transcript Labeling Kit (Enzo Diagnostics).,Dec 10 2014,total RNA,GeneChips were scanned using the GeneChip Scanner 3000 (Affymetrix),Public on Dec 06 2014,Dec 05 2014,ftp://ftp.ncbi.nlm.nih.gov/geo/samples/GSM1559nnn/GSM1559395/suppl/GSM1559395_C339.CEL.gz,9606,RNA
GSM1559396,ovarian cancer surgical sample C304,frozen surgical sample of clearcell ovarian cancer; p53-mutated,gene expression data from clearcell ovarian cancer,GPL570,Homo sapiens,surgical tumor sample,clearcell ovarian ca.,NA,no mutation,mutation,accumulation,NA,NA,NA,NA,DFS<180 days; moderately sensitive: 180>DFS>732; highly sensitive: DFS>732 days): NA,NA,NA,NA,"Jolanta Kupryjańczyk, COI-Warsaw",1,ul. Wybrzeże Armii Krajowej 15,Gliwice,Poland,Center for Translational Research  and Molecular Biology of Cancer,klisowska@io.gliwice.pl,"MSC Memorial Cancer Center and Institute of Oncology, Gliwice Branch","Katarzyna,Marta,Lisowska",44-101,The data were analyzed with Bioconductor and rma package with default normalization parameters settings,54675,Total RNA was isolated using Rneasy Mini Kit (Qiagen) according to the manufacturer's instructions.,16 ug of fragmented cRNA were hybridized for 16 hr at 45ͦC on HG U133 Plus 2.0 Gene Chip oligonucleotide arrays (Affymetrix). GeneChips were washed and stained in the Affymetrix Fluidics Station 400.,biotin,Total RNA (8 ug) was used for synthesis of double stranded cDNA according to manufacturer's instructions. Biotinylated cRNA was synthesized with the BioArray High Yield RNA Transcript Labeling Kit (Enzo Diagnostics).,Dec 10 2014,total RNA,GeneChips were scanned using the GeneChip Scanner 3000 (Affymetrix),Public on Dec 06 2014,Dec 05 2014,ftp://ftp.ncbi.nlm.nih.gov/geo/samples/GSM1559nnn/GSM1559396/suppl/GSM1559396_C304.CEL.gz,9606,RNA
GSM1559397,ovarian cancer surgical sample C285,frozen surgical sample of clearcell ovarian cancer; p53-mutated,gene expression data from clearcell ovarian cancer,GPL570,Homo sapiens,surgical tumor sample,clearcell ovarian ca.,NA,no mutation,mutation,accumulation,NA,NA,NA,NA,DFS<180 days; moderately sensitive: 180>DFS>732; highly sensitive: DFS>732 days): NA,NA,NA,NA,"Jolanta Kupryjańczyk, COI-Warsaw",1,ul. Wybrzeże Armii Krajowej 15,Gliwice,Poland,Center for Translational Research  and Molecular Biology of Cancer,klisowska@io.gliwice.pl,"MSC Memorial Cancer Center and Institute of Oncology, Gliwice Branch","Katarzyna,Marta,Lisowska",44-101,The data were analyzed with Bioconductor and rma package with default normalization parameters settings,54675,Total RNA was isolated using Rneasy Mini Kit (Qiagen) according to the manufacturer's instructions.,16 ug of fragmented cRNA were hybridized for 16 hr at 45ͦC on HG U133 Plus 2.0 Gene Chip oligonucleotide arrays (Affymetrix). GeneChips were washed and stained in the Affymetrix Fluidics Station 400.,biotin,Total RNA (8 ug) was used for synthesis of double stranded cDNA according to manufacturer's instructions. Biotinylated cRNA was synthesized with the BioArray High Yield RNA Transcript Labeling Kit (Enzo Diagnostics).,Dec 10 2014,total RNA,GeneChips were scanned using the GeneChip Scanner 3000 (Affymetrix),Public on Dec 06 2014,Dec 05 2014,ftp://ftp.ncbi.nlm.nih.gov/geo/samples/GSM1559nnn/GSM1559397/suppl/GSM1559397_C285.CEL.gz,9606,RNA
GSM1559398,ovarian cancer surgical sample C208,frozen surgical sample of clearcell ovarian cancer,gene expression data from clearcell ovarian cancer,GPL570,Homo sapiens,surgical tumor sample,clearcell ovarian ca.,NA,no mutation,no mutation,no accumulation,NA,NA,NA,NA,DFS<180 days; moderately sensitive: 180>DFS>732; highly sensitive: DFS>732 days): NA,NA,NA,NA,"Jolanta Kupryjańczyk, COI-Warsaw",1,ul. Wybrzeże Armii Krajowej 15,Gliwice,Poland,Center for Translational Research  and Molecular Biology of Cancer,klisowska@io.gliwice.pl,"MSC Memorial Cancer Center and Institute of Oncology, Gliwice Branch","Katarzyna,Marta,Lisowska",44-101,The data were analyzed with Bioconductor and rma package with default normalization parameters settings,54675,Total RNA was isolated using Rneasy Mini Kit (Qiagen) according to the manufacturer's instructions.,16 ug of fragmented cRNA were hybridized for 16 hr at 45ͦC on HG U133 Plus 2.0 Gene Chip oligonucleotide arrays (Affymetrix). GeneChips were washed and stained in the Affymetrix Fluidics Station 400.,biotin,Total RNA (8 ug) was used for synthesis of double stranded cDNA according to manufacturer's instructions. Biotinylated cRNA was synthesized with the BioArray High Yield RNA Transcript Labeling Kit (Enzo Diagnostics).,Dec 10 2014,total RNA,GeneChips were scanned using the GeneChip Scanner 3000 (Affymetrix),Public on Dec 06 2014,Dec 05 2014,ftp://ftp.ncbi.nlm.nih.gov/geo/samples/GSM1559nnn/GSM1559398/suppl/GSM1559398_C208.CEL.gz,9606,RNA
GSM1559399,ovarian cancer surgical sample C199,frozen surgical sample of clearcell ovarian cancer,gene expression data from clearcell ovarian cancer,GPL570,Homo sapiens,surgical tumor sample,clearcell ovarian ca.,NA,no mutation,NA,NA,NA,NA,NA,NA,DFS<180 days; moderately sensitive: 180>DFS>732; highly sensitive: DFS>732 days): NA,NA,NA,NA,"Jolanta Kupryjańczyk, COI-Warsaw",1,ul. Wybrzeże Armii Krajowej 15,Gliwice,Poland,Center for Translational Research  and Molecular Biology of Cancer,klisowska@io.gliwice.pl,"MSC Memorial Cancer Center and Institute of Oncology, Gliwice Branch","Katarzyna,Marta,Lisowska",44-101,The data were analyzed with Bioconductor and rma package with default normalization parameters settings,54675,Total RNA was isolated using Rneasy Mini Kit (Qiagen) according to the manufacturer's instructions.,16 ug of fragmented cRNA were hybridized for 16 hr at 45ͦC on HG U133 Plus 2.0 Gene Chip oligonucleotide arrays (Affymetrix). GeneChips were washed and stained in the Affymetrix Fluidics Station 400.,biotin,Total RNA (8 ug) was used for synthesis of double stranded cDNA according to manufacturer's instructions. Biotinylated cRNA was synthesized with the BioArray High Yield RNA Transcript Labeling Kit (Enzo Diagnostics).,Dec 10 2014,total RNA,GeneChips were scanned using the GeneChip Scanner 3000 (Affymetrix),Public on Dec 06 2014,Dec 05 2014,ftp://ftp.ncbi.nlm.nih.gov/geo/samples/GSM1559nnn/GSM1559399/suppl/GSM1559399_C199.CEL.gz,9606,RNA
