geo_accession,title,source_name_ch1,description,platform_id,organism_ch1,tissue,channel_count,characteristics_ch2,contact_address,contact_city,contact_country,contact_department,contact_email,contact_institute,contact_laboratory,contact_name,contact_state,contact_zip/postal_code,data_processing,data_row_count,extract_protocol_ch1,extract_protocol_ch2,hyb_protocol,label_ch1,label_ch2,label_protocol_ch1,label_protocol_ch2,last_update_date,molecule_ch1,molecule_ch2,organism_ch2,scan_protocol,source_name_ch2,status,submission_date,supplementary_file,taxid_ch1,taxid_ch2,type
GSM1304246,Ov_Tumor_Ref_Mix  vs. 266,106 pooled ovarian samples,ovarian serous tumor sample,GPL6480,Homo sapiens,ovarian,2,,2825 Santa Monica Blvd. Suite 200,Santa Monica,USA,Medicine,jdering@mednet.ucla.edu,UCLA School of Medicine,Translational Oncology Research,"Judy,,Dering",CA,90404,"Agilent Feature Extraced data was imported into Rosetta Resolver version 7.1.1  (Rosetta Inpharmatics LLC, Cambridge, MA). Multiple probes with the same sequence code were combined into a single value using the Rosetta Resolver error-weighted averaging method for combining repeated measures.",41000,,Total RNA extracted using Qiagen RNeasy Kit following manufacturer's protocol.,825 ng each of labeled reference mix (cy3 label) and individual sample (cy5 label) were applied to Whole Human Genome 4X44 microarrays (Agilent G4112F) using the In Situ Hybridization Kit Plus (Agilent) protocol,Cy3,Cy5,RNA were labeled with Cy3-CTP or Cy5-CTP using the Quick-Amp Labeling Kit (Agilent) following manufacturer's instructions,RNA were labeled with Cy3-CTP or Cy5-CTP using the Quick-Amp Labeling Kit (Agilent) following manufacturer's instructions,Jan 07 2015,total RNA,total RNA,Homo sapiens,Slides were read on an Agilent G2505B scanner.  All  experiments were scanned with extended dynamic range enabled.,ovarian tumor 266,Public on Jan 07 2015,Jan 09 2014,ftp://ftp.ncbi.nlm.nih.gov/geo/samples/GSM1304nnn/GSM1304246/suppl/GSM1304246_B02_251485056511_S01_GE2-v5_95_Feb07_2_Off_1_2.txt.gz,9606,9606,RNA
GSM1304247,Ov_Tumor_Ref_Mix  vs. 270,106 pooled ovarian samples,ovarian serous tumor sample,GPL6480,Homo sapiens,ovarian,2,tcga_sampleid: TCGA-25-1870-01A-01,2825 Santa Monica Blvd. Suite 200,Santa Monica,USA,Medicine,jdering@mednet.ucla.edu,UCLA School of Medicine,Translational Oncology Research,"Judy,,Dering",CA,90404,"Agilent Feature Extraced data was imported into Rosetta Resolver version 7.1.1  (Rosetta Inpharmatics LLC, Cambridge, MA). Multiple probes with the same sequence code were combined into a single value using the Rosetta Resolver error-weighted averaging method for combining repeated measures.",41000,,Total RNA extracted using Qiagen RNeasy Kit following manufacturer's protocol.,825 ng each of labeled reference mix (cy3 label) and individual sample (cy5 label) were applied to Whole Human Genome 4X44 microarrays (Agilent G4112F) using the In Situ Hybridization Kit Plus (Agilent) protocol,Cy3,Cy5,RNA were labeled with Cy3-CTP or Cy5-CTP using the Quick-Amp Labeling Kit (Agilent) following manufacturer's instructions,RNA were labeled with Cy3-CTP or Cy5-CTP using the Quick-Amp Labeling Kit (Agilent) following manufacturer's instructions,Jan 07 2015,total RNA,total RNA,Homo sapiens,Slides were read on an Agilent G2505B scanner.  All  experiments were scanned with extended dynamic range enabled.,ovarian tumor 270,Public on Jan 07 2015,Jan 09 2014,ftp://ftp.ncbi.nlm.nih.gov/geo/samples/GSM1304nnn/GSM1304247/suppl/GSM1304247_B02_251485056521_S01_GE2-v5_95_Feb07_2_Off_1_2.txt.gz,9606,9606,RNA
GSM1304248,Ov_Tumor_Ref_Mix  vs. 282,106 pooled ovarian samples,ovarian serous tumor sample,GPL6480,Homo sapiens,ovarian,2,,2825 Santa Monica Blvd. Suite 200,Santa Monica,USA,Medicine,jdering@mednet.ucla.edu,UCLA School of Medicine,Translational Oncology Research,"Judy,,Dering",CA,90404,"Agilent Feature Extraced data was imported into Rosetta Resolver version 7.1.1  (Rosetta Inpharmatics LLC, Cambridge, MA). Multiple probes with the same sequence code were combined into a single value using the Rosetta Resolver error-weighted averaging method for combining repeated measures.",41000,,Total RNA extracted using Qiagen RNeasy Kit following manufacturer's protocol.,825 ng each of labeled reference mix (cy3 label) and individual sample (cy5 label) were applied to Whole Human Genome 4X44 microarrays (Agilent G4112F) using the In Situ Hybridization Kit Plus (Agilent) protocol,Cy3,Cy5,RNA were labeled with Cy3-CTP or Cy5-CTP using the Quick-Amp Labeling Kit (Agilent) following manufacturer's instructions,RNA were labeled with Cy3-CTP or Cy5-CTP using the Quick-Amp Labeling Kit (Agilent) following manufacturer's instructions,Jan 07 2015,total RNA,total RNA,Homo sapiens,Slides were read on an Agilent G2505B scanner.  All  experiments were scanned with extended dynamic range enabled.,ovarian tumor 282,Public on Jan 07 2015,Jan 09 2014,ftp://ftp.ncbi.nlm.nih.gov/geo/samples/GSM1304nnn/GSM1304248/suppl/GSM1304248_B02_251485056523_S01_GE2-v5_95_Feb07_2_Off_1_1.txt.gz,9606,9606,RNA
GSM1304249,Ov_Tumor_Ref_Mix  vs. 283,106 pooled ovarian samples,ovarian serous tumor sample,GPL6480,Homo sapiens,ovarian,2,,2825 Santa Monica Blvd. Suite 200,Santa Monica,USA,Medicine,jdering@mednet.ucla.edu,UCLA School of Medicine,Translational Oncology Research,"Judy,,Dering",CA,90404,"Agilent Feature Extraced data was imported into Rosetta Resolver version 7.1.1  (Rosetta Inpharmatics LLC, Cambridge, MA). Multiple probes with the same sequence code were combined into a single value using the Rosetta Resolver error-weighted averaging method for combining repeated measures.",41000,,Total RNA extracted using Qiagen RNeasy Kit following manufacturer's protocol.,825 ng each of labeled reference mix (cy3 label) and individual sample (cy5 label) were applied to Whole Human Genome 4X44 microarrays (Agilent G4112F) using the In Situ Hybridization Kit Plus (Agilent) protocol,Cy3,Cy5,RNA were labeled with Cy3-CTP or Cy5-CTP using the Quick-Amp Labeling Kit (Agilent) following manufacturer's instructions,RNA were labeled with Cy3-CTP or Cy5-CTP using the Quick-Amp Labeling Kit (Agilent) following manufacturer's instructions,Jan 07 2015,total RNA,total RNA,Homo sapiens,Slides were read on an Agilent G2505B scanner.  All  experiments were scanned with extended dynamic range enabled.,ovarian tumor 283,Public on Jan 07 2015,Jan 09 2014,ftp://ftp.ncbi.nlm.nih.gov/geo/samples/GSM1304nnn/GSM1304249/suppl/GSM1304249_B02_251485056512_S01_GE2-v5_95_Feb07_2_Off_1_3.txt.gz,9606,9606,RNA
GSM1304250,Ov_Tumor_Ref_Mix  vs. 284,106 pooled ovarian samples,ovarian serous tumor sample,GPL6480,Homo sapiens,ovarian,2,,2825 Santa Monica Blvd. Suite 200,Santa Monica,USA,Medicine,jdering@mednet.ucla.edu,UCLA School of Medicine,Translational Oncology Research,"Judy,,Dering",CA,90404,"Agilent Feature Extraced data was imported into Rosetta Resolver version 7.1.1  (Rosetta Inpharmatics LLC, Cambridge, MA). Multiple probes with the same sequence code were combined into a single value using the Rosetta Resolver error-weighted averaging method for combining repeated measures.",41000,,Total RNA extracted using Qiagen RNeasy Kit following manufacturer's protocol.,825 ng each of labeled reference mix (cy3 label) and individual sample (cy5 label) were applied to Whole Human Genome 4X44 microarrays (Agilent G4112F) using the In Situ Hybridization Kit Plus (Agilent) protocol,Cy3,Cy5,RNA were labeled with Cy3-CTP or Cy5-CTP using the Quick-Amp Labeling Kit (Agilent) following manufacturer's instructions,RNA were labeled with Cy3-CTP or Cy5-CTP using the Quick-Amp Labeling Kit (Agilent) following manufacturer's instructions,Jan 07 2015,total RNA,total RNA,Homo sapiens,Slides were read on an Agilent G2505B scanner.  All  experiments were scanned with extended dynamic range enabled.,ovarian tumor 284,Public on Jan 07 2015,Jan 09 2014,ftp://ftp.ncbi.nlm.nih.gov/geo/samples/GSM1304nnn/GSM1304250/suppl/GSM1304250_B02_251485056514_S01_GE2-v5_95_Feb07_2_Off_1_3.txt.gz,9606,9606,RNA
GSM1304251,Ov_Tumor_Ref_Mix  vs. 304,106 pooled ovarian samples,ovarian serous tumor sample,GPL6480,Homo sapiens,ovarian,2,,2825 Santa Monica Blvd. Suite 200,Santa Monica,USA,Medicine,jdering@mednet.ucla.edu,UCLA School of Medicine,Translational Oncology Research,"Judy,,Dering",CA,90404,"Agilent Feature Extraced data was imported into Rosetta Resolver version 7.1.1  (Rosetta Inpharmatics LLC, Cambridge, MA). Multiple probes with the same sequence code were combined into a single value using the Rosetta Resolver error-weighted averaging method for combining repeated measures.",41000,,Total RNA extracted using Qiagen RNeasy Kit following manufacturer's protocol.,825 ng each of labeled reference mix (cy3 label) and individual sample (cy5 label) were applied to Whole Human Genome 4X44 microarrays (Agilent G4112F) using the In Situ Hybridization Kit Plus (Agilent) protocol,Cy3,Cy5,RNA were labeled with Cy3-CTP or Cy5-CTP using the Quick-Amp Labeling Kit (Agilent) following manufacturer's instructions,RNA were labeled with Cy3-CTP or Cy5-CTP using the Quick-Amp Labeling Kit (Agilent) following manufacturer's instructions,Jan 07 2015,total RNA,total RNA,Homo sapiens,Slides were read on an Agilent G2505B scanner.  All  experiments were scanned with extended dynamic range enabled.,ovarian tumor 304,Public on Jan 07 2015,Jan 09 2014,ftp://ftp.ncbi.nlm.nih.gov/geo/samples/GSM1304nnn/GSM1304251/suppl/GSM1304251_B02_251485056510_S01_GE2-v5_95_Feb07_2_Off_1_4.txt.gz,9606,9606,RNA
GSM1304252,Ov_Tumor_Ref_Mix  vs. 305,106 pooled ovarian samples,ovarian serous tumor sample,GPL6480,Homo sapiens,ovarian,2,,2825 Santa Monica Blvd. Suite 200,Santa Monica,USA,Medicine,jdering@mednet.ucla.edu,UCLA School of Medicine,Translational Oncology Research,"Judy,,Dering",CA,90404,"Agilent Feature Extraced data was imported into Rosetta Resolver version 7.1.1  (Rosetta Inpharmatics LLC, Cambridge, MA). Multiple probes with the same sequence code were combined into a single value using the Rosetta Resolver error-weighted averaging method for combining repeated measures.",41000,,Total RNA extracted using Qiagen RNeasy Kit following manufacturer's protocol.,825 ng each of labeled reference mix (cy3 label) and individual sample (cy5 label) were applied to Whole Human Genome 4X44 microarrays (Agilent G4112F) using the In Situ Hybridization Kit Plus (Agilent) protocol,Cy3,Cy5,RNA were labeled with Cy3-CTP or Cy5-CTP using the Quick-Amp Labeling Kit (Agilent) following manufacturer's instructions,RNA were labeled with Cy3-CTP or Cy5-CTP using the Quick-Amp Labeling Kit (Agilent) following manufacturer's instructions,Jan 07 2015,total RNA,total RNA,Homo sapiens,Slides were read on an Agilent G2505B scanner.  All  experiments were scanned with extended dynamic range enabled.,ovarian tumor 305,Public on Jan 07 2015,Jan 09 2014,ftp://ftp.ncbi.nlm.nih.gov/geo/samples/GSM1304nnn/GSM1304252/suppl/GSM1304252_B02_251485056514_S01_GE2-v5_95_Feb07_2_Off_1_1.txt.gz,9606,9606,RNA
GSM1304253,Ov_Tumor_Ref_Mix  vs. 308,106 pooled ovarian samples,ovarian serous tumor sample,GPL6480,Homo sapiens,ovarian,2,,2825 Santa Monica Blvd. Suite 200,Santa Monica,USA,Medicine,jdering@mednet.ucla.edu,UCLA School of Medicine,Translational Oncology Research,"Judy,,Dering",CA,90404,"Agilent Feature Extraced data was imported into Rosetta Resolver version 7.1.1  (Rosetta Inpharmatics LLC, Cambridge, MA). Multiple probes with the same sequence code were combined into a single value using the Rosetta Resolver error-weighted averaging method for combining repeated measures.",41000,,Total RNA extracted using Qiagen RNeasy Kit following manufacturer's protocol.,825 ng each of labeled reference mix (cy3 label) and individual sample (cy5 label) were applied to Whole Human Genome 4X44 microarrays (Agilent G4112F) using the In Situ Hybridization Kit Plus (Agilent) protocol,Cy3,Cy5,RNA were labeled with Cy3-CTP or Cy5-CTP using the Quick-Amp Labeling Kit (Agilent) following manufacturer's instructions,RNA were labeled with Cy3-CTP or Cy5-CTP using the Quick-Amp Labeling Kit (Agilent) following manufacturer's instructions,Jan 07 2015,total RNA,total RNA,Homo sapiens,Slides were read on an Agilent G2505B scanner.  All  experiments were scanned with extended dynamic range enabled.,ovarian tumor 308,Public on Jan 07 2015,Jan 09 2014,ftp://ftp.ncbi.nlm.nih.gov/geo/samples/GSM1304nnn/GSM1304253/suppl/GSM1304253_B02_251485056512_S01_GE2-v5_95_Feb07_2_Off_1_2.txt.gz,9606,9606,RNA
GSM1304254,Ov_Tumor_Ref_Mix  vs. 314,106 pooled ovarian samples,ovarian serous tumor sample,GPL6480,Homo sapiens,ovarian,2,,2825 Santa Monica Blvd. Suite 200,Santa Monica,USA,Medicine,jdering@mednet.ucla.edu,UCLA School of Medicine,Translational Oncology Research,"Judy,,Dering",CA,90404,"Agilent Feature Extraced data was imported into Rosetta Resolver version 7.1.1  (Rosetta Inpharmatics LLC, Cambridge, MA). Multiple probes with the same sequence code were combined into a single value using the Rosetta Resolver error-weighted averaging method for combining repeated measures.",41000,,Total RNA extracted using Qiagen RNeasy Kit following manufacturer's protocol.,825 ng each of labeled reference mix (cy3 label) and individual sample (cy5 label) were applied to Whole Human Genome 4X44 microarrays (Agilent G4112F) using the In Situ Hybridization Kit Plus (Agilent) protocol,Cy3,Cy5,RNA were labeled with Cy3-CTP or Cy5-CTP using the Quick-Amp Labeling Kit (Agilent) following manufacturer's instructions,RNA were labeled with Cy3-CTP or Cy5-CTP using the Quick-Amp Labeling Kit (Agilent) following manufacturer's instructions,Jan 07 2015,total RNA,total RNA,Homo sapiens,Slides were read on an Agilent G2505B scanner.  All  experiments were scanned with extended dynamic range enabled.,ovarian tumor 314,Public on Jan 07 2015,Jan 09 2014,ftp://ftp.ncbi.nlm.nih.gov/geo/samples/GSM1304nnn/GSM1304254/suppl/GSM1304254_B02_251485056514_S01_GE2-v5_95_Feb07_2_Off_1_4.txt.gz,9606,9606,RNA
GSM1304255,Ov_Tumor_Ref_Mix  vs. 315,106 pooled ovarian samples,ovarian serous tumor sample,GPL6480,Homo sapiens,ovarian,2,,2825 Santa Monica Blvd. Suite 200,Santa Monica,USA,Medicine,jdering@mednet.ucla.edu,UCLA School of Medicine,Translational Oncology Research,"Judy,,Dering",CA,90404,"Agilent Feature Extraced data was imported into Rosetta Resolver version 7.1.1  (Rosetta Inpharmatics LLC, Cambridge, MA). Multiple probes with the same sequence code were combined into a single value using the Rosetta Resolver error-weighted averaging method for combining repeated measures.",41000,,Total RNA extracted using Qiagen RNeasy Kit following manufacturer's protocol.,825 ng each of labeled reference mix (cy3 label) and individual sample (cy5 label) were applied to Whole Human Genome 4X44 microarrays (Agilent G4112F) using the In Situ Hybridization Kit Plus (Agilent) protocol,Cy3,Cy5,RNA were labeled with Cy3-CTP or Cy5-CTP using the Quick-Amp Labeling Kit (Agilent) following manufacturer's instructions,RNA were labeled with Cy3-CTP or Cy5-CTP using the Quick-Amp Labeling Kit (Agilent) following manufacturer's instructions,Jan 07 2015,total RNA,total RNA,Homo sapiens,Slides were read on an Agilent G2505B scanner.  All  experiments were scanned with extended dynamic range enabled.,ovarian tumor 315,Public on Jan 07 2015,Jan 09 2014,ftp://ftp.ncbi.nlm.nih.gov/geo/samples/GSM1304nnn/GSM1304255/suppl/GSM1304255_B02_251485056513_S01_GE2-v5_95_Feb07_2_Off_1_1.txt.gz,9606,9606,RNA
GSM1304256,Ov_Tumor_Ref_Mix  vs. 318,106 pooled ovarian samples,ovarian serous tumor sample,GPL6480,Homo sapiens,ovarian,2,,2825 Santa Monica Blvd. Suite 200,Santa Monica,USA,Medicine,jdering@mednet.ucla.edu,UCLA School of Medicine,Translational Oncology Research,"Judy,,Dering",CA,90404,"Agilent Feature Extraced data was imported into Rosetta Resolver version 7.1.1  (Rosetta Inpharmatics LLC, Cambridge, MA). Multiple probes with the same sequence code were combined into a single value using the Rosetta Resolver error-weighted averaging method for combining repeated measures.",41000,,Total RNA extracted using Qiagen RNeasy Kit following manufacturer's protocol.,825 ng each of labeled reference mix (cy3 label) and individual sample (cy5 label) were applied to Whole Human Genome 4X44 microarrays (Agilent G4112F) using the In Situ Hybridization Kit Plus (Agilent) protocol,Cy3,Cy5,RNA were labeled with Cy3-CTP or Cy5-CTP using the Quick-Amp Labeling Kit (Agilent) following manufacturer's instructions,RNA were labeled with Cy3-CTP or Cy5-CTP using the Quick-Amp Labeling Kit (Agilent) following manufacturer's instructions,Jan 07 2015,total RNA,total RNA,Homo sapiens,Slides were read on an Agilent G2505B scanner.  All  experiments were scanned with extended dynamic range enabled.,ovarian tumor 318,Public on Jan 07 2015,Jan 09 2014,ftp://ftp.ncbi.nlm.nih.gov/geo/samples/GSM1304nnn/GSM1304256/suppl/GSM1304256_B02_251485056509_S02_GE2-v5_95_Feb07_2_Off_1_4.txt.gz,9606,9606,RNA
GSM1304257,Ov_Tumor_Ref_Mix  vs. 323,106 pooled ovarian samples,ovarian serous tumor sample,GPL6480,Homo sapiens,ovarian,2,,2825 Santa Monica Blvd. Suite 200,Santa Monica,USA,Medicine,jdering@mednet.ucla.edu,UCLA School of Medicine,Translational Oncology Research,"Judy,,Dering",CA,90404,"Agilent Feature Extraced data was imported into Rosetta Resolver version 7.1.1  (Rosetta Inpharmatics LLC, Cambridge, MA). Multiple probes with the same sequence code were combined into a single value using the Rosetta Resolver error-weighted averaging method for combining repeated measures.",41000,,Total RNA extracted using Qiagen RNeasy Kit following manufacturer's protocol.,825 ng each of labeled reference mix (cy3 label) and individual sample (cy5 label) were applied to Whole Human Genome 4X44 microarrays (Agilent G4112F) using the In Situ Hybridization Kit Plus (Agilent) protocol,Cy3,Cy5,RNA were labeled with Cy3-CTP or Cy5-CTP using the Quick-Amp Labeling Kit (Agilent) following manufacturer's instructions,RNA were labeled with Cy3-CTP or Cy5-CTP using the Quick-Amp Labeling Kit (Agilent) following manufacturer's instructions,Jan 07 2015,total RNA,total RNA,Homo sapiens,Slides were read on an Agilent G2505B scanner.  All  experiments were scanned with extended dynamic range enabled.,ovarian tumor 323,Public on Jan 07 2015,Jan 09 2014,ftp://ftp.ncbi.nlm.nih.gov/geo/samples/GSM1304nnn/GSM1304257/suppl/GSM1304257_B02_251485056523_S01_GE2-v5_95_Feb07_2_Off_1_3.txt.gz,9606,9606,RNA
GSM1304258,Ov_Tumor_Ref_Mix  vs. 332,106 pooled ovarian samples,ovarian serous tumor sample,GPL6480,Homo sapiens,ovarian,2,,2825 Santa Monica Blvd. Suite 200,Santa Monica,USA,Medicine,jdering@mednet.ucla.edu,UCLA School of Medicine,Translational Oncology Research,"Judy,,Dering",CA,90404,"Agilent Feature Extraced data was imported into Rosetta Resolver version 7.1.1  (Rosetta Inpharmatics LLC, Cambridge, MA). Multiple probes with the same sequence code were combined into a single value using the Rosetta Resolver error-weighted averaging method for combining repeated measures.",41000,,Total RNA extracted using Qiagen RNeasy Kit following manufacturer's protocol.,825 ng each of labeled reference mix (cy3 label) and individual sample (cy5 label) were applied to Whole Human Genome 4X44 microarrays (Agilent G4112F) using the In Situ Hybridization Kit Plus (Agilent) protocol,Cy3,Cy5,RNA were labeled with Cy3-CTP or Cy5-CTP using the Quick-Amp Labeling Kit (Agilent) following manufacturer's instructions,RNA were labeled with Cy3-CTP or Cy5-CTP using the Quick-Amp Labeling Kit (Agilent) following manufacturer's instructions,Jan 07 2015,total RNA,total RNA,Homo sapiens,Slides were read on an Agilent G2505B scanner.  All  experiments were scanned with extended dynamic range enabled.,ovarian tumor 332,Public on Jan 07 2015,Jan 09 2014,ftp://ftp.ncbi.nlm.nih.gov/geo/samples/GSM1304nnn/GSM1304258/suppl/GSM1304258_B02_251485056523_S01_GE2-v5_95_Feb07_2_Off_1_4.txt.gz,9606,9606,RNA
GSM1304259,Ov_Tumor_Ref_Mix  vs. 335,106 pooled ovarian samples,ovarian serous tumor sample,GPL6480,Homo sapiens,ovarian,2,,2825 Santa Monica Blvd. Suite 200,Santa Monica,USA,Medicine,jdering@mednet.ucla.edu,UCLA School of Medicine,Translational Oncology Research,"Judy,,Dering",CA,90404,"Agilent Feature Extraced data was imported into Rosetta Resolver version 7.1.1  (Rosetta Inpharmatics LLC, Cambridge, MA). Multiple probes with the same sequence code were combined into a single value using the Rosetta Resolver error-weighted averaging method for combining repeated measures.",41000,,Total RNA extracted using Qiagen RNeasy Kit following manufacturer's protocol.,825 ng each of labeled reference mix (cy3 label) and individual sample (cy5 label) were applied to Whole Human Genome 4X44 microarrays (Agilent G4112F) using the In Situ Hybridization Kit Plus (Agilent) protocol,Cy3,Cy5,RNA were labeled with Cy3-CTP or Cy5-CTP using the Quick-Amp Labeling Kit (Agilent) following manufacturer's instructions,RNA were labeled with Cy3-CTP or Cy5-CTP using the Quick-Amp Labeling Kit (Agilent) following manufacturer's instructions,Jan 07 2015,total RNA,total RNA,Homo sapiens,Slides were read on an Agilent G2505B scanner.  All  experiments were scanned with extended dynamic range enabled.,ovarian tumor 335,Public on Jan 07 2015,Jan 09 2014,ftp://ftp.ncbi.nlm.nih.gov/geo/samples/GSM1304nnn/GSM1304259/suppl/GSM1304259_B02_251485056513_S01_GE2-v5_95_Feb07_2_Off_1_4.txt.gz,9606,9606,RNA
GSM1304260,Ov_Tumor_Ref_Mix  vs. 336,106 pooled ovarian samples,ovarian serous tumor sample,GPL6480,Homo sapiens,ovarian,2,,2825 Santa Monica Blvd. Suite 200,Santa Monica,USA,Medicine,jdering@mednet.ucla.edu,UCLA School of Medicine,Translational Oncology Research,"Judy,,Dering",CA,90404,"Agilent Feature Extraced data was imported into Rosetta Resolver version 7.1.1  (Rosetta Inpharmatics LLC, Cambridge, MA). Multiple probes with the same sequence code were combined into a single value using the Rosetta Resolver error-weighted averaging method for combining repeated measures.",41000,,Total RNA extracted using Qiagen RNeasy Kit following manufacturer's protocol.,825 ng each of labeled reference mix (cy3 label) and individual sample (cy5 label) were applied to Whole Human Genome 4X44 microarrays (Agilent G4112F) using the In Situ Hybridization Kit Plus (Agilent) protocol,Cy3,Cy5,RNA were labeled with Cy3-CTP or Cy5-CTP using the Quick-Amp Labeling Kit (Agilent) following manufacturer's instructions,RNA were labeled with Cy3-CTP or Cy5-CTP using the Quick-Amp Labeling Kit (Agilent) following manufacturer's instructions,Jan 07 2015,total RNA,total RNA,Homo sapiens,Slides were read on an Agilent G2505B scanner.  All  experiments were scanned with extended dynamic range enabled.,ovarian tumor 336,Public on Jan 07 2015,Jan 09 2014,ftp://ftp.ncbi.nlm.nih.gov/geo/samples/GSM1304nnn/GSM1304260/suppl/GSM1304260_B02_251485056513_S01_GE2-v5_95_Feb07_2_Off_1_3.txt.gz,9606,9606,RNA
GSM1304261,Ov_Tumor_Ref_Mix  vs. 337,106 pooled ovarian samples,ovarian serous tumor sample,GPL6480,Homo sapiens,ovarian,2,tcga_sampleid: TCGA-25-1878-01A-01,2825 Santa Monica Blvd. Suite 200,Santa Monica,USA,Medicine,jdering@mednet.ucla.edu,UCLA School of Medicine,Translational Oncology Research,"Judy,,Dering",CA,90404,"Agilent Feature Extraced data was imported into Rosetta Resolver version 7.1.1  (Rosetta Inpharmatics LLC, Cambridge, MA). Multiple probes with the same sequence code were combined into a single value using the Rosetta Resolver error-weighted averaging method for combining repeated measures.",41000,,Total RNA extracted using Qiagen RNeasy Kit following manufacturer's protocol.,825 ng each of labeled reference mix (cy3 label) and individual sample (cy5 label) were applied to Whole Human Genome 4X44 microarrays (Agilent G4112F) using the In Situ Hybridization Kit Plus (Agilent) protocol,Cy3,Cy5,RNA were labeled with Cy3-CTP or Cy5-CTP using the Quick-Amp Labeling Kit (Agilent) following manufacturer's instructions,RNA were labeled with Cy3-CTP or Cy5-CTP using the Quick-Amp Labeling Kit (Agilent) following manufacturer's instructions,Jan 07 2015,total RNA,total RNA,Homo sapiens,Slides were read on an Agilent G2505B scanner.  All  experiments were scanned with extended dynamic range enabled.,ovarian tumor 337,Public on Jan 07 2015,Jan 09 2014,ftp://ftp.ncbi.nlm.nih.gov/geo/samples/GSM1304nnn/GSM1304261/suppl/GSM1304261_B02_251485056522_S01_GE2-v5_95_Feb07_2_Off_1_2.txt.gz,9606,9606,RNA
GSM1304262,Ov_Tumor_Ref_Mix  vs. 339,106 pooled ovarian samples,ovarian serous tumor sample,GPL6480,Homo sapiens,ovarian,2,,2825 Santa Monica Blvd. Suite 200,Santa Monica,USA,Medicine,jdering@mednet.ucla.edu,UCLA School of Medicine,Translational Oncology Research,"Judy,,Dering",CA,90404,"Agilent Feature Extraced data was imported into Rosetta Resolver version 7.1.1  (Rosetta Inpharmatics LLC, Cambridge, MA). Multiple probes with the same sequence code were combined into a single value using the Rosetta Resolver error-weighted averaging method for combining repeated measures.",41000,,Total RNA extracted using Qiagen RNeasy Kit following manufacturer's protocol.,825 ng each of labeled reference mix (cy3 label) and individual sample (cy5 label) were applied to Whole Human Genome 4X44 microarrays (Agilent G4112F) using the In Situ Hybridization Kit Plus (Agilent) protocol,Cy3,Cy5,RNA were labeled with Cy3-CTP or Cy5-CTP using the Quick-Amp Labeling Kit (Agilent) following manufacturer's instructions,RNA were labeled with Cy3-CTP or Cy5-CTP using the Quick-Amp Labeling Kit (Agilent) following manufacturer's instructions,Jan 07 2015,total RNA,total RNA,Homo sapiens,Slides were read on an Agilent G2505B scanner.  All  experiments were scanned with extended dynamic range enabled.,ovarian tumor 339,Public on Jan 07 2015,Jan 09 2014,ftp://ftp.ncbi.nlm.nih.gov/geo/samples/GSM1304nnn/GSM1304262/suppl/GSM1304262_B02_251485056521_S01_GE2-v5_95_Feb07_2_Off_1_4.txt.gz,9606,9606,RNA
GSM1304263,Ov_Tumor_Ref_Mix  vs. 342,106 pooled ovarian samples,ovarian serous tumor sample,GPL6480,Homo sapiens,ovarian,2,,2825 Santa Monica Blvd. Suite 200,Santa Monica,USA,Medicine,jdering@mednet.ucla.edu,UCLA School of Medicine,Translational Oncology Research,"Judy,,Dering",CA,90404,"Agilent Feature Extraced data was imported into Rosetta Resolver version 7.1.1  (Rosetta Inpharmatics LLC, Cambridge, MA). Multiple probes with the same sequence code were combined into a single value using the Rosetta Resolver error-weighted averaging method for combining repeated measures.",41000,,Total RNA extracted using Qiagen RNeasy Kit following manufacturer's protocol.,825 ng each of labeled reference mix (cy3 label) and individual sample (cy5 label) were applied to Whole Human Genome 4X44 microarrays (Agilent G4112F) using the In Situ Hybridization Kit Plus (Agilent) protocol,Cy3,Cy5,RNA were labeled with Cy3-CTP or Cy5-CTP using the Quick-Amp Labeling Kit (Agilent) following manufacturer's instructions,RNA were labeled with Cy3-CTP or Cy5-CTP using the Quick-Amp Labeling Kit (Agilent) following manufacturer's instructions,Jan 07 2015,total RNA,total RNA,Homo sapiens,Slides were read on an Agilent G2505B scanner.  All  experiments were scanned with extended dynamic range enabled.,ovarian tumor 342,Public on Jan 07 2015,Jan 09 2014,ftp://ftp.ncbi.nlm.nih.gov/geo/samples/GSM1304nnn/GSM1304263/suppl/GSM1304263_B02_251485056521_S01_GE2-v5_95_Feb07_2_Off_1_1.txt.gz,9606,9606,RNA
GSM1304264,Ov_Tumor_Ref_Mix  vs. 352,106 pooled ovarian samples,ovarian serous tumor sample,GPL6480,Homo sapiens,ovarian,2,,2825 Santa Monica Blvd. Suite 200,Santa Monica,USA,Medicine,jdering@mednet.ucla.edu,UCLA School of Medicine,Translational Oncology Research,"Judy,,Dering",CA,90404,"Agilent Feature Extraced data was imported into Rosetta Resolver version 7.1.1  (Rosetta Inpharmatics LLC, Cambridge, MA). Multiple probes with the same sequence code were combined into a single value using the Rosetta Resolver error-weighted averaging method for combining repeated measures.",41000,,Total RNA extracted using Qiagen RNeasy Kit following manufacturer's protocol.,825 ng each of labeled reference mix (cy3 label) and individual sample (cy5 label) were applied to Whole Human Genome 4X44 microarrays (Agilent G4112F) using the In Situ Hybridization Kit Plus (Agilent) protocol,Cy3,Cy5,RNA were labeled with Cy3-CTP or Cy5-CTP using the Quick-Amp Labeling Kit (Agilent) following manufacturer's instructions,RNA were labeled with Cy3-CTP or Cy5-CTP using the Quick-Amp Labeling Kit (Agilent) following manufacturer's instructions,Jan 07 2015,total RNA,total RNA,Homo sapiens,Slides were read on an Agilent G2505B scanner.  All  experiments were scanned with extended dynamic range enabled.,ovarian tumor 352,Public on Jan 07 2015,Jan 09 2014,ftp://ftp.ncbi.nlm.nih.gov/geo/samples/GSM1304nnn/GSM1304264/suppl/GSM1304264_B02_251485056512_S01_GE2-v5_95_Feb07_2_Off_1_4.txt.gz,9606,9606,RNA
GSM1304265,Ov_Tumor_Ref_Mix  vs. 354,106 pooled ovarian samples,ovarian serous tumor sample,GPL6480,Homo sapiens,ovarian,2,,2825 Santa Monica Blvd. Suite 200,Santa Monica,USA,Medicine,jdering@mednet.ucla.edu,UCLA School of Medicine,Translational Oncology Research,"Judy,,Dering",CA,90404,"Agilent Feature Extraced data was imported into Rosetta Resolver version 7.1.1  (Rosetta Inpharmatics LLC, Cambridge, MA). Multiple probes with the same sequence code were combined into a single value using the Rosetta Resolver error-weighted averaging method for combining repeated measures.",41000,,Total RNA extracted using Qiagen RNeasy Kit following manufacturer's protocol.,825 ng each of labeled reference mix (cy3 label) and individual sample (cy5 label) were applied to Whole Human Genome 4X44 microarrays (Agilent G4112F) using the In Situ Hybridization Kit Plus (Agilent) protocol,Cy3,Cy5,RNA were labeled with Cy3-CTP or Cy5-CTP using the Quick-Amp Labeling Kit (Agilent) following manufacturer's instructions,RNA were labeled with Cy3-CTP or Cy5-CTP using the Quick-Amp Labeling Kit (Agilent) following manufacturer's instructions,Jan 07 2015,total RNA,total RNA,Homo sapiens,Slides were read on an Agilent G2505B scanner.  All  experiments were scanned with extended dynamic range enabled.,ovarian tumor 354,Public on Jan 07 2015,Jan 09 2014,ftp://ftp.ncbi.nlm.nih.gov/geo/samples/GSM1304nnn/GSM1304265/suppl/GSM1304265_B02_251485056522_S01_GE2-v5_95_Feb07_2_Off_1_1.txt.gz,9606,9606,RNA
GSM1304266,Ov_Tumor_Ref_Mix  vs. 356,106 pooled ovarian samples,ovarian serous tumor sample,GPL6480,Homo sapiens,ovarian,2,,2825 Santa Monica Blvd. Suite 200,Santa Monica,USA,Medicine,jdering@mednet.ucla.edu,UCLA School of Medicine,Translational Oncology Research,"Judy,,Dering",CA,90404,"Agilent Feature Extraced data was imported into Rosetta Resolver version 7.1.1  (Rosetta Inpharmatics LLC, Cambridge, MA). Multiple probes with the same sequence code were combined into a single value using the Rosetta Resolver error-weighted averaging method for combining repeated measures.",41000,,Total RNA extracted using Qiagen RNeasy Kit following manufacturer's protocol.,825 ng each of labeled reference mix (cy3 label) and individual sample (cy5 label) were applied to Whole Human Genome 4X44 microarrays (Agilent G4112F) using the In Situ Hybridization Kit Plus (Agilent) protocol,Cy3,Cy5,RNA were labeled with Cy3-CTP or Cy5-CTP using the Quick-Amp Labeling Kit (Agilent) following manufacturer's instructions,RNA were labeled with Cy3-CTP or Cy5-CTP using the Quick-Amp Labeling Kit (Agilent) following manufacturer's instructions,Jan 07 2015,total RNA,total RNA,Homo sapiens,Slides were read on an Agilent G2505B scanner.  All  experiments were scanned with extended dynamic range enabled.,ovarian tumor 356,Public on Jan 07 2015,Jan 09 2014,ftp://ftp.ncbi.nlm.nih.gov/geo/samples/GSM1304nnn/GSM1304266/suppl/GSM1304266_B02_251485056105_S01_GE2-v5_95_Feb07_2_Off_1_3.txt.gz,9606,9606,RNA
GSM1304267,Ov_Tumor_Ref_Mix  vs. 357,106 pooled ovarian samples,ovarian serous tumor sample,GPL6480,Homo sapiens,ovarian,2,,2825 Santa Monica Blvd. Suite 200,Santa Monica,USA,Medicine,jdering@mednet.ucla.edu,UCLA School of Medicine,Translational Oncology Research,"Judy,,Dering",CA,90404,"Agilent Feature Extraced data was imported into Rosetta Resolver version 7.1.1  (Rosetta Inpharmatics LLC, Cambridge, MA). Multiple probes with the same sequence code were combined into a single value using the Rosetta Resolver error-weighted averaging method for combining repeated measures.",41000,,Total RNA extracted using Qiagen RNeasy Kit following manufacturer's protocol.,825 ng each of labeled reference mix (cy3 label) and individual sample (cy5 label) were applied to Whole Human Genome 4X44 microarrays (Agilent G4112F) using the In Situ Hybridization Kit Plus (Agilent) protocol,Cy3,Cy5,RNA were labeled with Cy3-CTP or Cy5-CTP using the Quick-Amp Labeling Kit (Agilent) following manufacturer's instructions,RNA were labeled with Cy3-CTP or Cy5-CTP using the Quick-Amp Labeling Kit (Agilent) following manufacturer's instructions,Jan 07 2015,total RNA,total RNA,Homo sapiens,Slides were read on an Agilent G2505B scanner.  All  experiments were scanned with extended dynamic range enabled.,ovarian tumor 357,Public on Jan 07 2015,Jan 09 2014,ftp://ftp.ncbi.nlm.nih.gov/geo/samples/GSM1304nnn/GSM1304267/suppl/GSM1304267_B02_251485056105_S01_GE2-v5_95_Feb07_2_Off_1_4.txt.gz,9606,9606,RNA
GSM1304268,Ov_Tumor_Ref_Mix  vs. 373,106 pooled ovarian samples,ovarian serous tumor sample,GPL6480,Homo sapiens,ovarian,2,,2825 Santa Monica Blvd. Suite 200,Santa Monica,USA,Medicine,jdering@mednet.ucla.edu,UCLA School of Medicine,Translational Oncology Research,"Judy,,Dering",CA,90404,"Agilent Feature Extraced data was imported into Rosetta Resolver version 7.1.1  (Rosetta Inpharmatics LLC, Cambridge, MA). Multiple probes with the same sequence code were combined into a single value using the Rosetta Resolver error-weighted averaging method for combining repeated measures.",41000,,Total RNA extracted using Qiagen RNeasy Kit following manufacturer's protocol.,825 ng each of labeled reference mix (cy3 label) and individual sample (cy5 label) were applied to Whole Human Genome 4X44 microarrays (Agilent G4112F) using the In Situ Hybridization Kit Plus (Agilent) protocol,Cy3,Cy5,RNA were labeled with Cy3-CTP or Cy5-CTP using the Quick-Amp Labeling Kit (Agilent) following manufacturer's instructions,RNA were labeled with Cy3-CTP or Cy5-CTP using the Quick-Amp Labeling Kit (Agilent) following manufacturer's instructions,Jan 07 2015,total RNA,total RNA,Homo sapiens,Slides were read on an Agilent G2505B scanner.  All  experiments were scanned with extended dynamic range enabled.,ovarian tumor 373,Public on Jan 07 2015,Jan 09 2014,ftp://ftp.ncbi.nlm.nih.gov/geo/samples/GSM1304nnn/GSM1304268/suppl/GSM1304268_B02_251485056521_S01_GE2-v5_95_Feb07_2_Off_1_3.txt.gz,9606,9606,RNA
GSM1304269,Ov_Tumor_Ref_Mix  vs. 380,106 pooled ovarian samples,ovarian serous tumor sample,GPL6480,Homo sapiens,ovarian,2,,2825 Santa Monica Blvd. Suite 200,Santa Monica,USA,Medicine,jdering@mednet.ucla.edu,UCLA School of Medicine,Translational Oncology Research,"Judy,,Dering",CA,90404,"Agilent Feature Extraced data was imported into Rosetta Resolver version 7.1.1  (Rosetta Inpharmatics LLC, Cambridge, MA). Multiple probes with the same sequence code were combined into a single value using the Rosetta Resolver error-weighted averaging method for combining repeated measures.",41000,,Total RNA extracted using Qiagen RNeasy Kit following manufacturer's protocol.,825 ng each of labeled reference mix (cy3 label) and individual sample (cy5 label) were applied to Whole Human Genome 4X44 microarrays (Agilent G4112F) using the In Situ Hybridization Kit Plus (Agilent) protocol,Cy3,Cy5,RNA were labeled with Cy3-CTP or Cy5-CTP using the Quick-Amp Labeling Kit (Agilent) following manufacturer's instructions,RNA were labeled with Cy3-CTP or Cy5-CTP using the Quick-Amp Labeling Kit (Agilent) following manufacturer's instructions,Jan 07 2015,total RNA,total RNA,Homo sapiens,Slides were read on an Agilent G2505B scanner.  All  experiments were scanned with extended dynamic range enabled.,ovarian tumor 380,Public on Jan 07 2015,Jan 09 2014,ftp://ftp.ncbi.nlm.nih.gov/geo/samples/GSM1304nnn/GSM1304269/suppl/GSM1304269_B02_251485056511_S01_GE2-v5_95_Feb07_2_Off_1_3.txt.gz,9606,9606,RNA
GSM1304270,Ov_Tumor_Ref_Mix  vs. 381,106 pooled ovarian samples,ovarian serous tumor sample,GPL6480,Homo sapiens,ovarian,2,,2825 Santa Monica Blvd. Suite 200,Santa Monica,USA,Medicine,jdering@mednet.ucla.edu,UCLA School of Medicine,Translational Oncology Research,"Judy,,Dering",CA,90404,"Agilent Feature Extraced data was imported into Rosetta Resolver version 7.1.1  (Rosetta Inpharmatics LLC, Cambridge, MA). Multiple probes with the same sequence code were combined into a single value using the Rosetta Resolver error-weighted averaging method for combining repeated measures.",41000,,Total RNA extracted using Qiagen RNeasy Kit following manufacturer's protocol.,825 ng each of labeled reference mix (cy3 label) and individual sample (cy5 label) were applied to Whole Human Genome 4X44 microarrays (Agilent G4112F) using the In Situ Hybridization Kit Plus (Agilent) protocol,Cy3,Cy5,RNA were labeled with Cy3-CTP or Cy5-CTP using the Quick-Amp Labeling Kit (Agilent) following manufacturer's instructions,RNA were labeled with Cy3-CTP or Cy5-CTP using the Quick-Amp Labeling Kit (Agilent) following manufacturer's instructions,Jan 07 2015,total RNA,total RNA,Homo sapiens,Slides were read on an Agilent G2505B scanner.  All  experiments were scanned with extended dynamic range enabled.,ovarian tumor 381,Public on Jan 07 2015,Jan 09 2014,ftp://ftp.ncbi.nlm.nih.gov/geo/samples/GSM1304nnn/GSM1304270/suppl/GSM1304270_B02_251485056511_S01_GE2-v5_95_Feb07_2_Off_1_1.txt.gz,9606,9606,RNA
GSM1304271,Ov_Tumor_Ref_Mix  vs. 385,106 pooled ovarian samples,ovarian serous tumor sample,GPL6480,Homo sapiens,ovarian,2,,2825 Santa Monica Blvd. Suite 200,Santa Monica,USA,Medicine,jdering@mednet.ucla.edu,UCLA School of Medicine,Translational Oncology Research,"Judy,,Dering",CA,90404,"Agilent Feature Extraced data was imported into Rosetta Resolver version 7.1.1  (Rosetta Inpharmatics LLC, Cambridge, MA). Multiple probes with the same sequence code were combined into a single value using the Rosetta Resolver error-weighted averaging method for combining repeated measures.",41000,,Total RNA extracted using Qiagen RNeasy Kit following manufacturer's protocol.,825 ng each of labeled reference mix (cy3 label) and individual sample (cy5 label) were applied to Whole Human Genome 4X44 microarrays (Agilent G4112F) using the In Situ Hybridization Kit Plus (Agilent) protocol,Cy3,Cy5,RNA were labeled with Cy3-CTP or Cy5-CTP using the Quick-Amp Labeling Kit (Agilent) following manufacturer's instructions,RNA were labeled with Cy3-CTP or Cy5-CTP using the Quick-Amp Labeling Kit (Agilent) following manufacturer's instructions,Jan 07 2015,total RNA,total RNA,Homo sapiens,Slides were read on an Agilent G2505B scanner.  All  experiments were scanned with extended dynamic range enabled.,ovarian tumor 385,Public on Jan 07 2015,Jan 09 2014,ftp://ftp.ncbi.nlm.nih.gov/geo/samples/GSM1304nnn/GSM1304271/suppl/GSM1304271_B02_251485056523_S01_GE2-v5_95_Feb07_2_Off_1_2.txt.gz,9606,9606,RNA
GSM1304272,Ov_Tumor_Ref_Mix  vs. 390,106 pooled ovarian samples,ovarian serous tumor sample,GPL6480,Homo sapiens,ovarian,2,,2825 Santa Monica Blvd. Suite 200,Santa Monica,USA,Medicine,jdering@mednet.ucla.edu,UCLA School of Medicine,Translational Oncology Research,"Judy,,Dering",CA,90404,"Agilent Feature Extraced data was imported into Rosetta Resolver version 7.1.1  (Rosetta Inpharmatics LLC, Cambridge, MA). Multiple probes with the same sequence code were combined into a single value using the Rosetta Resolver error-weighted averaging method for combining repeated measures.",41000,,Total RNA extracted using Qiagen RNeasy Kit following manufacturer's protocol.,825 ng each of labeled reference mix (cy3 label) and individual sample (cy5 label) were applied to Whole Human Genome 4X44 microarrays (Agilent G4112F) using the In Situ Hybridization Kit Plus (Agilent) protocol,Cy3,Cy5,RNA were labeled with Cy3-CTP or Cy5-CTP using the Quick-Amp Labeling Kit (Agilent) following manufacturer's instructions,RNA were labeled with Cy3-CTP or Cy5-CTP using the Quick-Amp Labeling Kit (Agilent) following manufacturer's instructions,Jan 07 2015,total RNA,total RNA,Homo sapiens,Slides were read on an Agilent G2505B scanner.  All  experiments were scanned with extended dynamic range enabled.,ovarian tumor 390,Public on Jan 07 2015,Jan 09 2014,ftp://ftp.ncbi.nlm.nih.gov/geo/samples/GSM1304nnn/GSM1304272/suppl/GSM1304272_B02_251485056511_S01_GE2-v5_95_Feb07_2_Off_1_4.txt.gz,9606,9606,RNA
GSM1304273,Ov_Tumor_Ref_Mix  vs. 392,106 pooled ovarian samples,ovarian serous tumor sample,GPL6480,Homo sapiens,ovarian,2,,2825 Santa Monica Blvd. Suite 200,Santa Monica,USA,Medicine,jdering@mednet.ucla.edu,UCLA School of Medicine,Translational Oncology Research,"Judy,,Dering",CA,90404,"Agilent Feature Extraced data was imported into Rosetta Resolver version 7.1.1  (Rosetta Inpharmatics LLC, Cambridge, MA). Multiple probes with the same sequence code were combined into a single value using the Rosetta Resolver error-weighted averaging method for combining repeated measures.",41000,,Total RNA extracted using Qiagen RNeasy Kit following manufacturer's protocol.,825 ng each of labeled reference mix (cy3 label) and individual sample (cy5 label) were applied to Whole Human Genome 4X44 microarrays (Agilent G4112F) using the In Situ Hybridization Kit Plus (Agilent) protocol,Cy3,Cy5,RNA were labeled with Cy3-CTP or Cy5-CTP using the Quick-Amp Labeling Kit (Agilent) following manufacturer's instructions,RNA were labeled with Cy3-CTP or Cy5-CTP using the Quick-Amp Labeling Kit (Agilent) following manufacturer's instructions,Jan 07 2015,total RNA,total RNA,Homo sapiens,Slides were read on an Agilent G2505B scanner.  All  experiments were scanned with extended dynamic range enabled.,ovarian tumor 392,Public on Jan 07 2015,Jan 09 2014,ftp://ftp.ncbi.nlm.nih.gov/geo/samples/GSM1304nnn/GSM1304273/suppl/GSM1304273_B02_251485056513_S01_GE2-v5_95_Feb07_2_Off_1_2.txt.gz,9606,9606,RNA
GSM1304274,Ov_Tumor_Ref_Mix  vs. 395,106 pooled ovarian samples,ovarian serous tumor sample,GPL6480,Homo sapiens,ovarian,2,,2825 Santa Monica Blvd. Suite 200,Santa Monica,USA,Medicine,jdering@mednet.ucla.edu,UCLA School of Medicine,Translational Oncology Research,"Judy,,Dering",CA,90404,"Agilent Feature Extraced data was imported into Rosetta Resolver version 7.1.1  (Rosetta Inpharmatics LLC, Cambridge, MA). Multiple probes with the same sequence code were combined into a single value using the Rosetta Resolver error-weighted averaging method for combining repeated measures.",41000,,Total RNA extracted using Qiagen RNeasy Kit following manufacturer's protocol.,825 ng each of labeled reference mix (cy3 label) and individual sample (cy5 label) were applied to Whole Human Genome 4X44 microarrays (Agilent G4112F) using the In Situ Hybridization Kit Plus (Agilent) protocol,Cy3,Cy5,RNA were labeled with Cy3-CTP or Cy5-CTP using the Quick-Amp Labeling Kit (Agilent) following manufacturer's instructions,RNA were labeled with Cy3-CTP or Cy5-CTP using the Quick-Amp Labeling Kit (Agilent) following manufacturer's instructions,Jan 07 2015,total RNA,total RNA,Homo sapiens,Slides were read on an Agilent G2505B scanner.  All  experiments were scanned with extended dynamic range enabled.,ovarian tumor 395,Public on Jan 07 2015,Jan 09 2014,ftp://ftp.ncbi.nlm.nih.gov/geo/samples/GSM1304nnn/GSM1304274/suppl/GSM1304274_B02_251485056522_S01_GE2-v5_95_Feb07_2_Off_1_4.txt.gz,9606,9606,RNA
GSM1304275,Ov_Tumor_Ref_Mix  vs. 396,106 pooled ovarian samples,ovarian serous tumor sample,GPL6480,Homo sapiens,ovarian,2,,2825 Santa Monica Blvd. Suite 200,Santa Monica,USA,Medicine,jdering@mednet.ucla.edu,UCLA School of Medicine,Translational Oncology Research,"Judy,,Dering",CA,90404,"Agilent Feature Extraced data was imported into Rosetta Resolver version 7.1.1  (Rosetta Inpharmatics LLC, Cambridge, MA). Multiple probes with the same sequence code were combined into a single value using the Rosetta Resolver error-weighted averaging method for combining repeated measures.",41000,,Total RNA extracted using Qiagen RNeasy Kit following manufacturer's protocol.,825 ng each of labeled reference mix (cy3 label) and individual sample (cy5 label) were applied to Whole Human Genome 4X44 microarrays (Agilent G4112F) using the In Situ Hybridization Kit Plus (Agilent) protocol,Cy3,Cy5,RNA were labeled with Cy3-CTP or Cy5-CTP using the Quick-Amp Labeling Kit (Agilent) following manufacturer's instructions,RNA were labeled with Cy3-CTP or Cy5-CTP using the Quick-Amp Labeling Kit (Agilent) following manufacturer's instructions,Jan 07 2015,total RNA,total RNA,Homo sapiens,Slides were read on an Agilent G2505B scanner.  All  experiments were scanned with extended dynamic range enabled.,ovarian tumor 396,Public on Jan 07 2015,Jan 09 2014,ftp://ftp.ncbi.nlm.nih.gov/geo/samples/GSM1304nnn/GSM1304275/suppl/GSM1304275_B02_251485056512_S01_GE2-v5_95_Feb07_2_Off_1_1.txt.gz,9606,9606,RNA
GSM1304276,Ov_Tumor_Ref_Mix  vs. 397,106 pooled ovarian samples,ovarian serous tumor sample,GPL6480,Homo sapiens,ovarian,2,,2825 Santa Monica Blvd. Suite 200,Santa Monica,USA,Medicine,jdering@mednet.ucla.edu,UCLA School of Medicine,Translational Oncology Research,"Judy,,Dering",CA,90404,"Agilent Feature Extraced data was imported into Rosetta Resolver version 7.1.1  (Rosetta Inpharmatics LLC, Cambridge, MA). Multiple probes with the same sequence code were combined into a single value using the Rosetta Resolver error-weighted averaging method for combining repeated measures.",41000,,Total RNA extracted using Qiagen RNeasy Kit following manufacturer's protocol.,825 ng each of labeled reference mix (cy3 label) and individual sample (cy5 label) were applied to Whole Human Genome 4X44 microarrays (Agilent G4112F) using the In Situ Hybridization Kit Plus (Agilent) protocol,Cy3,Cy5,RNA were labeled with Cy3-CTP or Cy5-CTP using the Quick-Amp Labeling Kit (Agilent) following manufacturer's instructions,RNA were labeled with Cy3-CTP or Cy5-CTP using the Quick-Amp Labeling Kit (Agilent) following manufacturer's instructions,Jan 07 2015,total RNA,total RNA,Homo sapiens,Slides were read on an Agilent G2505B scanner.  All  experiments were scanned with extended dynamic range enabled.,ovarian tumor 397,Public on Jan 07 2015,Jan 09 2014,ftp://ftp.ncbi.nlm.nih.gov/geo/samples/GSM1304nnn/GSM1304276/suppl/GSM1304276_B02_251485056514_S01_GE2-v5_95_Feb07_2_Off_1_2.txt.gz,9606,9606,RNA
GSM1304277,Ov_Tumor_Ref_Mix  vs. 399,106 pooled ovarian samples,ovarian serous tumor sample,GPL6480,Homo sapiens,ovarian,2,,2825 Santa Monica Blvd. Suite 200,Santa Monica,USA,Medicine,jdering@mednet.ucla.edu,UCLA School of Medicine,Translational Oncology Research,"Judy,,Dering",CA,90404,"Agilent Feature Extraced data was imported into Rosetta Resolver version 7.1.1  (Rosetta Inpharmatics LLC, Cambridge, MA). Multiple probes with the same sequence code were combined into a single value using the Rosetta Resolver error-weighted averaging method for combining repeated measures.",41000,,Total RNA extracted using Qiagen RNeasy Kit following manufacturer's protocol.,825 ng each of labeled reference mix (cy3 label) and individual sample (cy5 label) were applied to Whole Human Genome 4X44 microarrays (Agilent G4112F) using the In Situ Hybridization Kit Plus (Agilent) protocol,Cy3,Cy5,RNA were labeled with Cy3-CTP or Cy5-CTP using the Quick-Amp Labeling Kit (Agilent) following manufacturer's instructions,RNA were labeled with Cy3-CTP or Cy5-CTP using the Quick-Amp Labeling Kit (Agilent) following manufacturer's instructions,Jan 07 2015,total RNA,total RNA,Homo sapiens,Slides were read on an Agilent G2505B scanner.  All  experiments were scanned with extended dynamic range enabled.,ovarian tumor 399,Public on Jan 07 2015,Jan 09 2014,ftp://ftp.ncbi.nlm.nih.gov/geo/samples/GSM1304nnn/GSM1304277/suppl/GSM1304277_B02_251485049591_S01_GE2-v5_95_Feb07_2_Off_1_4.txt.gz,9606,9606,RNA
GSM1304278,Ov_Tumor_Ref_Mix  vs. 400,106 pooled ovarian samples,ovarian serous tumor sample,GPL6480,Homo sapiens,ovarian,2,,2825 Santa Monica Blvd. Suite 200,Santa Monica,USA,Medicine,jdering@mednet.ucla.edu,UCLA School of Medicine,Translational Oncology Research,"Judy,,Dering",CA,90404,"Agilent Feature Extraced data was imported into Rosetta Resolver version 7.1.1  (Rosetta Inpharmatics LLC, Cambridge, MA). Multiple probes with the same sequence code were combined into a single value using the Rosetta Resolver error-weighted averaging method for combining repeated measures.",41000,,Total RNA extracted using Qiagen RNeasy Kit following manufacturer's protocol.,825 ng each of labeled reference mix (cy3 label) and individual sample (cy5 label) were applied to Whole Human Genome 4X44 microarrays (Agilent G4112F) using the In Situ Hybridization Kit Plus (Agilent) protocol,Cy3,Cy5,RNA were labeled with Cy3-CTP or Cy5-CTP using the Quick-Amp Labeling Kit (Agilent) following manufacturer's instructions,RNA were labeled with Cy3-CTP or Cy5-CTP using the Quick-Amp Labeling Kit (Agilent) following manufacturer's instructions,Jan 07 2015,total RNA,total RNA,Homo sapiens,Slides were read on an Agilent G2505B scanner.  All  experiments were scanned with extended dynamic range enabled.,ovarian tumor 400,Public on Jan 07 2015,Jan 09 2014,ftp://ftp.ncbi.nlm.nih.gov/geo/samples/GSM1304nnn/GSM1304278/suppl/GSM1304278_B02_251485049592_S01_GE2-v5_95_Feb07_2_Off_1_1.txt.gz,9606,9606,RNA
GSM1304279,Ov_Tumor_Ref_Mix  vs. 402,106 pooled ovarian samples,ovarian serous tumor sample,GPL6480,Homo sapiens,ovarian,2,,2825 Santa Monica Blvd. Suite 200,Santa Monica,USA,Medicine,jdering@mednet.ucla.edu,UCLA School of Medicine,Translational Oncology Research,"Judy,,Dering",CA,90404,"Agilent Feature Extraced data was imported into Rosetta Resolver version 7.1.1  (Rosetta Inpharmatics LLC, Cambridge, MA). Multiple probes with the same sequence code were combined into a single value using the Rosetta Resolver error-weighted averaging method for combining repeated measures.",41000,,Total RNA extracted using Qiagen RNeasy Kit following manufacturer's protocol.,825 ng each of labeled reference mix (cy3 label) and individual sample (cy5 label) were applied to Whole Human Genome 4X44 microarrays (Agilent G4112F) using the In Situ Hybridization Kit Plus (Agilent) protocol,Cy3,Cy5,RNA were labeled with Cy3-CTP or Cy5-CTP using the Quick-Amp Labeling Kit (Agilent) following manufacturer's instructions,RNA were labeled with Cy3-CTP or Cy5-CTP using the Quick-Amp Labeling Kit (Agilent) following manufacturer's instructions,Jan 07 2015,total RNA,total RNA,Homo sapiens,Slides were read on an Agilent G2505B scanner.  All  experiments were scanned with extended dynamic range enabled.,ovarian tumor 402,Public on Jan 07 2015,Jan 09 2014,ftp://ftp.ncbi.nlm.nih.gov/geo/samples/GSM1304nnn/GSM1304279/suppl/GSM1304279_B02_251485049592_S01_GE2-v5_95_Feb07_2_Off_1_2.txt.gz,9606,9606,RNA
GSM1304280,Ov_Tumor_Ref_Mix  vs. 404,106 pooled ovarian samples,ovarian serous tumor sample,GPL6480,Homo sapiens,ovarian,2,,2825 Santa Monica Blvd. Suite 200,Santa Monica,USA,Medicine,jdering@mednet.ucla.edu,UCLA School of Medicine,Translational Oncology Research,"Judy,,Dering",CA,90404,"Agilent Feature Extraced data was imported into Rosetta Resolver version 7.1.1  (Rosetta Inpharmatics LLC, Cambridge, MA). Multiple probes with the same sequence code were combined into a single value using the Rosetta Resolver error-weighted averaging method for combining repeated measures.",41000,,Total RNA extracted using Qiagen RNeasy Kit following manufacturer's protocol.,825 ng each of labeled reference mix (cy3 label) and individual sample (cy5 label) were applied to Whole Human Genome 4X44 microarrays (Agilent G4112F) using the In Situ Hybridization Kit Plus (Agilent) protocol,Cy3,Cy5,RNA were labeled with Cy3-CTP or Cy5-CTP using the Quick-Amp Labeling Kit (Agilent) following manufacturer's instructions,RNA were labeled with Cy3-CTP or Cy5-CTP using the Quick-Amp Labeling Kit (Agilent) following manufacturer's instructions,Jan 07 2015,total RNA,total RNA,Homo sapiens,Slides were read on an Agilent G2505B scanner.  All  experiments were scanned with extended dynamic range enabled.,ovarian tumor 404,Public on Jan 07 2015,Jan 09 2014,ftp://ftp.ncbi.nlm.nih.gov/geo/samples/GSM1304nnn/GSM1304280/suppl/GSM1304280_B02_251485049592_S01_GE2-v5_95_Feb07_2_Off_1_3.txt.gz,9606,9606,RNA
GSM1304281,Ov_Tumor_Ref_Mix  vs. 405,106 pooled ovarian samples,ovarian serous tumor sample,GPL6480,Homo sapiens,ovarian,2,,2825 Santa Monica Blvd. Suite 200,Santa Monica,USA,Medicine,jdering@mednet.ucla.edu,UCLA School of Medicine,Translational Oncology Research,"Judy,,Dering",CA,90404,"Agilent Feature Extraced data was imported into Rosetta Resolver version 7.1.1  (Rosetta Inpharmatics LLC, Cambridge, MA). Multiple probes with the same sequence code were combined into a single value using the Rosetta Resolver error-weighted averaging method for combining repeated measures.",41000,,Total RNA extracted using Qiagen RNeasy Kit following manufacturer's protocol.,825 ng each of labeled reference mix (cy3 label) and individual sample (cy5 label) were applied to Whole Human Genome 4X44 microarrays (Agilent G4112F) using the In Situ Hybridization Kit Plus (Agilent) protocol,Cy3,Cy5,RNA were labeled with Cy3-CTP or Cy5-CTP using the Quick-Amp Labeling Kit (Agilent) following manufacturer's instructions,RNA were labeled with Cy3-CTP or Cy5-CTP using the Quick-Amp Labeling Kit (Agilent) following manufacturer's instructions,Jan 07 2015,total RNA,total RNA,Homo sapiens,Slides were read on an Agilent G2505B scanner.  All  experiments were scanned with extended dynamic range enabled.,ovarian tumor 405,Public on Jan 07 2015,Jan 09 2014,ftp://ftp.ncbi.nlm.nih.gov/geo/samples/GSM1304nnn/GSM1304281/suppl/GSM1304281_B02_251485049592_S01_GE2-v5_95_Feb07_2_Off_1_4.txt.gz,9606,9606,RNA
GSM1304282,Ov_Tumor_Ref_Mix  vs. 418,106 pooled ovarian samples,ovarian serous tumor sample,GPL6480,Homo sapiens,ovarian,2,,2825 Santa Monica Blvd. Suite 200,Santa Monica,USA,Medicine,jdering@mednet.ucla.edu,UCLA School of Medicine,Translational Oncology Research,"Judy,,Dering",CA,90404,"Agilent Feature Extraced data was imported into Rosetta Resolver version 7.1.1  (Rosetta Inpharmatics LLC, Cambridge, MA). Multiple probes with the same sequence code were combined into a single value using the Rosetta Resolver error-weighted averaging method for combining repeated measures.",41000,,Total RNA extracted using Qiagen RNeasy Kit following manufacturer's protocol.,825 ng each of labeled reference mix (cy3 label) and individual sample (cy5 label) were applied to Whole Human Genome 4X44 microarrays (Agilent G4112F) using the In Situ Hybridization Kit Plus (Agilent) protocol,Cy3,Cy5,RNA were labeled with Cy3-CTP or Cy5-CTP using the Quick-Amp Labeling Kit (Agilent) following manufacturer's instructions,RNA were labeled with Cy3-CTP or Cy5-CTP using the Quick-Amp Labeling Kit (Agilent) following manufacturer's instructions,Jan 07 2015,total RNA,total RNA,Homo sapiens,Slides were read on an Agilent G2505B scanner.  All  experiments were scanned with extended dynamic range enabled.,ovarian tumor 418,Public on Jan 07 2015,Jan 09 2014,ftp://ftp.ncbi.nlm.nih.gov/geo/samples/GSM1304nnn/GSM1304282/suppl/GSM1304282_B02_251485056105_S01_GE2-v5_95_Feb07_2_Off_1_1.txt.gz,9606,9606,RNA
GSM1304283,Ov_Tumor_Ref_Mix  vs. 422,106 pooled ovarian samples,ovarian serous tumor sample,GPL6480,Homo sapiens,ovarian,2,,2825 Santa Monica Blvd. Suite 200,Santa Monica,USA,Medicine,jdering@mednet.ucla.edu,UCLA School of Medicine,Translational Oncology Research,"Judy,,Dering",CA,90404,"Agilent Feature Extraced data was imported into Rosetta Resolver version 7.1.1  (Rosetta Inpharmatics LLC, Cambridge, MA). Multiple probes with the same sequence code were combined into a single value using the Rosetta Resolver error-weighted averaging method for combining repeated measures.",41000,,Total RNA extracted using Qiagen RNeasy Kit following manufacturer's protocol.,825 ng each of labeled reference mix (cy3 label) and individual sample (cy5 label) were applied to Whole Human Genome 4X44 microarrays (Agilent G4112F) using the In Situ Hybridization Kit Plus (Agilent) protocol,Cy3,Cy5,RNA were labeled with Cy3-CTP or Cy5-CTP using the Quick-Amp Labeling Kit (Agilent) following manufacturer's instructions,RNA were labeled with Cy3-CTP or Cy5-CTP using the Quick-Amp Labeling Kit (Agilent) following manufacturer's instructions,Jan 07 2015,total RNA,total RNA,Homo sapiens,Slides were read on an Agilent G2505B scanner.  All  experiments were scanned with extended dynamic range enabled.,ovarian tumor 422,Public on Jan 07 2015,Jan 09 2014,ftp://ftp.ncbi.nlm.nih.gov/geo/samples/GSM1304nnn/GSM1304283/suppl/GSM1304283_B02_251485049593_S01_GE2-v5_95_Feb07_2_Off_1_2.txt.gz,9606,9606,RNA
GSM1304284,Ov_Tumor_Ref_Mix  vs. 427,106 pooled ovarian samples,ovarian serous tumor sample,GPL6480,Homo sapiens,ovarian,2,,2825 Santa Monica Blvd. Suite 200,Santa Monica,USA,Medicine,jdering@mednet.ucla.edu,UCLA School of Medicine,Translational Oncology Research,"Judy,,Dering",CA,90404,"Agilent Feature Extraced data was imported into Rosetta Resolver version 7.1.1  (Rosetta Inpharmatics LLC, Cambridge, MA). Multiple probes with the same sequence code were combined into a single value using the Rosetta Resolver error-weighted averaging method for combining repeated measures.",41000,,Total RNA extracted using Qiagen RNeasy Kit following manufacturer's protocol.,825 ng each of labeled reference mix (cy3 label) and individual sample (cy5 label) were applied to Whole Human Genome 4X44 microarrays (Agilent G4112F) using the In Situ Hybridization Kit Plus (Agilent) protocol,Cy3,Cy5,RNA were labeled with Cy3-CTP or Cy5-CTP using the Quick-Amp Labeling Kit (Agilent) following manufacturer's instructions,RNA were labeled with Cy3-CTP or Cy5-CTP using the Quick-Amp Labeling Kit (Agilent) following manufacturer's instructions,Jan 07 2015,total RNA,total RNA,Homo sapiens,Slides were read on an Agilent G2505B scanner.  All  experiments were scanned with extended dynamic range enabled.,ovarian tumor 427,Public on Jan 07 2015,Jan 09 2014,ftp://ftp.ncbi.nlm.nih.gov/geo/samples/GSM1304nnn/GSM1304284/suppl/GSM1304284_B02_251485049593_S01_GE2-v5_95_Feb07_2_Off_1_3.txt.gz,9606,9606,RNA
GSM1304285,Ov_Tumor_Ref_Mix  vs. 428,106 pooled ovarian samples,ovarian serous tumor sample,GPL6480,Homo sapiens,ovarian,2,,2825 Santa Monica Blvd. Suite 200,Santa Monica,USA,Medicine,jdering@mednet.ucla.edu,UCLA School of Medicine,Translational Oncology Research,"Judy,,Dering",CA,90404,"Agilent Feature Extraced data was imported into Rosetta Resolver version 7.1.1  (Rosetta Inpharmatics LLC, Cambridge, MA). Multiple probes with the same sequence code were combined into a single value using the Rosetta Resolver error-weighted averaging method for combining repeated measures.",41000,,Total RNA extracted using Qiagen RNeasy Kit following manufacturer's protocol.,825 ng each of labeled reference mix (cy3 label) and individual sample (cy5 label) were applied to Whole Human Genome 4X44 microarrays (Agilent G4112F) using the In Situ Hybridization Kit Plus (Agilent) protocol,Cy3,Cy5,RNA were labeled with Cy3-CTP or Cy5-CTP using the Quick-Amp Labeling Kit (Agilent) following manufacturer's instructions,RNA were labeled with Cy3-CTP or Cy5-CTP using the Quick-Amp Labeling Kit (Agilent) following manufacturer's instructions,Jan 07 2015,total RNA,total RNA,Homo sapiens,Slides were read on an Agilent G2505B scanner.  All  experiments were scanned with extended dynamic range enabled.,ovarian tumor 428,Public on Jan 07 2015,Jan 09 2014,ftp://ftp.ncbi.nlm.nih.gov/geo/samples/GSM1304nnn/GSM1304285/suppl/GSM1304285_B02_251485049593_S01_GE2-v5_95_Feb07_2_Off_1_4.txt.gz,9606,9606,RNA
GSM1304286,Ov_Tumor_Ref_Mix  vs. 440,106 pooled ovarian samples,ovarian serous tumor sample,GPL6480,Homo sapiens,ovarian,2,,2825 Santa Monica Blvd. Suite 200,Santa Monica,USA,Medicine,jdering@mednet.ucla.edu,UCLA School of Medicine,Translational Oncology Research,"Judy,,Dering",CA,90404,"Agilent Feature Extraced data was imported into Rosetta Resolver version 7.1.1  (Rosetta Inpharmatics LLC, Cambridge, MA). Multiple probes with the same sequence code were combined into a single value using the Rosetta Resolver error-weighted averaging method for combining repeated measures.",41000,,Total RNA extracted using Qiagen RNeasy Kit following manufacturer's protocol.,825 ng each of labeled reference mix (cy3 label) and individual sample (cy5 label) were applied to Whole Human Genome 4X44 microarrays (Agilent G4112F) using the In Situ Hybridization Kit Plus (Agilent) protocol,Cy3,Cy5,RNA were labeled with Cy3-CTP or Cy5-CTP using the Quick-Amp Labeling Kit (Agilent) following manufacturer's instructions,RNA were labeled with Cy3-CTP or Cy5-CTP using the Quick-Amp Labeling Kit (Agilent) following manufacturer's instructions,Jan 07 2015,total RNA,total RNA,Homo sapiens,Slides were read on an Agilent G2505B scanner.  All  experiments were scanned with extended dynamic range enabled.,ovarian tumor 440,Public on Jan 07 2015,Jan 09 2014,ftp://ftp.ncbi.nlm.nih.gov/geo/samples/GSM1304nnn/GSM1304286/suppl/GSM1304286_B02_251485049594_S01_GE2-v5_95_Feb07_2_Off_1_1.txt.gz,9606,9606,RNA
GSM1304287,Ov_Tumor_Ref_Mix  vs. 444,106 pooled ovarian samples,ovarian serous tumor sample,GPL6480,Homo sapiens,ovarian,2,,2825 Santa Monica Blvd. Suite 200,Santa Monica,USA,Medicine,jdering@mednet.ucla.edu,UCLA School of Medicine,Translational Oncology Research,"Judy,,Dering",CA,90404,"Agilent Feature Extraced data was imported into Rosetta Resolver version 7.1.1  (Rosetta Inpharmatics LLC, Cambridge, MA). Multiple probes with the same sequence code were combined into a single value using the Rosetta Resolver error-weighted averaging method for combining repeated measures.",41000,,Total RNA extracted using Qiagen RNeasy Kit following manufacturer's protocol.,825 ng each of labeled reference mix (cy3 label) and individual sample (cy5 label) were applied to Whole Human Genome 4X44 microarrays (Agilent G4112F) using the In Situ Hybridization Kit Plus (Agilent) protocol,Cy3,Cy5,RNA were labeled with Cy3-CTP or Cy5-CTP using the Quick-Amp Labeling Kit (Agilent) following manufacturer's instructions,RNA were labeled with Cy3-CTP or Cy5-CTP using the Quick-Amp Labeling Kit (Agilent) following manufacturer's instructions,Jan 07 2015,total RNA,total RNA,Homo sapiens,Slides were read on an Agilent G2505B scanner.  All  experiments were scanned with extended dynamic range enabled.,ovarian tumor 444,Public on Jan 07 2015,Jan 09 2014,ftp://ftp.ncbi.nlm.nih.gov/geo/samples/GSM1304nnn/GSM1304287/suppl/GSM1304287_B02_251485049594_S01_GE2-v5_95_Feb07_2_Off_1_2.txt.gz,9606,9606,RNA
GSM1304288,Ov_Tumor_Ref_Mix  vs. 447,106 pooled ovarian samples,ovarian serous tumor sample,GPL6480,Homo sapiens,ovarian,2,,2825 Santa Monica Blvd. Suite 200,Santa Monica,USA,Medicine,jdering@mednet.ucla.edu,UCLA School of Medicine,Translational Oncology Research,"Judy,,Dering",CA,90404,"Agilent Feature Extraced data was imported into Rosetta Resolver version 7.1.1  (Rosetta Inpharmatics LLC, Cambridge, MA). Multiple probes with the same sequence code were combined into a single value using the Rosetta Resolver error-weighted averaging method for combining repeated measures.",41000,,Total RNA extracted using Qiagen RNeasy Kit following manufacturer's protocol.,825 ng each of labeled reference mix (cy3 label) and individual sample (cy5 label) were applied to Whole Human Genome 4X44 microarrays (Agilent G4112F) using the In Situ Hybridization Kit Plus (Agilent) protocol,Cy3,Cy5,RNA were labeled with Cy3-CTP or Cy5-CTP using the Quick-Amp Labeling Kit (Agilent) following manufacturer's instructions,RNA were labeled with Cy3-CTP or Cy5-CTP using the Quick-Amp Labeling Kit (Agilent) following manufacturer's instructions,Jan 07 2015,total RNA,total RNA,Homo sapiens,Slides were read on an Agilent G2505B scanner.  All  experiments were scanned with extended dynamic range enabled.,ovarian tumor 447,Public on Jan 07 2015,Jan 09 2014,ftp://ftp.ncbi.nlm.nih.gov/geo/samples/GSM1304nnn/GSM1304288/suppl/GSM1304288_B02_251485049594_S01_GE2-v5_95_Feb07_2_Off_1_3.txt.gz,9606,9606,RNA
GSM1304289,Ov_Tumor_Ref_Mix  vs. 448,106 pooled ovarian samples,ovarian serous tumor sample,GPL6480,Homo sapiens,ovarian,2,,2825 Santa Monica Blvd. Suite 200,Santa Monica,USA,Medicine,jdering@mednet.ucla.edu,UCLA School of Medicine,Translational Oncology Research,"Judy,,Dering",CA,90404,"Agilent Feature Extraced data was imported into Rosetta Resolver version 7.1.1  (Rosetta Inpharmatics LLC, Cambridge, MA). Multiple probes with the same sequence code were combined into a single value using the Rosetta Resolver error-weighted averaging method for combining repeated measures.",41000,,Total RNA extracted using Qiagen RNeasy Kit following manufacturer's protocol.,825 ng each of labeled reference mix (cy3 label) and individual sample (cy5 label) were applied to Whole Human Genome 4X44 microarrays (Agilent G4112F) using the In Situ Hybridization Kit Plus (Agilent) protocol,Cy3,Cy5,RNA were labeled with Cy3-CTP or Cy5-CTP using the Quick-Amp Labeling Kit (Agilent) following manufacturer's instructions,RNA were labeled with Cy3-CTP or Cy5-CTP using the Quick-Amp Labeling Kit (Agilent) following manufacturer's instructions,Jan 07 2015,total RNA,total RNA,Homo sapiens,Slides were read on an Agilent G2505B scanner.  All  experiments were scanned with extended dynamic range enabled.,ovarian tumor 448,Public on Jan 07 2015,Jan 09 2014,ftp://ftp.ncbi.nlm.nih.gov/geo/samples/GSM1304nnn/GSM1304289/suppl/GSM1304289_B02_251485049594_S01_GE2-v5_95_Feb07_2_Off_1_4.txt.gz,9606,9606,RNA
GSM1304290,Ov_Tumor_Ref_Mix  vs. 472,106 pooled ovarian samples,ovarian serous tumor sample,GPL6480,Homo sapiens,ovarian,2,,2825 Santa Monica Blvd. Suite 200,Santa Monica,USA,Medicine,jdering@mednet.ucla.edu,UCLA School of Medicine,Translational Oncology Research,"Judy,,Dering",CA,90404,"Agilent Feature Extraced data was imported into Rosetta Resolver version 7.1.1  (Rosetta Inpharmatics LLC, Cambridge, MA). Multiple probes with the same sequence code were combined into a single value using the Rosetta Resolver error-weighted averaging method for combining repeated measures.",41000,,Total RNA extracted using Qiagen RNeasy Kit following manufacturer's protocol.,825 ng each of labeled reference mix (cy3 label) and individual sample (cy5 label) were applied to Whole Human Genome 4X44 microarrays (Agilent G4112F) using the In Situ Hybridization Kit Plus (Agilent) protocol,Cy3,Cy5,RNA were labeled with Cy3-CTP or Cy5-CTP using the Quick-Amp Labeling Kit (Agilent) following manufacturer's instructions,RNA were labeled with Cy3-CTP or Cy5-CTP using the Quick-Amp Labeling Kit (Agilent) following manufacturer's instructions,Jan 07 2015,total RNA,total RNA,Homo sapiens,Slides were read on an Agilent G2505B scanner.  All  experiments were scanned with extended dynamic range enabled.,ovarian tumor 472,Public on Jan 07 2015,Jan 09 2014,ftp://ftp.ncbi.nlm.nih.gov/geo/samples/GSM1304nnn/GSM1304290/suppl/GSM1304290_B02_251485049590_S01_GE2-v5_95_Feb07_2_Off_1_2.txt.gz,9606,9606,RNA
GSM1304291,Ov_Tumor_Ref_Mix  vs. 474,106 pooled ovarian samples,ovarian serous tumor sample,GPL6480,Homo sapiens,ovarian,2,,2825 Santa Monica Blvd. Suite 200,Santa Monica,USA,Medicine,jdering@mednet.ucla.edu,UCLA School of Medicine,Translational Oncology Research,"Judy,,Dering",CA,90404,"Agilent Feature Extraced data was imported into Rosetta Resolver version 7.1.1  (Rosetta Inpharmatics LLC, Cambridge, MA). Multiple probes with the same sequence code were combined into a single value using the Rosetta Resolver error-weighted averaging method for combining repeated measures.",41000,,Total RNA extracted using Qiagen RNeasy Kit following manufacturer's protocol.,825 ng each of labeled reference mix (cy3 label) and individual sample (cy5 label) were applied to Whole Human Genome 4X44 microarrays (Agilent G4112F) using the In Situ Hybridization Kit Plus (Agilent) protocol,Cy3,Cy5,RNA were labeled with Cy3-CTP or Cy5-CTP using the Quick-Amp Labeling Kit (Agilent) following manufacturer's instructions,RNA were labeled with Cy3-CTP or Cy5-CTP using the Quick-Amp Labeling Kit (Agilent) following manufacturer's instructions,Jan 07 2015,total RNA,total RNA,Homo sapiens,Slides were read on an Agilent G2505B scanner.  All  experiments were scanned with extended dynamic range enabled.,ovarian tumor 474,Public on Jan 07 2015,Jan 09 2014,ftp://ftp.ncbi.nlm.nih.gov/geo/samples/GSM1304nnn/GSM1304291/suppl/GSM1304291_B02_251485049590_S01_GE2-v5_95_Feb07_2_Off_1_3.txt.gz,9606,9606,RNA
GSM1304292,Ov_Tumor_Ref_Mix  vs. 478,106 pooled ovarian samples,ovarian serous tumor sample,GPL6480,Homo sapiens,ovarian,2,,2825 Santa Monica Blvd. Suite 200,Santa Monica,USA,Medicine,jdering@mednet.ucla.edu,UCLA School of Medicine,Translational Oncology Research,"Judy,,Dering",CA,90404,"Agilent Feature Extraced data was imported into Rosetta Resolver version 7.1.1  (Rosetta Inpharmatics LLC, Cambridge, MA). Multiple probes with the same sequence code were combined into a single value using the Rosetta Resolver error-weighted averaging method for combining repeated measures.",41000,,Total RNA extracted using Qiagen RNeasy Kit following manufacturer's protocol.,825 ng each of labeled reference mix (cy3 label) and individual sample (cy5 label) were applied to Whole Human Genome 4X44 microarrays (Agilent G4112F) using the In Situ Hybridization Kit Plus (Agilent) protocol,Cy3,Cy5,RNA were labeled with Cy3-CTP or Cy5-CTP using the Quick-Amp Labeling Kit (Agilent) following manufacturer's instructions,RNA were labeled with Cy3-CTP or Cy5-CTP using the Quick-Amp Labeling Kit (Agilent) following manufacturer's instructions,Jan 07 2015,total RNA,total RNA,Homo sapiens,Slides were read on an Agilent G2505B scanner.  All  experiments were scanned with extended dynamic range enabled.,ovarian tumor 478,Public on Jan 07 2015,Jan 09 2014,ftp://ftp.ncbi.nlm.nih.gov/geo/samples/GSM1304nnn/GSM1304292/suppl/GSM1304292_B02_251485056474_S01_GE2-v5_95_Feb07_2_Off_1_3.txt.gz,9606,9606,RNA
GSM1304293,Ov_Tumor_Ref_Mix  vs. 485,106 pooled ovarian samples,ovarian serous tumor sample,GPL6480,Homo sapiens,ovarian,2,,2825 Santa Monica Blvd. Suite 200,Santa Monica,USA,Medicine,jdering@mednet.ucla.edu,UCLA School of Medicine,Translational Oncology Research,"Judy,,Dering",CA,90404,"Agilent Feature Extraced data was imported into Rosetta Resolver version 7.1.1  (Rosetta Inpharmatics LLC, Cambridge, MA). Multiple probes with the same sequence code were combined into a single value using the Rosetta Resolver error-weighted averaging method for combining repeated measures.",41000,,Total RNA extracted using Qiagen RNeasy Kit following manufacturer's protocol.,825 ng each of labeled reference mix (cy3 label) and individual sample (cy5 label) were applied to Whole Human Genome 4X44 microarrays (Agilent G4112F) using the In Situ Hybridization Kit Plus (Agilent) protocol,Cy3,Cy5,RNA were labeled with Cy3-CTP or Cy5-CTP using the Quick-Amp Labeling Kit (Agilent) following manufacturer's instructions,RNA were labeled with Cy3-CTP or Cy5-CTP using the Quick-Amp Labeling Kit (Agilent) following manufacturer's instructions,Jan 07 2015,total RNA,total RNA,Homo sapiens,Slides were read on an Agilent G2505B scanner.  All  experiments were scanned with extended dynamic range enabled.,ovarian tumor 485,Public on Jan 07 2015,Jan 09 2014,ftp://ftp.ncbi.nlm.nih.gov/geo/samples/GSM1304nnn/GSM1304293/suppl/GSM1304293_B02_251485056237_S01_GE2-v5_95_Feb07_2_Off_1_2.txt.gz,9606,9606,RNA
GSM1304294,Ov_Tumor_Ref_Mix  vs. 488,106 pooled ovarian samples,ovarian serous tumor sample,GPL6480,Homo sapiens,ovarian,2,,2825 Santa Monica Blvd. Suite 200,Santa Monica,USA,Medicine,jdering@mednet.ucla.edu,UCLA School of Medicine,Translational Oncology Research,"Judy,,Dering",CA,90404,"Agilent Feature Extraced data was imported into Rosetta Resolver version 7.1.1  (Rosetta Inpharmatics LLC, Cambridge, MA). Multiple probes with the same sequence code were combined into a single value using the Rosetta Resolver error-weighted averaging method for combining repeated measures.",41000,,Total RNA extracted using Qiagen RNeasy Kit following manufacturer's protocol.,825 ng each of labeled reference mix (cy3 label) and individual sample (cy5 label) were applied to Whole Human Genome 4X44 microarrays (Agilent G4112F) using the In Situ Hybridization Kit Plus (Agilent) protocol,Cy3,Cy5,RNA were labeled with Cy3-CTP or Cy5-CTP using the Quick-Amp Labeling Kit (Agilent) following manufacturer's instructions,RNA were labeled with Cy3-CTP or Cy5-CTP using the Quick-Amp Labeling Kit (Agilent) following manufacturer's instructions,Jan 07 2015,total RNA,total RNA,Homo sapiens,Slides were read on an Agilent G2505B scanner.  All  experiments were scanned with extended dynamic range enabled.,ovarian tumor 488,Public on Jan 07 2015,Jan 09 2014,ftp://ftp.ncbi.nlm.nih.gov/geo/samples/GSM1304nnn/GSM1304294/suppl/GSM1304294_B02_251485056237_S01_GE2-v5_95_Feb07_2_Off_1_3.txt.gz,9606,9606,RNA
GSM1304295,Ov_Tumor_Ref_Mix  vs. 500,106 pooled ovarian samples,ovarian serous tumor sample,GPL6480,Homo sapiens,ovarian,2,,2825 Santa Monica Blvd. Suite 200,Santa Monica,USA,Medicine,jdering@mednet.ucla.edu,UCLA School of Medicine,Translational Oncology Research,"Judy,,Dering",CA,90404,"Agilent Feature Extraced data was imported into Rosetta Resolver version 7.1.1  (Rosetta Inpharmatics LLC, Cambridge, MA). Multiple probes with the same sequence code were combined into a single value using the Rosetta Resolver error-weighted averaging method for combining repeated measures.",41000,,Total RNA extracted using Qiagen RNeasy Kit following manufacturer's protocol.,825 ng each of labeled reference mix (cy3 label) and individual sample (cy5 label) were applied to Whole Human Genome 4X44 microarrays (Agilent G4112F) using the In Situ Hybridization Kit Plus (Agilent) protocol,Cy3,Cy5,RNA were labeled with Cy3-CTP or Cy5-CTP using the Quick-Amp Labeling Kit (Agilent) following manufacturer's instructions,RNA were labeled with Cy3-CTP or Cy5-CTP using the Quick-Amp Labeling Kit (Agilent) following manufacturer's instructions,Jan 07 2015,total RNA,total RNA,Homo sapiens,Slides were read on an Agilent G2505B scanner.  All  experiments were scanned with extended dynamic range enabled.,ovarian tumor 500,Public on Jan 07 2015,Jan 09 2014,ftp://ftp.ncbi.nlm.nih.gov/geo/samples/GSM1304nnn/GSM1304295/suppl/GSM1304295_B02_251485056237_S01_GE2-v5_95_Feb07_2_Off_1_4.txt.gz,9606,9606,RNA
GSM1304296,Ov_Tumor_Ref_Mix  vs. 501,106 pooled ovarian samples,ovarian serous tumor sample,GPL6480,Homo sapiens,ovarian,2,,2825 Santa Monica Blvd. Suite 200,Santa Monica,USA,Medicine,jdering@mednet.ucla.edu,UCLA School of Medicine,Translational Oncology Research,"Judy,,Dering",CA,90404,"Agilent Feature Extraced data was imported into Rosetta Resolver version 7.1.1  (Rosetta Inpharmatics LLC, Cambridge, MA). Multiple probes with the same sequence code were combined into a single value using the Rosetta Resolver error-weighted averaging method for combining repeated measures.",41000,,Total RNA extracted using Qiagen RNeasy Kit following manufacturer's protocol.,825 ng each of labeled reference mix (cy3 label) and individual sample (cy5 label) were applied to Whole Human Genome 4X44 microarrays (Agilent G4112F) using the In Situ Hybridization Kit Plus (Agilent) protocol,Cy3,Cy5,RNA were labeled with Cy3-CTP or Cy5-CTP using the Quick-Amp Labeling Kit (Agilent) following manufacturer's instructions,RNA were labeled with Cy3-CTP or Cy5-CTP using the Quick-Amp Labeling Kit (Agilent) following manufacturer's instructions,Jan 07 2015,total RNA,total RNA,Homo sapiens,Slides were read on an Agilent G2505B scanner.  All  experiments were scanned with extended dynamic range enabled.,ovarian tumor 501,Public on Jan 07 2015,Jan 09 2014,ftp://ftp.ncbi.nlm.nih.gov/geo/samples/GSM1304nnn/GSM1304296/suppl/GSM1304296_B02_251485056238_S01_GE2-v5_95_Feb07_2_Off_1_1.txt.gz,9606,9606,RNA
GSM1304297,Ov_Tumor_Ref_Mix  vs. 502,106 pooled ovarian samples,ovarian serous tumor sample,GPL6480,Homo sapiens,ovarian,2,,2825 Santa Monica Blvd. Suite 200,Santa Monica,USA,Medicine,jdering@mednet.ucla.edu,UCLA School of Medicine,Translational Oncology Research,"Judy,,Dering",CA,90404,"Agilent Feature Extraced data was imported into Rosetta Resolver version 7.1.1  (Rosetta Inpharmatics LLC, Cambridge, MA). Multiple probes with the same sequence code were combined into a single value using the Rosetta Resolver error-weighted averaging method for combining repeated measures.",41000,,Total RNA extracted using Qiagen RNeasy Kit following manufacturer's protocol.,825 ng each of labeled reference mix (cy3 label) and individual sample (cy5 label) were applied to Whole Human Genome 4X44 microarrays (Agilent G4112F) using the In Situ Hybridization Kit Plus (Agilent) protocol,Cy3,Cy5,RNA were labeled with Cy3-CTP or Cy5-CTP using the Quick-Amp Labeling Kit (Agilent) following manufacturer's instructions,RNA were labeled with Cy3-CTP or Cy5-CTP using the Quick-Amp Labeling Kit (Agilent) following manufacturer's instructions,Jan 07 2015,total RNA,total RNA,Homo sapiens,Slides were read on an Agilent G2505B scanner.  All  experiments were scanned with extended dynamic range enabled.,ovarian tumor 502,Public on Jan 07 2015,Jan 09 2014,ftp://ftp.ncbi.nlm.nih.gov/geo/samples/GSM1304nnn/GSM1304297/suppl/GSM1304297_B02_251485056238_S01_GE2-v5_95_Feb07_2_Off_1_2.txt.gz,9606,9606,RNA
GSM1304298,Ov_Tumor_Ref_Mix  vs. 503,106 pooled ovarian samples,ovarian serous tumor sample,GPL6480,Homo sapiens,ovarian,2,,2825 Santa Monica Blvd. Suite 200,Santa Monica,USA,Medicine,jdering@mednet.ucla.edu,UCLA School of Medicine,Translational Oncology Research,"Judy,,Dering",CA,90404,"Agilent Feature Extraced data was imported into Rosetta Resolver version 7.1.1  (Rosetta Inpharmatics LLC, Cambridge, MA). Multiple probes with the same sequence code were combined into a single value using the Rosetta Resolver error-weighted averaging method for combining repeated measures.",41000,,Total RNA extracted using Qiagen RNeasy Kit following manufacturer's protocol.,825 ng each of labeled reference mix (cy3 label) and individual sample (cy5 label) were applied to Whole Human Genome 4X44 microarrays (Agilent G4112F) using the In Situ Hybridization Kit Plus (Agilent) protocol,Cy3,Cy5,RNA were labeled with Cy3-CTP or Cy5-CTP using the Quick-Amp Labeling Kit (Agilent) following manufacturer's instructions,RNA were labeled with Cy3-CTP or Cy5-CTP using the Quick-Amp Labeling Kit (Agilent) following manufacturer's instructions,Jan 07 2015,total RNA,total RNA,Homo sapiens,Slides were read on an Agilent G2505B scanner.  All  experiments were scanned with extended dynamic range enabled.,ovarian tumor 503,Public on Jan 07 2015,Jan 09 2014,ftp://ftp.ncbi.nlm.nih.gov/geo/samples/GSM1304nnn/GSM1304298/suppl/GSM1304298_B02_251485056238_S01_GE2-v5_95_Feb07_2_Off_1_3.txt.gz,9606,9606,RNA
GSM1304299,Ov_Tumor_Ref_Mix  vs. 508,106 pooled ovarian samples,ovarian serous tumor sample,GPL6480,Homo sapiens,ovarian,2,,2825 Santa Monica Blvd. Suite 200,Santa Monica,USA,Medicine,jdering@mednet.ucla.edu,UCLA School of Medicine,Translational Oncology Research,"Judy,,Dering",CA,90404,"Agilent Feature Extraced data was imported into Rosetta Resolver version 7.1.1  (Rosetta Inpharmatics LLC, Cambridge, MA). Multiple probes with the same sequence code were combined into a single value using the Rosetta Resolver error-weighted averaging method for combining repeated measures.",41000,,Total RNA extracted using Qiagen RNeasy Kit following manufacturer's protocol.,825 ng each of labeled reference mix (cy3 label) and individual sample (cy5 label) were applied to Whole Human Genome 4X44 microarrays (Agilent G4112F) using the In Situ Hybridization Kit Plus (Agilent) protocol,Cy3,Cy5,RNA were labeled with Cy3-CTP or Cy5-CTP using the Quick-Amp Labeling Kit (Agilent) following manufacturer's instructions,RNA were labeled with Cy3-CTP or Cy5-CTP using the Quick-Amp Labeling Kit (Agilent) following manufacturer's instructions,Jan 07 2015,total RNA,total RNA,Homo sapiens,Slides were read on an Agilent G2505B scanner.  All  experiments were scanned with extended dynamic range enabled.,ovarian tumor 508,Public on Jan 07 2015,Jan 09 2014,ftp://ftp.ncbi.nlm.nih.gov/geo/samples/GSM1304nnn/GSM1304299/suppl/GSM1304299_B02_251485056471_S01_GE2-v5_95_Feb07_2_Off_1_1.txt.gz,9606,9606,RNA
GSM1304300,Ov_Tumor_Ref_Mix  vs. 509,106 pooled ovarian samples,ovarian serous tumor sample,GPL6480,Homo sapiens,ovarian,2,,2825 Santa Monica Blvd. Suite 200,Santa Monica,USA,Medicine,jdering@mednet.ucla.edu,UCLA School of Medicine,Translational Oncology Research,"Judy,,Dering",CA,90404,"Agilent Feature Extraced data was imported into Rosetta Resolver version 7.1.1  (Rosetta Inpharmatics LLC, Cambridge, MA). Multiple probes with the same sequence code were combined into a single value using the Rosetta Resolver error-weighted averaging method for combining repeated measures.",41000,,Total RNA extracted using Qiagen RNeasy Kit following manufacturer's protocol.,825 ng each of labeled reference mix (cy3 label) and individual sample (cy5 label) were applied to Whole Human Genome 4X44 microarrays (Agilent G4112F) using the In Situ Hybridization Kit Plus (Agilent) protocol,Cy3,Cy5,RNA were labeled with Cy3-CTP or Cy5-CTP using the Quick-Amp Labeling Kit (Agilent) following manufacturer's instructions,RNA were labeled with Cy3-CTP or Cy5-CTP using the Quick-Amp Labeling Kit (Agilent) following manufacturer's instructions,Jan 07 2015,total RNA,total RNA,Homo sapiens,Slides were read on an Agilent G2505B scanner.  All  experiments were scanned with extended dynamic range enabled.,ovarian tumor 509,Public on Jan 07 2015,Jan 09 2014,ftp://ftp.ncbi.nlm.nih.gov/geo/samples/GSM1304nnn/GSM1304300/suppl/GSM1304300_B02_251485056239_S01_GE2-v5_95_Feb07_2_Off_1_1.txt.gz,9606,9606,RNA
GSM1304301,Ov_Tumor_Ref_Mix  vs. 521,106 pooled ovarian samples,ovarian serous tumor sample,GPL6480,Homo sapiens,ovarian,2,,2825 Santa Monica Blvd. Suite 200,Santa Monica,USA,Medicine,jdering@mednet.ucla.edu,UCLA School of Medicine,Translational Oncology Research,"Judy,,Dering",CA,90404,"Agilent Feature Extraced data was imported into Rosetta Resolver version 7.1.1  (Rosetta Inpharmatics LLC, Cambridge, MA). Multiple probes with the same sequence code were combined into a single value using the Rosetta Resolver error-weighted averaging method for combining repeated measures.",41000,,Total RNA extracted using Qiagen RNeasy Kit following manufacturer's protocol.,825 ng each of labeled reference mix (cy3 label) and individual sample (cy5 label) were applied to Whole Human Genome 4X44 microarrays (Agilent G4112F) using the In Situ Hybridization Kit Plus (Agilent) protocol,Cy3,Cy5,RNA were labeled with Cy3-CTP or Cy5-CTP using the Quick-Amp Labeling Kit (Agilent) following manufacturer's instructions,RNA were labeled with Cy3-CTP or Cy5-CTP using the Quick-Amp Labeling Kit (Agilent) following manufacturer's instructions,Jan 07 2015,total RNA,total RNA,Homo sapiens,Slides were read on an Agilent G2505B scanner.  All  experiments were scanned with extended dynamic range enabled.,ovarian tumor 521,Public on Jan 07 2015,Jan 09 2014,ftp://ftp.ncbi.nlm.nih.gov/geo/samples/GSM1304nnn/GSM1304301/suppl/GSM1304301_B02_251485056239_S01_GE2-v5_95_Feb07_2_Off_1_2.txt.gz,9606,9606,RNA
GSM1304302,Ov_Tumor_Ref_Mix  vs. 523,106 pooled ovarian samples,ovarian serous tumor sample,GPL6480,Homo sapiens,ovarian,2,,2825 Santa Monica Blvd. Suite 200,Santa Monica,USA,Medicine,jdering@mednet.ucla.edu,UCLA School of Medicine,Translational Oncology Research,"Judy,,Dering",CA,90404,"Agilent Feature Extraced data was imported into Rosetta Resolver version 7.1.1  (Rosetta Inpharmatics LLC, Cambridge, MA). Multiple probes with the same sequence code were combined into a single value using the Rosetta Resolver error-weighted averaging method for combining repeated measures.",41000,,Total RNA extracted using Qiagen RNeasy Kit following manufacturer's protocol.,825 ng each of labeled reference mix (cy3 label) and individual sample (cy5 label) were applied to Whole Human Genome 4X44 microarrays (Agilent G4112F) using the In Situ Hybridization Kit Plus (Agilent) protocol,Cy3,Cy5,RNA were labeled with Cy3-CTP or Cy5-CTP using the Quick-Amp Labeling Kit (Agilent) following manufacturer's instructions,RNA were labeled with Cy3-CTP or Cy5-CTP using the Quick-Amp Labeling Kit (Agilent) following manufacturer's instructions,Jan 07 2015,total RNA,total RNA,Homo sapiens,Slides were read on an Agilent G2505B scanner.  All  experiments were scanned with extended dynamic range enabled.,ovarian tumor 523,Public on Jan 07 2015,Jan 09 2014,ftp://ftp.ncbi.nlm.nih.gov/geo/samples/GSM1304nnn/GSM1304302/suppl/GSM1304302_B02_251485056471_S01_GE2-v5_95_Feb07_2_Off_1_2.txt.gz,9606,9606,RNA
GSM1304303,Ov_Tumor_Ref_Mix  vs. 527,106 pooled ovarian samples,ovarian serous tumor sample,GPL6480,Homo sapiens,ovarian,2,,2825 Santa Monica Blvd. Suite 200,Santa Monica,USA,Medicine,jdering@mednet.ucla.edu,UCLA School of Medicine,Translational Oncology Research,"Judy,,Dering",CA,90404,"Agilent Feature Extraced data was imported into Rosetta Resolver version 7.1.1  (Rosetta Inpharmatics LLC, Cambridge, MA). Multiple probes with the same sequence code were combined into a single value using the Rosetta Resolver error-weighted averaging method for combining repeated measures.",41000,,Total RNA extracted using Qiagen RNeasy Kit following manufacturer's protocol.,825 ng each of labeled reference mix (cy3 label) and individual sample (cy5 label) were applied to Whole Human Genome 4X44 microarrays (Agilent G4112F) using the In Situ Hybridization Kit Plus (Agilent) protocol,Cy3,Cy5,RNA were labeled with Cy3-CTP or Cy5-CTP using the Quick-Amp Labeling Kit (Agilent) following manufacturer's instructions,RNA were labeled with Cy3-CTP or Cy5-CTP using the Quick-Amp Labeling Kit (Agilent) following manufacturer's instructions,Jan 07 2015,total RNA,total RNA,Homo sapiens,Slides were read on an Agilent G2505B scanner.  All  experiments were scanned with extended dynamic range enabled.,ovarian tumor 527,Public on Jan 07 2015,Jan 09 2014,ftp://ftp.ncbi.nlm.nih.gov/geo/samples/GSM1304nnn/GSM1304303/suppl/GSM1304303_B02_251485056240_S01_GE2-v5_95_Feb07_2_Off_1_4.txt.gz,9606,9606,RNA
GSM1304304,Ov_Tumor_Ref_Mix  vs. 530,106 pooled ovarian samples,ovarian serous tumor sample,GPL6480,Homo sapiens,ovarian,2,,2825 Santa Monica Blvd. Suite 200,Santa Monica,USA,Medicine,jdering@mednet.ucla.edu,UCLA School of Medicine,Translational Oncology Research,"Judy,,Dering",CA,90404,"Agilent Feature Extraced data was imported into Rosetta Resolver version 7.1.1  (Rosetta Inpharmatics LLC, Cambridge, MA). Multiple probes with the same sequence code were combined into a single value using the Rosetta Resolver error-weighted averaging method for combining repeated measures.",41000,,Total RNA extracted using Qiagen RNeasy Kit following manufacturer's protocol.,825 ng each of labeled reference mix (cy3 label) and individual sample (cy5 label) were applied to Whole Human Genome 4X44 microarrays (Agilent G4112F) using the In Situ Hybridization Kit Plus (Agilent) protocol,Cy3,Cy5,RNA were labeled with Cy3-CTP or Cy5-CTP using the Quick-Amp Labeling Kit (Agilent) following manufacturer's instructions,RNA were labeled with Cy3-CTP or Cy5-CTP using the Quick-Amp Labeling Kit (Agilent) following manufacturer's instructions,Jan 07 2015,total RNA,total RNA,Homo sapiens,Slides were read on an Agilent G2505B scanner.  All  experiments were scanned with extended dynamic range enabled.,ovarian tumor 530,Public on Jan 07 2015,Jan 09 2014,ftp://ftp.ncbi.nlm.nih.gov/geo/samples/GSM1304nnn/GSM1304304/suppl/GSM1304304_B02_251485056471_S01_GE2-v5_95_Feb07_2_Off_1_3.txt.gz,9606,9606,RNA
GSM1304305,Ov_Tumor_Ref_Mix  vs. 540,106 pooled ovarian samples,ovarian serous tumor sample,GPL6480,Homo sapiens,ovarian,2,,2825 Santa Monica Blvd. Suite 200,Santa Monica,USA,Medicine,jdering@mednet.ucla.edu,UCLA School of Medicine,Translational Oncology Research,"Judy,,Dering",CA,90404,"Agilent Feature Extraced data was imported into Rosetta Resolver version 7.1.1  (Rosetta Inpharmatics LLC, Cambridge, MA). Multiple probes with the same sequence code were combined into a single value using the Rosetta Resolver error-weighted averaging method for combining repeated measures.",41000,,Total RNA extracted using Qiagen RNeasy Kit following manufacturer's protocol.,825 ng each of labeled reference mix (cy3 label) and individual sample (cy5 label) were applied to Whole Human Genome 4X44 microarrays (Agilent G4112F) using the In Situ Hybridization Kit Plus (Agilent) protocol,Cy3,Cy5,RNA were labeled with Cy3-CTP or Cy5-CTP using the Quick-Amp Labeling Kit (Agilent) following manufacturer's instructions,RNA were labeled with Cy3-CTP or Cy5-CTP using the Quick-Amp Labeling Kit (Agilent) following manufacturer's instructions,Jan 07 2015,total RNA,total RNA,Homo sapiens,Slides were read on an Agilent G2505B scanner.  All  experiments were scanned with extended dynamic range enabled.,ovarian tumor 540,Public on Jan 07 2015,Jan 09 2014,ftp://ftp.ncbi.nlm.nih.gov/geo/samples/GSM1304nnn/GSM1304305/suppl/GSM1304305_B02_251485056471_S01_GE2-v5_95_Feb07_2_Off_1_4.txt.gz,9606,9606,RNA
GSM1304306,Ov_Tumor_Ref_Mix  vs. 550,106 pooled ovarian samples,ovarian serous tumor sample,GPL6480,Homo sapiens,ovarian,2,,2825 Santa Monica Blvd. Suite 200,Santa Monica,USA,Medicine,jdering@mednet.ucla.edu,UCLA School of Medicine,Translational Oncology Research,"Judy,,Dering",CA,90404,"Agilent Feature Extraced data was imported into Rosetta Resolver version 7.1.1  (Rosetta Inpharmatics LLC, Cambridge, MA). Multiple probes with the same sequence code were combined into a single value using the Rosetta Resolver error-weighted averaging method for combining repeated measures.",41000,,Total RNA extracted using Qiagen RNeasy Kit following manufacturer's protocol.,825 ng each of labeled reference mix (cy3 label) and individual sample (cy5 label) were applied to Whole Human Genome 4X44 microarrays (Agilent G4112F) using the In Situ Hybridization Kit Plus (Agilent) protocol,Cy3,Cy5,RNA were labeled with Cy3-CTP or Cy5-CTP using the Quick-Amp Labeling Kit (Agilent) following manufacturer's instructions,RNA were labeled with Cy3-CTP or Cy5-CTP using the Quick-Amp Labeling Kit (Agilent) following manufacturer's instructions,Jan 07 2015,total RNA,total RNA,Homo sapiens,Slides were read on an Agilent G2505B scanner.  All  experiments were scanned with extended dynamic range enabled.,ovarian tumor 550,Public on Jan 07 2015,Jan 09 2014,ftp://ftp.ncbi.nlm.nih.gov/geo/samples/GSM1304nnn/GSM1304306/suppl/GSM1304306_B02_251485056472_S01_GE2-v5_95_Feb07_2_Off_1_1.txt.gz,9606,9606,RNA
GSM1304307,Ov_Tumor_Ref_Mix  vs. 554,106 pooled ovarian samples,ovarian serous tumor sample,GPL6480,Homo sapiens,ovarian,2,,2825 Santa Monica Blvd. Suite 200,Santa Monica,USA,Medicine,jdering@mednet.ucla.edu,UCLA School of Medicine,Translational Oncology Research,"Judy,,Dering",CA,90404,"Agilent Feature Extraced data was imported into Rosetta Resolver version 7.1.1  (Rosetta Inpharmatics LLC, Cambridge, MA). Multiple probes with the same sequence code were combined into a single value using the Rosetta Resolver error-weighted averaging method for combining repeated measures.",41000,,Total RNA extracted using Qiagen RNeasy Kit following manufacturer's protocol.,825 ng each of labeled reference mix (cy3 label) and individual sample (cy5 label) were applied to Whole Human Genome 4X44 microarrays (Agilent G4112F) using the In Situ Hybridization Kit Plus (Agilent) protocol,Cy3,Cy5,RNA were labeled with Cy3-CTP or Cy5-CTP using the Quick-Amp Labeling Kit (Agilent) following manufacturer's instructions,RNA were labeled with Cy3-CTP or Cy5-CTP using the Quick-Amp Labeling Kit (Agilent) following manufacturer's instructions,Jan 07 2015,total RNA,total RNA,Homo sapiens,Slides were read on an Agilent G2505B scanner.  All  experiments were scanned with extended dynamic range enabled.,ovarian tumor 554,Public on Jan 07 2015,Jan 09 2014,ftp://ftp.ncbi.nlm.nih.gov/geo/samples/GSM1304nnn/GSM1304307/suppl/GSM1304307_B02_251485056472_S01_GE2-v5_95_Feb07_2_Off_1_2.txt.gz,9606,9606,RNA
GSM1304308,Ov_Tumor_Ref_Mix  vs. 555,106 pooled ovarian samples,ovarian serous tumor sample,GPL6480,Homo sapiens,ovarian,2,,2825 Santa Monica Blvd. Suite 200,Santa Monica,USA,Medicine,jdering@mednet.ucla.edu,UCLA School of Medicine,Translational Oncology Research,"Judy,,Dering",CA,90404,"Agilent Feature Extraced data was imported into Rosetta Resolver version 7.1.1  (Rosetta Inpharmatics LLC, Cambridge, MA). Multiple probes with the same sequence code were combined into a single value using the Rosetta Resolver error-weighted averaging method for combining repeated measures.",41000,,Total RNA extracted using Qiagen RNeasy Kit following manufacturer's protocol.,825 ng each of labeled reference mix (cy3 label) and individual sample (cy5 label) were applied to Whole Human Genome 4X44 microarrays (Agilent G4112F) using the In Situ Hybridization Kit Plus (Agilent) protocol,Cy3,Cy5,RNA were labeled with Cy3-CTP or Cy5-CTP using the Quick-Amp Labeling Kit (Agilent) following manufacturer's instructions,RNA were labeled with Cy3-CTP or Cy5-CTP using the Quick-Amp Labeling Kit (Agilent) following manufacturer's instructions,Jan 07 2015,total RNA,total RNA,Homo sapiens,Slides were read on an Agilent G2505B scanner.  All  experiments were scanned with extended dynamic range enabled.,ovarian tumor 555,Public on Jan 07 2015,Jan 09 2014,ftp://ftp.ncbi.nlm.nih.gov/geo/samples/GSM1304nnn/GSM1304308/suppl/GSM1304308_B02_251485056472_S01_GE2-v5_95_Feb07_2_Off_1_3.txt.gz,9606,9606,RNA
GSM1304309,Ov_Tumor_Ref_Mix  vs. 557,106 pooled ovarian samples,ovarian serous tumor sample,GPL6480,Homo sapiens,ovarian,2,,2825 Santa Monica Blvd. Suite 200,Santa Monica,USA,Medicine,jdering@mednet.ucla.edu,UCLA School of Medicine,Translational Oncology Research,"Judy,,Dering",CA,90404,"Agilent Feature Extraced data was imported into Rosetta Resolver version 7.1.1  (Rosetta Inpharmatics LLC, Cambridge, MA). Multiple probes with the same sequence code were combined into a single value using the Rosetta Resolver error-weighted averaging method for combining repeated measures.",41000,,Total RNA extracted using Qiagen RNeasy Kit following manufacturer's protocol.,825 ng each of labeled reference mix (cy3 label) and individual sample (cy5 label) were applied to Whole Human Genome 4X44 microarrays (Agilent G4112F) using the In Situ Hybridization Kit Plus (Agilent) protocol,Cy3,Cy5,RNA were labeled with Cy3-CTP or Cy5-CTP using the Quick-Amp Labeling Kit (Agilent) following manufacturer's instructions,RNA were labeled with Cy3-CTP or Cy5-CTP using the Quick-Amp Labeling Kit (Agilent) following manufacturer's instructions,Jan 07 2015,total RNA,total RNA,Homo sapiens,Slides were read on an Agilent G2505B scanner.  All  experiments were scanned with extended dynamic range enabled.,ovarian tumor 557,Public on Jan 07 2015,Jan 09 2014,ftp://ftp.ncbi.nlm.nih.gov/geo/samples/GSM1304nnn/GSM1304309/suppl/GSM1304309_B02_251485056472_S01_GE2-v5_95_Feb07_2_Off_1_4.txt.gz,9606,9606,RNA
GSM1304310,Ov_Tumor_Ref_Mix  vs. 563,106 pooled ovarian samples,ovarian serous tumor sample,GPL6480,Homo sapiens,ovarian,2,,2825 Santa Monica Blvd. Suite 200,Santa Monica,USA,Medicine,jdering@mednet.ucla.edu,UCLA School of Medicine,Translational Oncology Research,"Judy,,Dering",CA,90404,"Agilent Feature Extraced data was imported into Rosetta Resolver version 7.1.1  (Rosetta Inpharmatics LLC, Cambridge, MA). Multiple probes with the same sequence code were combined into a single value using the Rosetta Resolver error-weighted averaging method for combining repeated measures.",41000,,Total RNA extracted using Qiagen RNeasy Kit following manufacturer's protocol.,825 ng each of labeled reference mix (cy3 label) and individual sample (cy5 label) were applied to Whole Human Genome 4X44 microarrays (Agilent G4112F) using the In Situ Hybridization Kit Plus (Agilent) protocol,Cy3,Cy5,RNA were labeled with Cy3-CTP or Cy5-CTP using the Quick-Amp Labeling Kit (Agilent) following manufacturer's instructions,RNA were labeled with Cy3-CTP or Cy5-CTP using the Quick-Amp Labeling Kit (Agilent) following manufacturer's instructions,Jan 07 2015,total RNA,total RNA,Homo sapiens,Slides were read on an Agilent G2505B scanner.  All  experiments were scanned with extended dynamic range enabled.,ovarian tumor 563,Public on Jan 07 2015,Jan 09 2014,ftp://ftp.ncbi.nlm.nih.gov/geo/samples/GSM1304nnn/GSM1304310/suppl/GSM1304310_B02_251485056473_S01_GE2-v5_95_Feb07_2_Off_1_1.txt.gz,9606,9606,RNA
GSM1304311,Ov_Tumor_Ref_Mix  vs. 571,106 pooled ovarian samples,ovarian serous tumor sample,GPL6480,Homo sapiens,ovarian,2,,2825 Santa Monica Blvd. Suite 200,Santa Monica,USA,Medicine,jdering@mednet.ucla.edu,UCLA School of Medicine,Translational Oncology Research,"Judy,,Dering",CA,90404,"Agilent Feature Extraced data was imported into Rosetta Resolver version 7.1.1  (Rosetta Inpharmatics LLC, Cambridge, MA). Multiple probes with the same sequence code were combined into a single value using the Rosetta Resolver error-weighted averaging method for combining repeated measures.",41000,,Total RNA extracted using Qiagen RNeasy Kit following manufacturer's protocol.,825 ng each of labeled reference mix (cy3 label) and individual sample (cy5 label) were applied to Whole Human Genome 4X44 microarrays (Agilent G4112F) using the In Situ Hybridization Kit Plus (Agilent) protocol,Cy3,Cy5,RNA were labeled with Cy3-CTP or Cy5-CTP using the Quick-Amp Labeling Kit (Agilent) following manufacturer's instructions,RNA were labeled with Cy3-CTP or Cy5-CTP using the Quick-Amp Labeling Kit (Agilent) following manufacturer's instructions,Jan 07 2015,total RNA,total RNA,Homo sapiens,Slides were read on an Agilent G2505B scanner.  All  experiments were scanned with extended dynamic range enabled.,ovarian tumor 571,Public on Jan 07 2015,Jan 09 2014,ftp://ftp.ncbi.nlm.nih.gov/geo/samples/GSM1304nnn/GSM1304311/suppl/GSM1304311_B02_251485056473_S01_GE2-v5_95_Feb07_2_Off_1_2.txt.gz,9606,9606,RNA
GSM1304312,Ov_Tumor_Ref_Mix  vs. 575,106 pooled ovarian samples,ovarian serous tumor sample,GPL6480,Homo sapiens,ovarian,2,,2825 Santa Monica Blvd. Suite 200,Santa Monica,USA,Medicine,jdering@mednet.ucla.edu,UCLA School of Medicine,Translational Oncology Research,"Judy,,Dering",CA,90404,"Agilent Feature Extraced data was imported into Rosetta Resolver version 7.1.1  (Rosetta Inpharmatics LLC, Cambridge, MA). Multiple probes with the same sequence code were combined into a single value using the Rosetta Resolver error-weighted averaging method for combining repeated measures.",41000,,Total RNA extracted using Qiagen RNeasy Kit following manufacturer's protocol.,825 ng each of labeled reference mix (cy3 label) and individual sample (cy5 label) were applied to Whole Human Genome 4X44 microarrays (Agilent G4112F) using the In Situ Hybridization Kit Plus (Agilent) protocol,Cy3,Cy5,RNA were labeled with Cy3-CTP or Cy5-CTP using the Quick-Amp Labeling Kit (Agilent) following manufacturer's instructions,RNA were labeled with Cy3-CTP or Cy5-CTP using the Quick-Amp Labeling Kit (Agilent) following manufacturer's instructions,Jan 07 2015,total RNA,total RNA,Homo sapiens,Slides were read on an Agilent G2505B scanner.  All  experiments were scanned with extended dynamic range enabled.,ovarian tumor 575,Public on Jan 07 2015,Jan 09 2014,ftp://ftp.ncbi.nlm.nih.gov/geo/samples/GSM1304nnn/GSM1304312/suppl/GSM1304312_B02_251485056047_S01_GE2-v5_95_Feb07_2_Off_1_2.txt.gz,9606,9606,RNA
GSM1304313,Ov_Tumor_Ref_Mix  vs. 582,106 pooled ovarian samples,ovarian serous tumor sample,GPL6480,Homo sapiens,ovarian,2,,2825 Santa Monica Blvd. Suite 200,Santa Monica,USA,Medicine,jdering@mednet.ucla.edu,UCLA School of Medicine,Translational Oncology Research,"Judy,,Dering",CA,90404,"Agilent Feature Extraced data was imported into Rosetta Resolver version 7.1.1  (Rosetta Inpharmatics LLC, Cambridge, MA). Multiple probes with the same sequence code were combined into a single value using the Rosetta Resolver error-weighted averaging method for combining repeated measures.",41000,,Total RNA extracted using Qiagen RNeasy Kit following manufacturer's protocol.,825 ng each of labeled reference mix (cy3 label) and individual sample (cy5 label) were applied to Whole Human Genome 4X44 microarrays (Agilent G4112F) using the In Situ Hybridization Kit Plus (Agilent) protocol,Cy3,Cy5,RNA were labeled with Cy3-CTP or Cy5-CTP using the Quick-Amp Labeling Kit (Agilent) following manufacturer's instructions,RNA were labeled with Cy3-CTP or Cy5-CTP using the Quick-Amp Labeling Kit (Agilent) following manufacturer's instructions,Jan 07 2015,total RNA,total RNA,Homo sapiens,Slides were read on an Agilent G2505B scanner.  All  experiments were scanned with extended dynamic range enabled.,ovarian tumor 582,Public on Jan 07 2015,Jan 09 2014,ftp://ftp.ncbi.nlm.nih.gov/geo/samples/GSM1304nnn/GSM1304313/suppl/GSM1304313_B02_251485056047_S01_GE2-v5_95_Feb07_2_Off_1_1.txt.gz,9606,9606,RNA
GSM1304314,Ov_Tumor_Ref_Mix  vs. 589,106 pooled ovarian samples,ovarian serous tumor sample,GPL6480,Homo sapiens,ovarian,2,,2825 Santa Monica Blvd. Suite 200,Santa Monica,USA,Medicine,jdering@mednet.ucla.edu,UCLA School of Medicine,Translational Oncology Research,"Judy,,Dering",CA,90404,"Agilent Feature Extraced data was imported into Rosetta Resolver version 7.1.1  (Rosetta Inpharmatics LLC, Cambridge, MA). Multiple probes with the same sequence code were combined into a single value using the Rosetta Resolver error-weighted averaging method for combining repeated measures.",41000,,Total RNA extracted using Qiagen RNeasy Kit following manufacturer's protocol.,825 ng each of labeled reference mix (cy3 label) and individual sample (cy5 label) were applied to Whole Human Genome 4X44 microarrays (Agilent G4112F) using the In Situ Hybridization Kit Plus (Agilent) protocol,Cy3,Cy5,RNA were labeled with Cy3-CTP or Cy5-CTP using the Quick-Amp Labeling Kit (Agilent) following manufacturer's instructions,RNA were labeled with Cy3-CTP or Cy5-CTP using the Quick-Amp Labeling Kit (Agilent) following manufacturer's instructions,Jan 07 2015,total RNA,total RNA,Homo sapiens,Slides were read on an Agilent G2505B scanner.  All  experiments were scanned with extended dynamic range enabled.,ovarian tumor 589,Public on Jan 07 2015,Jan 09 2014,ftp://ftp.ncbi.nlm.nih.gov/geo/samples/GSM1304nnn/GSM1304314/suppl/GSM1304314_B02_251485056239_S01_GE2-v5_95_Feb07_2_Off_1_3.txt.gz,9606,9606,RNA
GSM1304315,Ov_Tumor_Ref_Mix  vs. 593,106 pooled ovarian samples,ovarian serous tumor sample,GPL6480,Homo sapiens,ovarian,2,,2825 Santa Monica Blvd. Suite 200,Santa Monica,USA,Medicine,jdering@mednet.ucla.edu,UCLA School of Medicine,Translational Oncology Research,"Judy,,Dering",CA,90404,"Agilent Feature Extraced data was imported into Rosetta Resolver version 7.1.1  (Rosetta Inpharmatics LLC, Cambridge, MA). Multiple probes with the same sequence code were combined into a single value using the Rosetta Resolver error-weighted averaging method for combining repeated measures.",41000,,Total RNA extracted using Qiagen RNeasy Kit following manufacturer's protocol.,825 ng each of labeled reference mix (cy3 label) and individual sample (cy5 label) were applied to Whole Human Genome 4X44 microarrays (Agilent G4112F) using the In Situ Hybridization Kit Plus (Agilent) protocol,Cy3,Cy5,RNA were labeled with Cy3-CTP or Cy5-CTP using the Quick-Amp Labeling Kit (Agilent) following manufacturer's instructions,RNA were labeled with Cy3-CTP or Cy5-CTP using the Quick-Amp Labeling Kit (Agilent) following manufacturer's instructions,Jan 07 2015,total RNA,total RNA,Homo sapiens,Slides were read on an Agilent G2505B scanner.  All  experiments were scanned with extended dynamic range enabled.,ovarian tumor 593,Public on Jan 07 2015,Jan 09 2014,ftp://ftp.ncbi.nlm.nih.gov/geo/samples/GSM1304nnn/GSM1304315/suppl/GSM1304315_B02_251485056239_S01_GE2-v5_95_Feb07_2_Off_1_4.txt.gz,9606,9606,RNA
GSM1304316,Ov_Tumor_Ref_Mix  vs. 596,106 pooled ovarian samples,ovarian serous tumor sample,GPL6480,Homo sapiens,ovarian,2,,2825 Santa Monica Blvd. Suite 200,Santa Monica,USA,Medicine,jdering@mednet.ucla.edu,UCLA School of Medicine,Translational Oncology Research,"Judy,,Dering",CA,90404,"Agilent Feature Extraced data was imported into Rosetta Resolver version 7.1.1  (Rosetta Inpharmatics LLC, Cambridge, MA). Multiple probes with the same sequence code were combined into a single value using the Rosetta Resolver error-weighted averaging method for combining repeated measures.",41000,,Total RNA extracted using Qiagen RNeasy Kit following manufacturer's protocol.,825 ng each of labeled reference mix (cy3 label) and individual sample (cy5 label) were applied to Whole Human Genome 4X44 microarrays (Agilent G4112F) using the In Situ Hybridization Kit Plus (Agilent) protocol,Cy3,Cy5,RNA were labeled with Cy3-CTP or Cy5-CTP using the Quick-Amp Labeling Kit (Agilent) following manufacturer's instructions,RNA were labeled with Cy3-CTP or Cy5-CTP using the Quick-Amp Labeling Kit (Agilent) following manufacturer's instructions,Jan 07 2015,total RNA,total RNA,Homo sapiens,Slides were read on an Agilent G2505B scanner.  All  experiments were scanned with extended dynamic range enabled.,ovarian tumor 596,Public on Jan 07 2015,Jan 09 2014,ftp://ftp.ncbi.nlm.nih.gov/geo/samples/GSM1304nnn/GSM1304316/suppl/GSM1304316_B02_251485056240_S01_GE2-v5_95_Feb07_2_Off_1_1.txt.gz,9606,9606,RNA
GSM1304317,Ov_Tumor_Ref_Mix  vs. 600,106 pooled ovarian samples,ovarian serous tumor sample,GPL6480,Homo sapiens,ovarian,2,,2825 Santa Monica Blvd. Suite 200,Santa Monica,USA,Medicine,jdering@mednet.ucla.edu,UCLA School of Medicine,Translational Oncology Research,"Judy,,Dering",CA,90404,"Agilent Feature Extraced data was imported into Rosetta Resolver version 7.1.1  (Rosetta Inpharmatics LLC, Cambridge, MA). Multiple probes with the same sequence code were combined into a single value using the Rosetta Resolver error-weighted averaging method for combining repeated measures.",41000,,Total RNA extracted using Qiagen RNeasy Kit following manufacturer's protocol.,825 ng each of labeled reference mix (cy3 label) and individual sample (cy5 label) were applied to Whole Human Genome 4X44 microarrays (Agilent G4112F) using the In Situ Hybridization Kit Plus (Agilent) protocol,Cy3,Cy5,RNA were labeled with Cy3-CTP or Cy5-CTP using the Quick-Amp Labeling Kit (Agilent) following manufacturer's instructions,RNA were labeled with Cy3-CTP or Cy5-CTP using the Quick-Amp Labeling Kit (Agilent) following manufacturer's instructions,Jan 07 2015,total RNA,total RNA,Homo sapiens,Slides were read on an Agilent G2505B scanner.  All  experiments were scanned with extended dynamic range enabled.,ovarian tumor 600,Public on Jan 07 2015,Jan 09 2014,ftp://ftp.ncbi.nlm.nih.gov/geo/samples/GSM1304nnn/GSM1304317/suppl/GSM1304317_B02_251485056240_S01_GE2-v5_95_Feb07_2_Off_1_2.txt.gz,9606,9606,RNA
GSM1304318,Ov_Tumor_Ref_Mix  vs. 605,106 pooled ovarian samples,ovarian serous tumor sample,GPL6480,Homo sapiens,ovarian,2,,2825 Santa Monica Blvd. Suite 200,Santa Monica,USA,Medicine,jdering@mednet.ucla.edu,UCLA School of Medicine,Translational Oncology Research,"Judy,,Dering",CA,90404,"Agilent Feature Extraced data was imported into Rosetta Resolver version 7.1.1  (Rosetta Inpharmatics LLC, Cambridge, MA). Multiple probes with the same sequence code were combined into a single value using the Rosetta Resolver error-weighted averaging method for combining repeated measures.",41000,,Total RNA extracted using Qiagen RNeasy Kit following manufacturer's protocol.,825 ng each of labeled reference mix (cy3 label) and individual sample (cy5 label) were applied to Whole Human Genome 4X44 microarrays (Agilent G4112F) using the In Situ Hybridization Kit Plus (Agilent) protocol,Cy3,Cy5,RNA were labeled with Cy3-CTP or Cy5-CTP using the Quick-Amp Labeling Kit (Agilent) following manufacturer's instructions,RNA were labeled with Cy3-CTP or Cy5-CTP using the Quick-Amp Labeling Kit (Agilent) following manufacturer's instructions,Jan 07 2015,total RNA,total RNA,Homo sapiens,Slides were read on an Agilent G2505B scanner.  All  experiments were scanned with extended dynamic range enabled.,ovarian tumor 605,Public on Jan 07 2015,Jan 09 2014,ftp://ftp.ncbi.nlm.nih.gov/geo/samples/GSM1304nnn/GSM1304318/suppl/GSM1304318_B02_251485056105_S01_GE2-v5_95_Feb07_2_Off_1_2.txt.gz,9606,9606,RNA
GSM1304319,Ov_Tumor_Ref_Mix  vs. 609,106 pooled ovarian samples,ovarian serous tumor sample,GPL6480,Homo sapiens,ovarian,2,,2825 Santa Monica Blvd. Suite 200,Santa Monica,USA,Medicine,jdering@mednet.ucla.edu,UCLA School of Medicine,Translational Oncology Research,"Judy,,Dering",CA,90404,"Agilent Feature Extraced data was imported into Rosetta Resolver version 7.1.1  (Rosetta Inpharmatics LLC, Cambridge, MA). Multiple probes with the same sequence code were combined into a single value using the Rosetta Resolver error-weighted averaging method for combining repeated measures.",41000,,Total RNA extracted using Qiagen RNeasy Kit following manufacturer's protocol.,825 ng each of labeled reference mix (cy3 label) and individual sample (cy5 label) were applied to Whole Human Genome 4X44 microarrays (Agilent G4112F) using the In Situ Hybridization Kit Plus (Agilent) protocol,Cy3,Cy5,RNA were labeled with Cy3-CTP or Cy5-CTP using the Quick-Amp Labeling Kit (Agilent) following manufacturer's instructions,RNA were labeled with Cy3-CTP or Cy5-CTP using the Quick-Amp Labeling Kit (Agilent) following manufacturer's instructions,Jan 07 2015,total RNA,total RNA,Homo sapiens,Slides were read on an Agilent G2505B scanner.  All  experiments were scanned with extended dynamic range enabled.,ovarian tumor 609,Public on Jan 07 2015,Jan 09 2014,ftp://ftp.ncbi.nlm.nih.gov/geo/samples/GSM1304nnn/GSM1304319/suppl/GSM1304319_B02_251485043617_S01_GE2-v5_95_Feb07_2_Off_1_3.txt.gz,9606,9606,RNA
GSM1304320,Ov_Tumor_Ref_Mix  vs. 614,106 pooled ovarian samples,ovarian serous tumor sample,GPL6480,Homo sapiens,ovarian,2,,2825 Santa Monica Blvd. Suite 200,Santa Monica,USA,Medicine,jdering@mednet.ucla.edu,UCLA School of Medicine,Translational Oncology Research,"Judy,,Dering",CA,90404,"Agilent Feature Extraced data was imported into Rosetta Resolver version 7.1.1  (Rosetta Inpharmatics LLC, Cambridge, MA). Multiple probes with the same sequence code were combined into a single value using the Rosetta Resolver error-weighted averaging method for combining repeated measures.",41000,,Total RNA extracted using Qiagen RNeasy Kit following manufacturer's protocol.,825 ng each of labeled reference mix (cy3 label) and individual sample (cy5 label) were applied to Whole Human Genome 4X44 microarrays (Agilent G4112F) using the In Situ Hybridization Kit Plus (Agilent) protocol,Cy3,Cy5,RNA were labeled with Cy3-CTP or Cy5-CTP using the Quick-Amp Labeling Kit (Agilent) following manufacturer's instructions,RNA were labeled with Cy3-CTP or Cy5-CTP using the Quick-Amp Labeling Kit (Agilent) following manufacturer's instructions,Jan 07 2015,total RNA,total RNA,Homo sapiens,Slides were read on an Agilent G2505B scanner.  All  experiments were scanned with extended dynamic range enabled.,ovarian tumor 614,Public on Jan 07 2015,Jan 09 2014,ftp://ftp.ncbi.nlm.nih.gov/geo/samples/GSM1304nnn/GSM1304320/suppl/GSM1304320_B02_251485056241_S01_GE2-v5_95_Feb07_2_Off_1_1.txt.gz,9606,9606,RNA
GSM1304321,Ov_Tumor_Ref_Mix  vs. 638,106 pooled ovarian samples,ovarian serous tumor sample,GPL6480,Homo sapiens,ovarian,2,,2825 Santa Monica Blvd. Suite 200,Santa Monica,USA,Medicine,jdering@mednet.ucla.edu,UCLA School of Medicine,Translational Oncology Research,"Judy,,Dering",CA,90404,"Agilent Feature Extraced data was imported into Rosetta Resolver version 7.1.1  (Rosetta Inpharmatics LLC, Cambridge, MA). Multiple probes with the same sequence code were combined into a single value using the Rosetta Resolver error-weighted averaging method for combining repeated measures.",41000,,Total RNA extracted using Qiagen RNeasy Kit following manufacturer's protocol.,825 ng each of labeled reference mix (cy3 label) and individual sample (cy5 label) were applied to Whole Human Genome 4X44 microarrays (Agilent G4112F) using the In Situ Hybridization Kit Plus (Agilent) protocol,Cy3,Cy5,RNA were labeled with Cy3-CTP or Cy5-CTP using the Quick-Amp Labeling Kit (Agilent) following manufacturer's instructions,RNA were labeled with Cy3-CTP or Cy5-CTP using the Quick-Amp Labeling Kit (Agilent) following manufacturer's instructions,Jan 07 2015,total RNA,total RNA,Homo sapiens,Slides were read on an Agilent G2505B scanner.  All  experiments were scanned with extended dynamic range enabled.,ovarian tumor 638,Public on Jan 07 2015,Jan 09 2014,ftp://ftp.ncbi.nlm.nih.gov/geo/samples/GSM1304nnn/GSM1304321/suppl/GSM1304321_B02_251485056241_S01_GE2-v5_95_Feb07_2_Off_1_2.txt.gz,9606,9606,RNA
GSM1304322,Ov_Tumor_Ref_Mix  vs. 639,106 pooled ovarian samples,ovarian serous tumor sample,GPL6480,Homo sapiens,ovarian,2,,2825 Santa Monica Blvd. Suite 200,Santa Monica,USA,Medicine,jdering@mednet.ucla.edu,UCLA School of Medicine,Translational Oncology Research,"Judy,,Dering",CA,90404,"Agilent Feature Extraced data was imported into Rosetta Resolver version 7.1.1  (Rosetta Inpharmatics LLC, Cambridge, MA). Multiple probes with the same sequence code were combined into a single value using the Rosetta Resolver error-weighted averaging method for combining repeated measures.",41000,,Total RNA extracted using Qiagen RNeasy Kit following manufacturer's protocol.,825 ng each of labeled reference mix (cy3 label) and individual sample (cy5 label) were applied to Whole Human Genome 4X44 microarrays (Agilent G4112F) using the In Situ Hybridization Kit Plus (Agilent) protocol,Cy3,Cy5,RNA were labeled with Cy3-CTP or Cy5-CTP using the Quick-Amp Labeling Kit (Agilent) following manufacturer's instructions,RNA were labeled with Cy3-CTP or Cy5-CTP using the Quick-Amp Labeling Kit (Agilent) following manufacturer's instructions,Jan 07 2015,total RNA,total RNA,Homo sapiens,Slides were read on an Agilent G2505B scanner.  All  experiments were scanned with extended dynamic range enabled.,ovarian tumor 639,Public on Jan 07 2015,Jan 09 2014,ftp://ftp.ncbi.nlm.nih.gov/geo/samples/GSM1304nnn/GSM1304322/suppl/GSM1304322_B02_251485056241_S01_GE2-v5_95_Feb07_2_Off_1_3.txt.gz,9606,9606,RNA
GSM1304323,Ov_Tumor_Ref_Mix  vs. 651,106 pooled ovarian samples,ovarian serous tumor sample,GPL6480,Homo sapiens,ovarian,2,,2825 Santa Monica Blvd. Suite 200,Santa Monica,USA,Medicine,jdering@mednet.ucla.edu,UCLA School of Medicine,Translational Oncology Research,"Judy,,Dering",CA,90404,"Agilent Feature Extraced data was imported into Rosetta Resolver version 7.1.1  (Rosetta Inpharmatics LLC, Cambridge, MA). Multiple probes with the same sequence code were combined into a single value using the Rosetta Resolver error-weighted averaging method for combining repeated measures.",41000,,Total RNA extracted using Qiagen RNeasy Kit following manufacturer's protocol.,825 ng each of labeled reference mix (cy3 label) and individual sample (cy5 label) were applied to Whole Human Genome 4X44 microarrays (Agilent G4112F) using the In Situ Hybridization Kit Plus (Agilent) protocol,Cy3,Cy5,RNA were labeled with Cy3-CTP or Cy5-CTP using the Quick-Amp Labeling Kit (Agilent) following manufacturer's instructions,RNA were labeled with Cy3-CTP or Cy5-CTP using the Quick-Amp Labeling Kit (Agilent) following manufacturer's instructions,Jan 07 2015,total RNA,total RNA,Homo sapiens,Slides were read on an Agilent G2505B scanner.  All  experiments were scanned with extended dynamic range enabled.,ovarian tumor 651,Public on Jan 07 2015,Jan 09 2014,ftp://ftp.ncbi.nlm.nih.gov/geo/samples/GSM1304nnn/GSM1304323/suppl/GSM1304323_B02_251485043619_S01_GE2-v5_95_Feb07_2_Off_1_1.txt.gz,9606,9606,RNA
GSM1304324,Ov_Tumor_Ref_Mix  vs. 652,106 pooled ovarian samples,ovarian serous tumor sample,GPL6480,Homo sapiens,ovarian,2,,2825 Santa Monica Blvd. Suite 200,Santa Monica,USA,Medicine,jdering@mednet.ucla.edu,UCLA School of Medicine,Translational Oncology Research,"Judy,,Dering",CA,90404,"Agilent Feature Extraced data was imported into Rosetta Resolver version 7.1.1  (Rosetta Inpharmatics LLC, Cambridge, MA). Multiple probes with the same sequence code were combined into a single value using the Rosetta Resolver error-weighted averaging method for combining repeated measures.",41000,,Total RNA extracted using Qiagen RNeasy Kit following manufacturer's protocol.,825 ng each of labeled reference mix (cy3 label) and individual sample (cy5 label) were applied to Whole Human Genome 4X44 microarrays (Agilent G4112F) using the In Situ Hybridization Kit Plus (Agilent) protocol,Cy3,Cy5,RNA were labeled with Cy3-CTP or Cy5-CTP using the Quick-Amp Labeling Kit (Agilent) following manufacturer's instructions,RNA were labeled with Cy3-CTP or Cy5-CTP using the Quick-Amp Labeling Kit (Agilent) following manufacturer's instructions,Jan 07 2015,total RNA,total RNA,Homo sapiens,Slides were read on an Agilent G2505B scanner.  All  experiments were scanned with extended dynamic range enabled.,ovarian tumor 652,Public on Jan 07 2015,Jan 09 2014,ftp://ftp.ncbi.nlm.nih.gov/geo/samples/GSM1304nnn/GSM1304324/suppl/GSM1304324_B02_251485043619_S01_GE2-v5_95_Feb07_2_Off_1_2.txt.gz,9606,9606,RNA
GSM1304325,Ov_Tumor_Ref_Mix  vs. 656,106 pooled ovarian samples,ovarian serous tumor sample,GPL6480,Homo sapiens,ovarian,2,,2825 Santa Monica Blvd. Suite 200,Santa Monica,USA,Medicine,jdering@mednet.ucla.edu,UCLA School of Medicine,Translational Oncology Research,"Judy,,Dering",CA,90404,"Agilent Feature Extraced data was imported into Rosetta Resolver version 7.1.1  (Rosetta Inpharmatics LLC, Cambridge, MA). Multiple probes with the same sequence code were combined into a single value using the Rosetta Resolver error-weighted averaging method for combining repeated measures.",41000,,Total RNA extracted using Qiagen RNeasy Kit following manufacturer's protocol.,825 ng each of labeled reference mix (cy3 label) and individual sample (cy5 label) were applied to Whole Human Genome 4X44 microarrays (Agilent G4112F) using the In Situ Hybridization Kit Plus (Agilent) protocol,Cy3,Cy5,RNA were labeled with Cy3-CTP or Cy5-CTP using the Quick-Amp Labeling Kit (Agilent) following manufacturer's instructions,RNA were labeled with Cy3-CTP or Cy5-CTP using the Quick-Amp Labeling Kit (Agilent) following manufacturer's instructions,Jan 07 2015,total RNA,total RNA,Homo sapiens,Slides were read on an Agilent G2505B scanner.  All  experiments were scanned with extended dynamic range enabled.,ovarian tumor 656,Public on Jan 07 2015,Jan 09 2014,ftp://ftp.ncbi.nlm.nih.gov/geo/samples/GSM1304nnn/GSM1304325/suppl/GSM1304325_B02_251485043619_S01_GE2-v5_95_Feb07_2_Off_1_3.txt.gz,9606,9606,RNA
GSM1304326,Ov_Tumor_Ref_Mix  vs. 669,106 pooled ovarian samples,ovarian serous tumor sample,GPL6480,Homo sapiens,ovarian,2,,2825 Santa Monica Blvd. Suite 200,Santa Monica,USA,Medicine,jdering@mednet.ucla.edu,UCLA School of Medicine,Translational Oncology Research,"Judy,,Dering",CA,90404,"Agilent Feature Extraced data was imported into Rosetta Resolver version 7.1.1  (Rosetta Inpharmatics LLC, Cambridge, MA). Multiple probes with the same sequence code were combined into a single value using the Rosetta Resolver error-weighted averaging method for combining repeated measures.",41000,,Total RNA extracted using Qiagen RNeasy Kit following manufacturer's protocol.,825 ng each of labeled reference mix (cy3 label) and individual sample (cy5 label) were applied to Whole Human Genome 4X44 microarrays (Agilent G4112F) using the In Situ Hybridization Kit Plus (Agilent) protocol,Cy3,Cy5,RNA were labeled with Cy3-CTP or Cy5-CTP using the Quick-Amp Labeling Kit (Agilent) following manufacturer's instructions,RNA were labeled with Cy3-CTP or Cy5-CTP using the Quick-Amp Labeling Kit (Agilent) following manufacturer's instructions,Jan 07 2015,total RNA,total RNA,Homo sapiens,Slides were read on an Agilent G2505B scanner.  All  experiments were scanned with extended dynamic range enabled.,ovarian tumor 669,Public on Jan 07 2015,Jan 09 2014,ftp://ftp.ncbi.nlm.nih.gov/geo/samples/GSM1304nnn/GSM1304326/suppl/GSM1304326_B02_251485043619_S01_GE2-v5_95_Feb07_2_Off_1_4.txt.gz,9606,9606,RNA
GSM1304327,Ov_Tumor_Ref_Mix  vs. 678,106 pooled ovarian samples,ovarian serous tumor sample,GPL6480,Homo sapiens,ovarian,2,,2825 Santa Monica Blvd. Suite 200,Santa Monica,USA,Medicine,jdering@mednet.ucla.edu,UCLA School of Medicine,Translational Oncology Research,"Judy,,Dering",CA,90404,"Agilent Feature Extraced data was imported into Rosetta Resolver version 7.1.1  (Rosetta Inpharmatics LLC, Cambridge, MA). Multiple probes with the same sequence code were combined into a single value using the Rosetta Resolver error-weighted averaging method for combining repeated measures.",41000,,Total RNA extracted using Qiagen RNeasy Kit following manufacturer's protocol.,825 ng each of labeled reference mix (cy3 label) and individual sample (cy5 label) were applied to Whole Human Genome 4X44 microarrays (Agilent G4112F) using the In Situ Hybridization Kit Plus (Agilent) protocol,Cy3,Cy5,RNA were labeled with Cy3-CTP or Cy5-CTP using the Quick-Amp Labeling Kit (Agilent) following manufacturer's instructions,RNA were labeled with Cy3-CTP or Cy5-CTP using the Quick-Amp Labeling Kit (Agilent) following manufacturer's instructions,Jan 07 2015,total RNA,total RNA,Homo sapiens,Slides were read on an Agilent G2505B scanner.  All  experiments were scanned with extended dynamic range enabled.,ovarian tumor 678,Public on Jan 07 2015,Jan 09 2014,ftp://ftp.ncbi.nlm.nih.gov/geo/samples/GSM1304nnn/GSM1304327/suppl/GSM1304327_B02_251485056241_S01_GE2-v5_95_Feb07_2_Off_1_4.txt.gz,9606,9606,RNA
GSM1304328,Ov_Tumor_Ref_Mix  vs. 688,106 pooled ovarian samples,ovarian serous tumor sample,GPL6480,Homo sapiens,ovarian,2,,2825 Santa Monica Blvd. Suite 200,Santa Monica,USA,Medicine,jdering@mednet.ucla.edu,UCLA School of Medicine,Translational Oncology Research,"Judy,,Dering",CA,90404,"Agilent Feature Extraced data was imported into Rosetta Resolver version 7.1.1  (Rosetta Inpharmatics LLC, Cambridge, MA). Multiple probes with the same sequence code were combined into a single value using the Rosetta Resolver error-weighted averaging method for combining repeated measures.",41000,,Total RNA extracted using Qiagen RNeasy Kit following manufacturer's protocol.,825 ng each of labeled reference mix (cy3 label) and individual sample (cy5 label) were applied to Whole Human Genome 4X44 microarrays (Agilent G4112F) using the In Situ Hybridization Kit Plus (Agilent) protocol,Cy3,Cy5,RNA were labeled with Cy3-CTP or Cy5-CTP using the Quick-Amp Labeling Kit (Agilent) following manufacturer's instructions,RNA were labeled with Cy3-CTP or Cy5-CTP using the Quick-Amp Labeling Kit (Agilent) following manufacturer's instructions,Jan 07 2015,total RNA,total RNA,Homo sapiens,Slides were read on an Agilent G2505B scanner.  All  experiments were scanned with extended dynamic range enabled.,ovarian tumor 688,Public on Jan 07 2015,Jan 09 2014,ftp://ftp.ncbi.nlm.nih.gov/geo/samples/GSM1304nnn/GSM1304328/suppl/GSM1304328_B02_251485056047_S01_GE2-v5_95_Feb07_2_Off_1_3.txt.gz,9606,9606,RNA
GSM1304329,Ov_Tumor_Ref_Mix  vs. 695,106 pooled ovarian samples,ovarian serous tumor sample,GPL6480,Homo sapiens,ovarian,2,,2825 Santa Monica Blvd. Suite 200,Santa Monica,USA,Medicine,jdering@mednet.ucla.edu,UCLA School of Medicine,Translational Oncology Research,"Judy,,Dering",CA,90404,"Agilent Feature Extraced data was imported into Rosetta Resolver version 7.1.1  (Rosetta Inpharmatics LLC, Cambridge, MA). Multiple probes with the same sequence code were combined into a single value using the Rosetta Resolver error-weighted averaging method for combining repeated measures.",41000,,Total RNA extracted using Qiagen RNeasy Kit following manufacturer's protocol.,825 ng each of labeled reference mix (cy3 label) and individual sample (cy5 label) were applied to Whole Human Genome 4X44 microarrays (Agilent G4112F) using the In Situ Hybridization Kit Plus (Agilent) protocol,Cy3,Cy5,RNA were labeled with Cy3-CTP or Cy5-CTP using the Quick-Amp Labeling Kit (Agilent) following manufacturer's instructions,RNA were labeled with Cy3-CTP or Cy5-CTP using the Quick-Amp Labeling Kit (Agilent) following manufacturer's instructions,Jan 07 2015,total RNA,total RNA,Homo sapiens,Slides were read on an Agilent G2505B scanner.  All  experiments were scanned with extended dynamic range enabled.,ovarian tumor 695,Public on Jan 07 2015,Jan 09 2014,ftp://ftp.ncbi.nlm.nih.gov/geo/samples/GSM1304nnn/GSM1304329/suppl/GSM1304329_B02_251485056047_S01_GE2-v5_95_Feb07_2_Off_1_4.txt.gz,9606,9606,RNA
GSM1304330,Ov_Tumor_Ref_Mix  vs. 707,106 pooled ovarian samples,ovarian serous tumor sample,GPL6480,Homo sapiens,ovarian,2,,2825 Santa Monica Blvd. Suite 200,Santa Monica,USA,Medicine,jdering@mednet.ucla.edu,UCLA School of Medicine,Translational Oncology Research,"Judy,,Dering",CA,90404,"Agilent Feature Extraced data was imported into Rosetta Resolver version 7.1.1  (Rosetta Inpharmatics LLC, Cambridge, MA). Multiple probes with the same sequence code were combined into a single value using the Rosetta Resolver error-weighted averaging method for combining repeated measures.",41000,,Total RNA extracted using Qiagen RNeasy Kit following manufacturer's protocol.,825 ng each of labeled reference mix (cy3 label) and individual sample (cy5 label) were applied to Whole Human Genome 4X44 microarrays (Agilent G4112F) using the In Situ Hybridization Kit Plus (Agilent) protocol,Cy3,Cy5,RNA were labeled with Cy3-CTP or Cy5-CTP using the Quick-Amp Labeling Kit (Agilent) following manufacturer's instructions,RNA were labeled with Cy3-CTP or Cy5-CTP using the Quick-Amp Labeling Kit (Agilent) following manufacturer's instructions,Jan 07 2015,total RNA,total RNA,Homo sapiens,Slides were read on an Agilent G2505B scanner.  All  experiments were scanned with extended dynamic range enabled.,ovarian tumor 707,Public on Jan 07 2015,Jan 09 2014,ftp://ftp.ncbi.nlm.nih.gov/geo/samples/GSM1304nnn/GSM1304330/suppl/GSM1304330_B02_251485056048_S01_GE2-v5_95_Feb07_2_Off_1_1.txt.gz,9606,9606,RNA
GSM1304331,Ov_Tumor_Ref_Mix  vs. 716,106 pooled ovarian samples,ovarian serous tumor sample,GPL6480,Homo sapiens,ovarian,2,,2825 Santa Monica Blvd. Suite 200,Santa Monica,USA,Medicine,jdering@mednet.ucla.edu,UCLA School of Medicine,Translational Oncology Research,"Judy,,Dering",CA,90404,"Agilent Feature Extraced data was imported into Rosetta Resolver version 7.1.1  (Rosetta Inpharmatics LLC, Cambridge, MA). Multiple probes with the same sequence code were combined into a single value using the Rosetta Resolver error-weighted averaging method for combining repeated measures.",41000,,Total RNA extracted using Qiagen RNeasy Kit following manufacturer's protocol.,825 ng each of labeled reference mix (cy3 label) and individual sample (cy5 label) were applied to Whole Human Genome 4X44 microarrays (Agilent G4112F) using the In Situ Hybridization Kit Plus (Agilent) protocol,Cy3,Cy5,RNA were labeled with Cy3-CTP or Cy5-CTP using the Quick-Amp Labeling Kit (Agilent) following manufacturer's instructions,RNA were labeled with Cy3-CTP or Cy5-CTP using the Quick-Amp Labeling Kit (Agilent) following manufacturer's instructions,Jan 07 2015,total RNA,total RNA,Homo sapiens,Slides were read on an Agilent G2505B scanner.  All  experiments were scanned with extended dynamic range enabled.,ovarian tumor 716,Public on Jan 07 2015,Jan 09 2014,ftp://ftp.ncbi.nlm.nih.gov/geo/samples/GSM1304nnn/GSM1304331/suppl/GSM1304331_B02_251485056048_S01_GE2-v5_95_Feb07_2_Off_1_2.txt.gz,9606,9606,RNA
GSM1304332,Ov_Tumor_Ref_Mix  vs. 717,106 pooled ovarian samples,ovarian serous tumor sample,GPL6480,Homo sapiens,ovarian,2,,2825 Santa Monica Blvd. Suite 200,Santa Monica,USA,Medicine,jdering@mednet.ucla.edu,UCLA School of Medicine,Translational Oncology Research,"Judy,,Dering",CA,90404,"Agilent Feature Extraced data was imported into Rosetta Resolver version 7.1.1  (Rosetta Inpharmatics LLC, Cambridge, MA). Multiple probes with the same sequence code were combined into a single value using the Rosetta Resolver error-weighted averaging method for combining repeated measures.",41000,,Total RNA extracted using Qiagen RNeasy Kit following manufacturer's protocol.,825 ng each of labeled reference mix (cy3 label) and individual sample (cy5 label) were applied to Whole Human Genome 4X44 microarrays (Agilent G4112F) using the In Situ Hybridization Kit Plus (Agilent) protocol,Cy3,Cy5,RNA were labeled with Cy3-CTP or Cy5-CTP using the Quick-Amp Labeling Kit (Agilent) following manufacturer's instructions,RNA were labeled with Cy3-CTP or Cy5-CTP using the Quick-Amp Labeling Kit (Agilent) following manufacturer's instructions,Jan 07 2015,total RNA,total RNA,Homo sapiens,Slides were read on an Agilent G2505B scanner.  All  experiments were scanned with extended dynamic range enabled.,ovarian tumor 717,Public on Jan 07 2015,Jan 09 2014,ftp://ftp.ncbi.nlm.nih.gov/geo/samples/GSM1304nnn/GSM1304332/suppl/GSM1304332_B02_251485056048_S01_GE2-v5_95_Feb07_2_Off_1_3.txt.gz,9606,9606,RNA
GSM1304333,Ov_Tumor_Ref_Mix  vs. 724,106 pooled ovarian samples,ovarian serous tumor sample,GPL6480,Homo sapiens,ovarian,2,,2825 Santa Monica Blvd. Suite 200,Santa Monica,USA,Medicine,jdering@mednet.ucla.edu,UCLA School of Medicine,Translational Oncology Research,"Judy,,Dering",CA,90404,"Agilent Feature Extraced data was imported into Rosetta Resolver version 7.1.1  (Rosetta Inpharmatics LLC, Cambridge, MA). Multiple probes with the same sequence code were combined into a single value using the Rosetta Resolver error-weighted averaging method for combining repeated measures.",41000,,Total RNA extracted using Qiagen RNeasy Kit following manufacturer's protocol.,825 ng each of labeled reference mix (cy3 label) and individual sample (cy5 label) were applied to Whole Human Genome 4X44 microarrays (Agilent G4112F) using the In Situ Hybridization Kit Plus (Agilent) protocol,Cy3,Cy5,RNA were labeled with Cy3-CTP or Cy5-CTP using the Quick-Amp Labeling Kit (Agilent) following manufacturer's instructions,RNA were labeled with Cy3-CTP or Cy5-CTP using the Quick-Amp Labeling Kit (Agilent) following manufacturer's instructions,Jan 07 2015,total RNA,total RNA,Homo sapiens,Slides were read on an Agilent G2505B scanner.  All  experiments were scanned with extended dynamic range enabled.,ovarian tumor 724,Public on Jan 07 2015,Jan 09 2014,ftp://ftp.ncbi.nlm.nih.gov/geo/samples/GSM1304nnn/GSM1304333/suppl/GSM1304333_B02_251485056048_S01_GE2-v5_95_Feb07_2_Off_1_4.txt.gz,9606,9606,RNA
GSM1304334,Ov_Tumor_Ref_Mix  vs. 733,106 pooled ovarian samples,ovarian serous tumor sample,GPL6480,Homo sapiens,ovarian,2,,2825 Santa Monica Blvd. Suite 200,Santa Monica,USA,Medicine,jdering@mednet.ucla.edu,UCLA School of Medicine,Translational Oncology Research,"Judy,,Dering",CA,90404,"Agilent Feature Extraced data was imported into Rosetta Resolver version 7.1.1  (Rosetta Inpharmatics LLC, Cambridge, MA). Multiple probes with the same sequence code were combined into a single value using the Rosetta Resolver error-weighted averaging method for combining repeated measures.",41000,,Total RNA extracted using Qiagen RNeasy Kit following manufacturer's protocol.,825 ng each of labeled reference mix (cy3 label) and individual sample (cy5 label) were applied to Whole Human Genome 4X44 microarrays (Agilent G4112F) using the In Situ Hybridization Kit Plus (Agilent) protocol,Cy3,Cy5,RNA were labeled with Cy3-CTP or Cy5-CTP using the Quick-Amp Labeling Kit (Agilent) following manufacturer's instructions,RNA were labeled with Cy3-CTP or Cy5-CTP using the Quick-Amp Labeling Kit (Agilent) following manufacturer's instructions,Jan 07 2015,total RNA,total RNA,Homo sapiens,Slides were read on an Agilent G2505B scanner.  All  experiments were scanned with extended dynamic range enabled.,ovarian tumor 733,Public on Jan 07 2015,Jan 09 2014,ftp://ftp.ncbi.nlm.nih.gov/geo/samples/GSM1304nnn/GSM1304334/suppl/GSM1304334_B02_251485056064_S01_GE2-v5_95_Feb07_2_Off_1_1.txt.gz,9606,9606,RNA
GSM1304335,Ov_Tumor_Ref_Mix  vs. 735,106 pooled ovarian samples,ovarian serous tumor sample,GPL6480,Homo sapiens,ovarian,2,,2825 Santa Monica Blvd. Suite 200,Santa Monica,USA,Medicine,jdering@mednet.ucla.edu,UCLA School of Medicine,Translational Oncology Research,"Judy,,Dering",CA,90404,"Agilent Feature Extraced data was imported into Rosetta Resolver version 7.1.1  (Rosetta Inpharmatics LLC, Cambridge, MA). Multiple probes with the same sequence code were combined into a single value using the Rosetta Resolver error-weighted averaging method for combining repeated measures.",41000,,Total RNA extracted using Qiagen RNeasy Kit following manufacturer's protocol.,825 ng each of labeled reference mix (cy3 label) and individual sample (cy5 label) were applied to Whole Human Genome 4X44 microarrays (Agilent G4112F) using the In Situ Hybridization Kit Plus (Agilent) protocol,Cy3,Cy5,RNA were labeled with Cy3-CTP or Cy5-CTP using the Quick-Amp Labeling Kit (Agilent) following manufacturer's instructions,RNA were labeled with Cy3-CTP or Cy5-CTP using the Quick-Amp Labeling Kit (Agilent) following manufacturer's instructions,Jan 07 2015,total RNA,total RNA,Homo sapiens,Slides were read on an Agilent G2505B scanner.  All  experiments were scanned with extended dynamic range enabled.,ovarian tumor 735,Public on Jan 07 2015,Jan 09 2014,ftp://ftp.ncbi.nlm.nih.gov/geo/samples/GSM1304nnn/GSM1304335/suppl/GSM1304335_B02_251485056064_S01_GE2-v5_95_Feb07_2_Off_1_2.txt.gz,9606,9606,RNA
GSM1304336,Ov_Tumor_Ref_Mix  vs. 739,106 pooled ovarian samples,ovarian serous tumor sample,GPL6480,Homo sapiens,ovarian,2,,2825 Santa Monica Blvd. Suite 200,Santa Monica,USA,Medicine,jdering@mednet.ucla.edu,UCLA School of Medicine,Translational Oncology Research,"Judy,,Dering",CA,90404,"Agilent Feature Extraced data was imported into Rosetta Resolver version 7.1.1  (Rosetta Inpharmatics LLC, Cambridge, MA). Multiple probes with the same sequence code were combined into a single value using the Rosetta Resolver error-weighted averaging method for combining repeated measures.",41000,,Total RNA extracted using Qiagen RNeasy Kit following manufacturer's protocol.,825 ng each of labeled reference mix (cy3 label) and individual sample (cy5 label) were applied to Whole Human Genome 4X44 microarrays (Agilent G4112F) using the In Situ Hybridization Kit Plus (Agilent) protocol,Cy3,Cy5,RNA were labeled with Cy3-CTP or Cy5-CTP using the Quick-Amp Labeling Kit (Agilent) following manufacturer's instructions,RNA were labeled with Cy3-CTP or Cy5-CTP using the Quick-Amp Labeling Kit (Agilent) following manufacturer's instructions,Jan 07 2015,total RNA,total RNA,Homo sapiens,Slides were read on an Agilent G2505B scanner.  All  experiments were scanned with extended dynamic range enabled.,ovarian tumor 739,Public on Jan 07 2015,Jan 09 2014,ftp://ftp.ncbi.nlm.nih.gov/geo/samples/GSM1304nnn/GSM1304336/suppl/GSM1304336_B02_251485056064_S01_GE2-v5_95_Feb07_2_Off_1_3.txt.gz,9606,9606,RNA
GSM1304337,Ov_Tumor_Ref_Mix  vs. 741,106 pooled ovarian samples,ovarian serous tumor sample,GPL6480,Homo sapiens,ovarian,2,,2825 Santa Monica Blvd. Suite 200,Santa Monica,USA,Medicine,jdering@mednet.ucla.edu,UCLA School of Medicine,Translational Oncology Research,"Judy,,Dering",CA,90404,"Agilent Feature Extraced data was imported into Rosetta Resolver version 7.1.1  (Rosetta Inpharmatics LLC, Cambridge, MA). Multiple probes with the same sequence code were combined into a single value using the Rosetta Resolver error-weighted averaging method for combining repeated measures.",41000,,Total RNA extracted using Qiagen RNeasy Kit following manufacturer's protocol.,825 ng each of labeled reference mix (cy3 label) and individual sample (cy5 label) were applied to Whole Human Genome 4X44 microarrays (Agilent G4112F) using the In Situ Hybridization Kit Plus (Agilent) protocol,Cy3,Cy5,RNA were labeled with Cy3-CTP or Cy5-CTP using the Quick-Amp Labeling Kit (Agilent) following manufacturer's instructions,RNA were labeled with Cy3-CTP or Cy5-CTP using the Quick-Amp Labeling Kit (Agilent) following manufacturer's instructions,Jan 07 2015,total RNA,total RNA,Homo sapiens,Slides were read on an Agilent G2505B scanner.  All  experiments were scanned with extended dynamic range enabled.,ovarian tumor 741,Public on Jan 07 2015,Jan 09 2014,ftp://ftp.ncbi.nlm.nih.gov/geo/samples/GSM1304nnn/GSM1304337/suppl/GSM1304337_B02_251485056064_S01_GE2-v5_95_Feb07_2_Off_1_4.txt.gz,9606,9606,RNA
GSM1304338,Ov_Tumor_Ref_Mix  vs. 748,106 pooled ovarian samples,ovarian serous tumor sample,GPL6480,Homo sapiens,ovarian,2,,2825 Santa Monica Blvd. Suite 200,Santa Monica,USA,Medicine,jdering@mednet.ucla.edu,UCLA School of Medicine,Translational Oncology Research,"Judy,,Dering",CA,90404,"Agilent Feature Extraced data was imported into Rosetta Resolver version 7.1.1  (Rosetta Inpharmatics LLC, Cambridge, MA). Multiple probes with the same sequence code were combined into a single value using the Rosetta Resolver error-weighted averaging method for combining repeated measures.",41000,,Total RNA extracted using Qiagen RNeasy Kit following manufacturer's protocol.,825 ng each of labeled reference mix (cy3 label) and individual sample (cy5 label) were applied to Whole Human Genome 4X44 microarrays (Agilent G4112F) using the In Situ Hybridization Kit Plus (Agilent) protocol,Cy3,Cy5,RNA were labeled with Cy3-CTP or Cy5-CTP using the Quick-Amp Labeling Kit (Agilent) following manufacturer's instructions,RNA were labeled with Cy3-CTP or Cy5-CTP using the Quick-Amp Labeling Kit (Agilent) following manufacturer's instructions,Jan 07 2015,total RNA,total RNA,Homo sapiens,Slides were read on an Agilent G2505B scanner.  All  experiments were scanned with extended dynamic range enabled.,ovarian tumor 748,Public on Jan 07 2015,Jan 09 2014,ftp://ftp.ncbi.nlm.nih.gov/geo/samples/GSM1304nnn/GSM1304338/suppl/GSM1304338_B02_251485056065_S01_GE2-v5_95_Feb07_2_Off_1_2.txt.gz,9606,9606,RNA
GSM1304339,Ov_Tumor_Ref_Mix  vs. 760,106 pooled ovarian samples,ovarian serous tumor sample,GPL6480,Homo sapiens,ovarian,2,,2825 Santa Monica Blvd. Suite 200,Santa Monica,USA,Medicine,jdering@mednet.ucla.edu,UCLA School of Medicine,Translational Oncology Research,"Judy,,Dering",CA,90404,"Agilent Feature Extraced data was imported into Rosetta Resolver version 7.1.1  (Rosetta Inpharmatics LLC, Cambridge, MA). Multiple probes with the same sequence code were combined into a single value using the Rosetta Resolver error-weighted averaging method for combining repeated measures.",41000,,Total RNA extracted using Qiagen RNeasy Kit following manufacturer's protocol.,825 ng each of labeled reference mix (cy3 label) and individual sample (cy5 label) were applied to Whole Human Genome 4X44 microarrays (Agilent G4112F) using the In Situ Hybridization Kit Plus (Agilent) protocol,Cy3,Cy5,RNA were labeled with Cy3-CTP or Cy5-CTP using the Quick-Amp Labeling Kit (Agilent) following manufacturer's instructions,RNA were labeled with Cy3-CTP or Cy5-CTP using the Quick-Amp Labeling Kit (Agilent) following manufacturer's instructions,Jan 07 2015,total RNA,total RNA,Homo sapiens,Slides were read on an Agilent G2505B scanner.  All  experiments were scanned with extended dynamic range enabled.,ovarian tumor 760,Public on Jan 07 2015,Jan 09 2014,ftp://ftp.ncbi.nlm.nih.gov/geo/samples/GSM1304nnn/GSM1304339/suppl/GSM1304339_B02_251485056065_S01_GE2-v5_95_Feb07_2_Off_1_3.txt.gz,9606,9606,RNA
GSM1304340,Ov_Tumor_Ref_Mix  vs. 764,106 pooled ovarian samples,ovarian serous tumor sample,GPL6480,Homo sapiens,ovarian,2,,2825 Santa Monica Blvd. Suite 200,Santa Monica,USA,Medicine,jdering@mednet.ucla.edu,UCLA School of Medicine,Translational Oncology Research,"Judy,,Dering",CA,90404,"Agilent Feature Extraced data was imported into Rosetta Resolver version 7.1.1  (Rosetta Inpharmatics LLC, Cambridge, MA). Multiple probes with the same sequence code were combined into a single value using the Rosetta Resolver error-weighted averaging method for combining repeated measures.",41000,,Total RNA extracted using Qiagen RNeasy Kit following manufacturer's protocol.,825 ng each of labeled reference mix (cy3 label) and individual sample (cy5 label) were applied to Whole Human Genome 4X44 microarrays (Agilent G4112F) using the In Situ Hybridization Kit Plus (Agilent) protocol,Cy3,Cy5,RNA were labeled with Cy3-CTP or Cy5-CTP using the Quick-Amp Labeling Kit (Agilent) following manufacturer's instructions,RNA were labeled with Cy3-CTP or Cy5-CTP using the Quick-Amp Labeling Kit (Agilent) following manufacturer's instructions,Jan 07 2015,total RNA,total RNA,Homo sapiens,Slides were read on an Agilent G2505B scanner.  All  experiments were scanned with extended dynamic range enabled.,ovarian tumor 764,Public on Jan 07 2015,Jan 09 2014,ftp://ftp.ncbi.nlm.nih.gov/geo/samples/GSM1304nnn/GSM1304340/suppl/GSM1304340_B02_251485056065_S01_GE2-v5_95_Feb07_2_Off_1_4.txt.gz,9606,9606,RNA
GSM1304341,Ov_Tumor_Ref_Mix  vs. 765,106 pooled ovarian samples,ovarian serous tumor sample,GPL6480,Homo sapiens,ovarian,2,,2825 Santa Monica Blvd. Suite 200,Santa Monica,USA,Medicine,jdering@mednet.ucla.edu,UCLA School of Medicine,Translational Oncology Research,"Judy,,Dering",CA,90404,"Agilent Feature Extraced data was imported into Rosetta Resolver version 7.1.1  (Rosetta Inpharmatics LLC, Cambridge, MA). Multiple probes with the same sequence code were combined into a single value using the Rosetta Resolver error-weighted averaging method for combining repeated measures.",41000,,Total RNA extracted using Qiagen RNeasy Kit following manufacturer's protocol.,825 ng each of labeled reference mix (cy3 label) and individual sample (cy5 label) were applied to Whole Human Genome 4X44 microarrays (Agilent G4112F) using the In Situ Hybridization Kit Plus (Agilent) protocol,Cy3,Cy5,RNA were labeled with Cy3-CTP or Cy5-CTP using the Quick-Amp Labeling Kit (Agilent) following manufacturer's instructions,RNA were labeled with Cy3-CTP or Cy5-CTP using the Quick-Amp Labeling Kit (Agilent) following manufacturer's instructions,Jan 07 2015,total RNA,total RNA,Homo sapiens,Slides were read on an Agilent G2505B scanner.  All  experiments were scanned with extended dynamic range enabled.,ovarian tumor 765,Public on Jan 07 2015,Jan 09 2014,ftp://ftp.ncbi.nlm.nih.gov/geo/samples/GSM1304nnn/GSM1304341/suppl/GSM1304341_B02_251485056066_S01_GE2-v5_95_Feb07_2_Off_1_1.txt.gz,9606,9606,RNA
GSM1304342,Ov_Tumor_Ref_Mix  vs. 771,106 pooled ovarian samples,ovarian serous tumor sample,GPL6480,Homo sapiens,ovarian,2,,2825 Santa Monica Blvd. Suite 200,Santa Monica,USA,Medicine,jdering@mednet.ucla.edu,UCLA School of Medicine,Translational Oncology Research,"Judy,,Dering",CA,90404,"Agilent Feature Extraced data was imported into Rosetta Resolver version 7.1.1  (Rosetta Inpharmatics LLC, Cambridge, MA). Multiple probes with the same sequence code were combined into a single value using the Rosetta Resolver error-weighted averaging method for combining repeated measures.",41000,,Total RNA extracted using Qiagen RNeasy Kit following manufacturer's protocol.,825 ng each of labeled reference mix (cy3 label) and individual sample (cy5 label) were applied to Whole Human Genome 4X44 microarrays (Agilent G4112F) using the In Situ Hybridization Kit Plus (Agilent) protocol,Cy3,Cy5,RNA were labeled with Cy3-CTP or Cy5-CTP using the Quick-Amp Labeling Kit (Agilent) following manufacturer's instructions,RNA were labeled with Cy3-CTP or Cy5-CTP using the Quick-Amp Labeling Kit (Agilent) following manufacturer's instructions,Jan 07 2015,total RNA,total RNA,Homo sapiens,Slides were read on an Agilent G2505B scanner.  All  experiments were scanned with extended dynamic range enabled.,ovarian tumor 771,Public on Jan 07 2015,Jan 09 2014,ftp://ftp.ncbi.nlm.nih.gov/geo/samples/GSM1304nnn/GSM1304342/suppl/GSM1304342_B02_251485056066_S01_GE2-v5_95_Feb07_2_Off_1_2.txt.gz,9606,9606,RNA
GSM1304343,Ov_Tumor_Ref_Mix  vs. 793,106 pooled ovarian samples,ovarian serous tumor sample,GPL6480,Homo sapiens,ovarian,2,,2825 Santa Monica Blvd. Suite 200,Santa Monica,USA,Medicine,jdering@mednet.ucla.edu,UCLA School of Medicine,Translational Oncology Research,"Judy,,Dering",CA,90404,"Agilent Feature Extraced data was imported into Rosetta Resolver version 7.1.1  (Rosetta Inpharmatics LLC, Cambridge, MA). Multiple probes with the same sequence code were combined into a single value using the Rosetta Resolver error-weighted averaging method for combining repeated measures.",41000,,Total RNA extracted using Qiagen RNeasy Kit following manufacturer's protocol.,825 ng each of labeled reference mix (cy3 label) and individual sample (cy5 label) were applied to Whole Human Genome 4X44 microarrays (Agilent G4112F) using the In Situ Hybridization Kit Plus (Agilent) protocol,Cy3,Cy5,RNA were labeled with Cy3-CTP or Cy5-CTP using the Quick-Amp Labeling Kit (Agilent) following manufacturer's instructions,RNA were labeled with Cy3-CTP or Cy5-CTP using the Quick-Amp Labeling Kit (Agilent) following manufacturer's instructions,Jan 07 2015,total RNA,total RNA,Homo sapiens,Slides were read on an Agilent G2505B scanner.  All  experiments were scanned with extended dynamic range enabled.,ovarian tumor 793,Public on Jan 07 2015,Jan 09 2014,ftp://ftp.ncbi.nlm.nih.gov/geo/samples/GSM1304nnn/GSM1304343/suppl/GSM1304343_B02_251485056066_S01_GE2-v5_95_Feb07_2_Off_1_3.txt.gz,9606,9606,RNA
GSM1304344,Ov_Tumor_Ref_Mix  vs. 799,106 pooled ovarian samples,ovarian serous tumor sample,GPL6480,Homo sapiens,ovarian,2,,2825 Santa Monica Blvd. Suite 200,Santa Monica,USA,Medicine,jdering@mednet.ucla.edu,UCLA School of Medicine,Translational Oncology Research,"Judy,,Dering",CA,90404,"Agilent Feature Extraced data was imported into Rosetta Resolver version 7.1.1  (Rosetta Inpharmatics LLC, Cambridge, MA). Multiple probes with the same sequence code were combined into a single value using the Rosetta Resolver error-weighted averaging method for combining repeated measures.",41000,,Total RNA extracted using Qiagen RNeasy Kit following manufacturer's protocol.,825 ng each of labeled reference mix (cy3 label) and individual sample (cy5 label) were applied to Whole Human Genome 4X44 microarrays (Agilent G4112F) using the In Situ Hybridization Kit Plus (Agilent) protocol,Cy3,Cy5,RNA were labeled with Cy3-CTP or Cy5-CTP using the Quick-Amp Labeling Kit (Agilent) following manufacturer's instructions,RNA were labeled with Cy3-CTP or Cy5-CTP using the Quick-Amp Labeling Kit (Agilent) following manufacturer's instructions,Jan 07 2015,total RNA,total RNA,Homo sapiens,Slides were read on an Agilent G2505B scanner.  All  experiments were scanned with extended dynamic range enabled.,ovarian tumor 799,Public on Jan 07 2015,Jan 09 2014,ftp://ftp.ncbi.nlm.nih.gov/geo/samples/GSM1304nnn/GSM1304344/suppl/GSM1304344_B02_251485056066_S01_GE2-v5_95_Feb07_2_Off_1_4.txt.gz,9606,9606,RNA
GSM1304345,Ov_Tumor_Ref_Mix  vs. 803,106 pooled ovarian samples,ovarian serous tumor sample,GPL6480,Homo sapiens,ovarian,2,,2825 Santa Monica Blvd. Suite 200,Santa Monica,USA,Medicine,jdering@mednet.ucla.edu,UCLA School of Medicine,Translational Oncology Research,"Judy,,Dering",CA,90404,"Agilent Feature Extraced data was imported into Rosetta Resolver version 7.1.1  (Rosetta Inpharmatics LLC, Cambridge, MA). Multiple probes with the same sequence code were combined into a single value using the Rosetta Resolver error-weighted averaging method for combining repeated measures.",41000,,Total RNA extracted using Qiagen RNeasy Kit following manufacturer's protocol.,825 ng each of labeled reference mix (cy3 label) and individual sample (cy5 label) were applied to Whole Human Genome 4X44 microarrays (Agilent G4112F) using the In Situ Hybridization Kit Plus (Agilent) protocol,Cy3,Cy5,RNA were labeled with Cy3-CTP or Cy5-CTP using the Quick-Amp Labeling Kit (Agilent) following manufacturer's instructions,RNA were labeled with Cy3-CTP or Cy5-CTP using the Quick-Amp Labeling Kit (Agilent) following manufacturer's instructions,Jan 07 2015,total RNA,total RNA,Homo sapiens,Slides were read on an Agilent G2505B scanner.  All  experiments were scanned with extended dynamic range enabled.,ovarian tumor 803,Public on Jan 07 2015,Jan 09 2014,ftp://ftp.ncbi.nlm.nih.gov/geo/samples/GSM1304nnn/GSM1304345/suppl/GSM1304345_B02_251485056473_S01_GE2-v5_95_Feb07_2_Off_1_4.txt.gz,9606,9606,RNA
GSM1304346,Ov_Tumor_Ref_Mix  vs. 808,106 pooled ovarian samples,ovarian serous tumor sample,GPL6480,Homo sapiens,ovarian,2,,2825 Santa Monica Blvd. Suite 200,Santa Monica,USA,Medicine,jdering@mednet.ucla.edu,UCLA School of Medicine,Translational Oncology Research,"Judy,,Dering",CA,90404,"Agilent Feature Extraced data was imported into Rosetta Resolver version 7.1.1  (Rosetta Inpharmatics LLC, Cambridge, MA). Multiple probes with the same sequence code were combined into a single value using the Rosetta Resolver error-weighted averaging method for combining repeated measures.",41000,,Total RNA extracted using Qiagen RNeasy Kit following manufacturer's protocol.,825 ng each of labeled reference mix (cy3 label) and individual sample (cy5 label) were applied to Whole Human Genome 4X44 microarrays (Agilent G4112F) using the In Situ Hybridization Kit Plus (Agilent) protocol,Cy3,Cy5,RNA were labeled with Cy3-CTP or Cy5-CTP using the Quick-Amp Labeling Kit (Agilent) following manufacturer's instructions,RNA were labeled with Cy3-CTP or Cy5-CTP using the Quick-Amp Labeling Kit (Agilent) following manufacturer's instructions,Jan 07 2015,total RNA,total RNA,Homo sapiens,Slides were read on an Agilent G2505B scanner.  All  experiments were scanned with extended dynamic range enabled.,ovarian tumor 808,Public on Jan 07 2015,Jan 09 2014,ftp://ftp.ncbi.nlm.nih.gov/geo/samples/GSM1304nnn/GSM1304346/suppl/GSM1304346_B02_251485056577_S01_GE2-v5_95_Feb07_2_Off_1_1.txt.gz,9606,9606,RNA
GSM1304347,Ov_Tumor_Ref_Mix  vs. 812,106 pooled ovarian samples,ovarian serous tumor sample,GPL6480,Homo sapiens,ovarian,2,,2825 Santa Monica Blvd. Suite 200,Santa Monica,USA,Medicine,jdering@mednet.ucla.edu,UCLA School of Medicine,Translational Oncology Research,"Judy,,Dering",CA,90404,"Agilent Feature Extraced data was imported into Rosetta Resolver version 7.1.1  (Rosetta Inpharmatics LLC, Cambridge, MA). Multiple probes with the same sequence code were combined into a single value using the Rosetta Resolver error-weighted averaging method for combining repeated measures.",41000,,Total RNA extracted using Qiagen RNeasy Kit following manufacturer's protocol.,825 ng each of labeled reference mix (cy3 label) and individual sample (cy5 label) were applied to Whole Human Genome 4X44 microarrays (Agilent G4112F) using the In Situ Hybridization Kit Plus (Agilent) protocol,Cy3,Cy5,RNA were labeled with Cy3-CTP or Cy5-CTP using the Quick-Amp Labeling Kit (Agilent) following manufacturer's instructions,RNA were labeled with Cy3-CTP or Cy5-CTP using the Quick-Amp Labeling Kit (Agilent) following manufacturer's instructions,Jan 07 2015,total RNA,total RNA,Homo sapiens,Slides were read on an Agilent G2505B scanner.  All  experiments were scanned with extended dynamic range enabled.,ovarian tumor 812,Public on Jan 07 2015,Jan 09 2014,ftp://ftp.ncbi.nlm.nih.gov/geo/samples/GSM1304nnn/GSM1304347/suppl/GSM1304347_B02_251485056577_S01_GE2-v5_95_Feb07_2_Off_1_2.txt.gz,9606,9606,RNA
GSM1304348,Ov_Tumor_Ref_Mix  vs. 815,106 pooled ovarian samples,ovarian serous tumor sample,GPL6480,Homo sapiens,ovarian,2,,2825 Santa Monica Blvd. Suite 200,Santa Monica,USA,Medicine,jdering@mednet.ucla.edu,UCLA School of Medicine,Translational Oncology Research,"Judy,,Dering",CA,90404,"Agilent Feature Extraced data was imported into Rosetta Resolver version 7.1.1  (Rosetta Inpharmatics LLC, Cambridge, MA). Multiple probes with the same sequence code were combined into a single value using the Rosetta Resolver error-weighted averaging method for combining repeated measures.",41000,,Total RNA extracted using Qiagen RNeasy Kit following manufacturer's protocol.,825 ng each of labeled reference mix (cy3 label) and individual sample (cy5 label) were applied to Whole Human Genome 4X44 microarrays (Agilent G4112F) using the In Situ Hybridization Kit Plus (Agilent) protocol,Cy3,Cy5,RNA were labeled with Cy3-CTP or Cy5-CTP using the Quick-Amp Labeling Kit (Agilent) following manufacturer's instructions,RNA were labeled with Cy3-CTP or Cy5-CTP using the Quick-Amp Labeling Kit (Agilent) following manufacturer's instructions,Jan 07 2015,total RNA,total RNA,Homo sapiens,Slides were read on an Agilent G2505B scanner.  All  experiments were scanned with extended dynamic range enabled.,ovarian tumor 815,Public on Jan 07 2015,Jan 09 2014,ftp://ftp.ncbi.nlm.nih.gov/geo/samples/GSM1304nnn/GSM1304348/suppl/GSM1304348_B02_251485056577_S01_GE2-v5_95_Feb07_2_Off_1_3.txt.gz,9606,9606,RNA
GSM1304349,Ov_Tumor_Ref_Mix  vs. 820,106 pooled ovarian samples,ovarian serous tumor sample,GPL6480,Homo sapiens,ovarian,2,,2825 Santa Monica Blvd. Suite 200,Santa Monica,USA,Medicine,jdering@mednet.ucla.edu,UCLA School of Medicine,Translational Oncology Research,"Judy,,Dering",CA,90404,"Agilent Feature Extraced data was imported into Rosetta Resolver version 7.1.1  (Rosetta Inpharmatics LLC, Cambridge, MA). Multiple probes with the same sequence code were combined into a single value using the Rosetta Resolver error-weighted averaging method for combining repeated measures.",41000,,Total RNA extracted using Qiagen RNeasy Kit following manufacturer's protocol.,825 ng each of labeled reference mix (cy3 label) and individual sample (cy5 label) were applied to Whole Human Genome 4X44 microarrays (Agilent G4112F) using the In Situ Hybridization Kit Plus (Agilent) protocol,Cy3,Cy5,RNA were labeled with Cy3-CTP or Cy5-CTP using the Quick-Amp Labeling Kit (Agilent) following manufacturer's instructions,RNA were labeled with Cy3-CTP or Cy5-CTP using the Quick-Amp Labeling Kit (Agilent) following manufacturer's instructions,Jan 07 2015,total RNA,total RNA,Homo sapiens,Slides were read on an Agilent G2505B scanner.  All  experiments were scanned with extended dynamic range enabled.,ovarian tumor 820,Public on Jan 07 2015,Jan 09 2014,ftp://ftp.ncbi.nlm.nih.gov/geo/samples/GSM1304nnn/GSM1304349/suppl/GSM1304349_B02_251485056577_S01_GE2-v5_95_Feb07_2_Off_1_4.txt.gz,9606,9606,RNA
GSM1304350,Ov_Tumor_Ref_Mix  vs. 824,106 pooled ovarian samples,ovarian serous tumor sample,GPL6480,Homo sapiens,ovarian,2,,2825 Santa Monica Blvd. Suite 200,Santa Monica,USA,Medicine,jdering@mednet.ucla.edu,UCLA School of Medicine,Translational Oncology Research,"Judy,,Dering",CA,90404,"Agilent Feature Extraced data was imported into Rosetta Resolver version 7.1.1  (Rosetta Inpharmatics LLC, Cambridge, MA). Multiple probes with the same sequence code were combined into a single value using the Rosetta Resolver error-weighted averaging method for combining repeated measures.",41000,,Total RNA extracted using Qiagen RNeasy Kit following manufacturer's protocol.,825 ng each of labeled reference mix (cy3 label) and individual sample (cy5 label) were applied to Whole Human Genome 4X44 microarrays (Agilent G4112F) using the In Situ Hybridization Kit Plus (Agilent) protocol,Cy3,Cy5,RNA were labeled with Cy3-CTP or Cy5-CTP using the Quick-Amp Labeling Kit (Agilent) following manufacturer's instructions,RNA were labeled with Cy3-CTP or Cy5-CTP using the Quick-Amp Labeling Kit (Agilent) following manufacturer's instructions,Jan 07 2015,total RNA,total RNA,Homo sapiens,Slides were read on an Agilent G2505B scanner.  All  experiments were scanned with extended dynamic range enabled.,ovarian tumor 824,Public on Jan 07 2015,Jan 09 2014,ftp://ftp.ncbi.nlm.nih.gov/geo/samples/GSM1304nnn/GSM1304350/suppl/GSM1304350_B02_251485056578_S01_GE2-v5_95_Feb07_2_Off_1_1.txt.gz,9606,9606,RNA
GSM1304351,Ov_Tumor_Ref_Mix  vs. 844,106 pooled ovarian samples,ovarian serous tumor sample,GPL6480,Homo sapiens,ovarian,2,,2825 Santa Monica Blvd. Suite 200,Santa Monica,USA,Medicine,jdering@mednet.ucla.edu,UCLA School of Medicine,Translational Oncology Research,"Judy,,Dering",CA,90404,"Agilent Feature Extraced data was imported into Rosetta Resolver version 7.1.1  (Rosetta Inpharmatics LLC, Cambridge, MA). Multiple probes with the same sequence code were combined into a single value using the Rosetta Resolver error-weighted averaging method for combining repeated measures.",41000,,Total RNA extracted using Qiagen RNeasy Kit following manufacturer's protocol.,825 ng each of labeled reference mix (cy3 label) and individual sample (cy5 label) were applied to Whole Human Genome 4X44 microarrays (Agilent G4112F) using the In Situ Hybridization Kit Plus (Agilent) protocol,Cy3,Cy5,RNA were labeled with Cy3-CTP or Cy5-CTP using the Quick-Amp Labeling Kit (Agilent) following manufacturer's instructions,RNA were labeled with Cy3-CTP or Cy5-CTP using the Quick-Amp Labeling Kit (Agilent) following manufacturer's instructions,Jan 07 2015,total RNA,total RNA,Homo sapiens,Slides were read on an Agilent G2505B scanner.  All  experiments were scanned with extended dynamic range enabled.,ovarian tumor 844,Public on Jan 07 2015,Jan 09 2014,ftp://ftp.ncbi.nlm.nih.gov/geo/samples/GSM1304nnn/GSM1304351/suppl/GSM1304351_B02_251485056578_S01_GE2-v5_95_Feb07_2_Off_1_2.txt.gz,9606,9606,RNA
GSM1304352,Ov_Tumor_Ref_Mix  vs. 846,106 pooled ovarian samples,ovarian serous tumor sample,GPL6480,Homo sapiens,ovarian,2,,2825 Santa Monica Blvd. Suite 200,Santa Monica,USA,Medicine,jdering@mednet.ucla.edu,UCLA School of Medicine,Translational Oncology Research,"Judy,,Dering",CA,90404,"Agilent Feature Extraced data was imported into Rosetta Resolver version 7.1.1  (Rosetta Inpharmatics LLC, Cambridge, MA). Multiple probes with the same sequence code were combined into a single value using the Rosetta Resolver error-weighted averaging method for combining repeated measures.",41000,,Total RNA extracted using Qiagen RNeasy Kit following manufacturer's protocol.,825 ng each of labeled reference mix (cy3 label) and individual sample (cy5 label) were applied to Whole Human Genome 4X44 microarrays (Agilent G4112F) using the In Situ Hybridization Kit Plus (Agilent) protocol,Cy3,Cy5,RNA were labeled with Cy3-CTP or Cy5-CTP using the Quick-Amp Labeling Kit (Agilent) following manufacturer's instructions,RNA were labeled with Cy3-CTP or Cy5-CTP using the Quick-Amp Labeling Kit (Agilent) following manufacturer's instructions,Jan 07 2015,total RNA,total RNA,Homo sapiens,Slides were read on an Agilent G2505B scanner.  All  experiments were scanned with extended dynamic range enabled.,ovarian tumor 846,Public on Jan 07 2015,Jan 09 2014,ftp://ftp.ncbi.nlm.nih.gov/geo/samples/GSM1304nnn/GSM1304352/suppl/GSM1304352_B02_251485056578_S01_GE2-v5_95_Feb07_2_Off_1_3.txt.gz,9606,9606,RNA
GSM1304353,Ov_Tumor_Ref_Mix  vs. 855,106 pooled ovarian samples,ovarian serous tumor sample,GPL6480,Homo sapiens,ovarian,2,,2825 Santa Monica Blvd. Suite 200,Santa Monica,USA,Medicine,jdering@mednet.ucla.edu,UCLA School of Medicine,Translational Oncology Research,"Judy,,Dering",CA,90404,"Agilent Feature Extraced data was imported into Rosetta Resolver version 7.1.1  (Rosetta Inpharmatics LLC, Cambridge, MA). Multiple probes with the same sequence code were combined into a single value using the Rosetta Resolver error-weighted averaging method for combining repeated measures.",41000,,Total RNA extracted using Qiagen RNeasy Kit following manufacturer's protocol.,825 ng each of labeled reference mix (cy3 label) and individual sample (cy5 label) were applied to Whole Human Genome 4X44 microarrays (Agilent G4112F) using the In Situ Hybridization Kit Plus (Agilent) protocol,Cy3,Cy5,RNA were labeled with Cy3-CTP or Cy5-CTP using the Quick-Amp Labeling Kit (Agilent) following manufacturer's instructions,RNA were labeled with Cy3-CTP or Cy5-CTP using the Quick-Amp Labeling Kit (Agilent) following manufacturer's instructions,Jan 07 2015,total RNA,total RNA,Homo sapiens,Slides were read on an Agilent G2505B scanner.  All  experiments were scanned with extended dynamic range enabled.,ovarian tumor 855,Public on Jan 07 2015,Jan 09 2014,ftp://ftp.ncbi.nlm.nih.gov/geo/samples/GSM1304nnn/GSM1304353/suppl/GSM1304353_B02_251485056578_S01_GE2-v5_95_Feb07_2_Off_1_4.txt.gz,9606,9606,RNA
GSM1304354,Ov_Tumor_Ref_Mix  vs. 860,106 pooled ovarian samples,ovarian serous tumor sample,GPL6480,Homo sapiens,ovarian,2,,2825 Santa Monica Blvd. Suite 200,Santa Monica,USA,Medicine,jdering@mednet.ucla.edu,UCLA School of Medicine,Translational Oncology Research,"Judy,,Dering",CA,90404,"Agilent Feature Extraced data was imported into Rosetta Resolver version 7.1.1  (Rosetta Inpharmatics LLC, Cambridge, MA). Multiple probes with the same sequence code were combined into a single value using the Rosetta Resolver error-weighted averaging method for combining repeated measures.",41000,,Total RNA extracted using Qiagen RNeasy Kit following manufacturer's protocol.,825 ng each of labeled reference mix (cy3 label) and individual sample (cy5 label) were applied to Whole Human Genome 4X44 microarrays (Agilent G4112F) using the In Situ Hybridization Kit Plus (Agilent) protocol,Cy3,Cy5,RNA were labeled with Cy3-CTP or Cy5-CTP using the Quick-Amp Labeling Kit (Agilent) following manufacturer's instructions,RNA were labeled with Cy3-CTP or Cy5-CTP using the Quick-Amp Labeling Kit (Agilent) following manufacturer's instructions,Jan 07 2015,total RNA,total RNA,Homo sapiens,Slides were read on an Agilent G2505B scanner.  All  experiments were scanned with extended dynamic range enabled.,ovarian tumor 860,Public on Jan 07 2015,Jan 09 2014,ftp://ftp.ncbi.nlm.nih.gov/geo/samples/GSM1304nnn/GSM1304354/suppl/GSM1304354_B02_251485056579_S01_GE2-v5_95_Feb07_2_Off_1_1.txt.gz,9606,9606,RNA
GSM1304355,Ov_Tumor_Ref_Mix  vs. 869,106 pooled ovarian samples,ovarian serous tumor sample,GPL6480,Homo sapiens,ovarian,2,,2825 Santa Monica Blvd. Suite 200,Santa Monica,USA,Medicine,jdering@mednet.ucla.edu,UCLA School of Medicine,Translational Oncology Research,"Judy,,Dering",CA,90404,"Agilent Feature Extraced data was imported into Rosetta Resolver version 7.1.1  (Rosetta Inpharmatics LLC, Cambridge, MA). Multiple probes with the same sequence code were combined into a single value using the Rosetta Resolver error-weighted averaging method for combining repeated measures.",41000,,Total RNA extracted using Qiagen RNeasy Kit following manufacturer's protocol.,825 ng each of labeled reference mix (cy3 label) and individual sample (cy5 label) were applied to Whole Human Genome 4X44 microarrays (Agilent G4112F) using the In Situ Hybridization Kit Plus (Agilent) protocol,Cy3,Cy5,RNA were labeled with Cy3-CTP or Cy5-CTP using the Quick-Amp Labeling Kit (Agilent) following manufacturer's instructions,RNA were labeled with Cy3-CTP or Cy5-CTP using the Quick-Amp Labeling Kit (Agilent) following manufacturer's instructions,Jan 07 2015,total RNA,total RNA,Homo sapiens,Slides were read on an Agilent G2505B scanner.  All  experiments were scanned with extended dynamic range enabled.,ovarian tumor 869,Public on Jan 07 2015,Jan 09 2014,ftp://ftp.ncbi.nlm.nih.gov/geo/samples/GSM1304nnn/GSM1304355/suppl/GSM1304355_B02_251485056579_S01_GE2-v5_95_Feb07_2_Off_1_2.txt.gz,9606,9606,RNA
GSM1304356,Ov_Tumor_Ref_Mix  vs. 870,106 pooled ovarian samples,ovarian serous tumor sample,GPL6480,Homo sapiens,ovarian,2,,2825 Santa Monica Blvd. Suite 200,Santa Monica,USA,Medicine,jdering@mednet.ucla.edu,UCLA School of Medicine,Translational Oncology Research,"Judy,,Dering",CA,90404,"Agilent Feature Extraced data was imported into Rosetta Resolver version 7.1.1  (Rosetta Inpharmatics LLC, Cambridge, MA). Multiple probes with the same sequence code were combined into a single value using the Rosetta Resolver error-weighted averaging method for combining repeated measures.",41000,,Total RNA extracted using Qiagen RNeasy Kit following manufacturer's protocol.,825 ng each of labeled reference mix (cy3 label) and individual sample (cy5 label) were applied to Whole Human Genome 4X44 microarrays (Agilent G4112F) using the In Situ Hybridization Kit Plus (Agilent) protocol,Cy3,Cy5,RNA were labeled with Cy3-CTP or Cy5-CTP using the Quick-Amp Labeling Kit (Agilent) following manufacturer's instructions,RNA were labeled with Cy3-CTP or Cy5-CTP using the Quick-Amp Labeling Kit (Agilent) following manufacturer's instructions,Jan 07 2015,total RNA,total RNA,Homo sapiens,Slides were read on an Agilent G2505B scanner.  All  experiments were scanned with extended dynamic range enabled.,ovarian tumor 870,Public on Jan 07 2015,Jan 09 2014,ftp://ftp.ncbi.nlm.nih.gov/geo/samples/GSM1304nnn/GSM1304356/suppl/GSM1304356_B02_251485056579_S01_GE2-v5_95_Feb07_2_Off_1_3.txt.gz,9606,9606,RNA
GSM1304357,Ov_Tumor_Ref_Mix  vs. 898,106 pooled ovarian samples,ovarian serous tumor sample,GPL6480,Homo sapiens,ovarian,2,,2825 Santa Monica Blvd. Suite 200,Santa Monica,USA,Medicine,jdering@mednet.ucla.edu,UCLA School of Medicine,Translational Oncology Research,"Judy,,Dering",CA,90404,"Agilent Feature Extraced data was imported into Rosetta Resolver version 7.1.1  (Rosetta Inpharmatics LLC, Cambridge, MA). Multiple probes with the same sequence code were combined into a single value using the Rosetta Resolver error-weighted averaging method for combining repeated measures.",41000,,Total RNA extracted using Qiagen RNeasy Kit following manufacturer's protocol.,825 ng each of labeled reference mix (cy3 label) and individual sample (cy5 label) were applied to Whole Human Genome 4X44 microarrays (Agilent G4112F) using the In Situ Hybridization Kit Plus (Agilent) protocol,Cy3,Cy5,RNA were labeled with Cy3-CTP or Cy5-CTP using the Quick-Amp Labeling Kit (Agilent) following manufacturer's instructions,RNA were labeled with Cy3-CTP or Cy5-CTP using the Quick-Amp Labeling Kit (Agilent) following manufacturer's instructions,Jan 07 2015,total RNA,total RNA,Homo sapiens,Slides were read on an Agilent G2505B scanner.  All  experiments were scanned with extended dynamic range enabled.,ovarian tumor 898,Public on Jan 07 2015,Jan 09 2014,ftp://ftp.ncbi.nlm.nih.gov/geo/samples/GSM1304nnn/GSM1304357/suppl/GSM1304357_B02_251485056580_S01_GE2-v5_95_Feb07_2_Off_1_1.txt.gz,9606,9606,RNA
GSM1304358,Ov_Tumor_Ref_Mix  vs. 909,106 pooled ovarian samples,ovarian serous tumor sample,GPL6480,Homo sapiens,ovarian,2,,2825 Santa Monica Blvd. Suite 200,Santa Monica,USA,Medicine,jdering@mednet.ucla.edu,UCLA School of Medicine,Translational Oncology Research,"Judy,,Dering",CA,90404,"Agilent Feature Extraced data was imported into Rosetta Resolver version 7.1.1  (Rosetta Inpharmatics LLC, Cambridge, MA). Multiple probes with the same sequence code were combined into a single value using the Rosetta Resolver error-weighted averaging method for combining repeated measures.",41000,,Total RNA extracted using Qiagen RNeasy Kit following manufacturer's protocol.,825 ng each of labeled reference mix (cy3 label) and individual sample (cy5 label) were applied to Whole Human Genome 4X44 microarrays (Agilent G4112F) using the In Situ Hybridization Kit Plus (Agilent) protocol,Cy3,Cy5,RNA were labeled with Cy3-CTP or Cy5-CTP using the Quick-Amp Labeling Kit (Agilent) following manufacturer's instructions,RNA were labeled with Cy3-CTP or Cy5-CTP using the Quick-Amp Labeling Kit (Agilent) following manufacturer's instructions,Jan 07 2015,total RNA,total RNA,Homo sapiens,Slides were read on an Agilent G2505B scanner.  All  experiments were scanned with extended dynamic range enabled.,ovarian tumor 909,Public on Jan 07 2015,Jan 09 2014,ftp://ftp.ncbi.nlm.nih.gov/geo/samples/GSM1304nnn/GSM1304358/suppl/GSM1304358_B02_251485056580_S01_GE2-v5_95_Feb07_2_Off_1_2.txt.gz,9606,9606,RNA
GSM1304359,Ov_Tumor_Ref_Mix  vs. 910,106 pooled ovarian samples,ovarian serous tumor sample,GPL6480,Homo sapiens,ovarian,2,,2825 Santa Monica Blvd. Suite 200,Santa Monica,USA,Medicine,jdering@mednet.ucla.edu,UCLA School of Medicine,Translational Oncology Research,"Judy,,Dering",CA,90404,"Agilent Feature Extraced data was imported into Rosetta Resolver version 7.1.1  (Rosetta Inpharmatics LLC, Cambridge, MA). Multiple probes with the same sequence code were combined into a single value using the Rosetta Resolver error-weighted averaging method for combining repeated measures.",41000,,Total RNA extracted using Qiagen RNeasy Kit following manufacturer's protocol.,825 ng each of labeled reference mix (cy3 label) and individual sample (cy5 label) were applied to Whole Human Genome 4X44 microarrays (Agilent G4112F) using the In Situ Hybridization Kit Plus (Agilent) protocol,Cy3,Cy5,RNA were labeled with Cy3-CTP or Cy5-CTP using the Quick-Amp Labeling Kit (Agilent) following manufacturer's instructions,RNA were labeled with Cy3-CTP or Cy5-CTP using the Quick-Amp Labeling Kit (Agilent) following manufacturer's instructions,Jan 07 2015,total RNA,total RNA,Homo sapiens,Slides were read on an Agilent G2505B scanner.  All  experiments were scanned with extended dynamic range enabled.,ovarian tumor 910,Public on Jan 07 2015,Jan 09 2014,ftp://ftp.ncbi.nlm.nih.gov/geo/samples/GSM1304nnn/GSM1304359/suppl/GSM1304359_B02_251485056580_S01_GE2-v5_95_Feb07_2_Off_1_3.txt.gz,9606,9606,RNA
GSM1304360,Ov_Tumor_Ref_Mix  vs. 926,106 pooled ovarian samples,ovarian serous tumor sample,GPL6480,Homo sapiens,ovarian,2,,2825 Santa Monica Blvd. Suite 200,Santa Monica,USA,Medicine,jdering@mednet.ucla.edu,UCLA School of Medicine,Translational Oncology Research,"Judy,,Dering",CA,90404,"Agilent Feature Extraced data was imported into Rosetta Resolver version 7.1.1  (Rosetta Inpharmatics LLC, Cambridge, MA). Multiple probes with the same sequence code were combined into a single value using the Rosetta Resolver error-weighted averaging method for combining repeated measures.",41000,,Total RNA extracted using Qiagen RNeasy Kit following manufacturer's protocol.,825 ng each of labeled reference mix (cy3 label) and individual sample (cy5 label) were applied to Whole Human Genome 4X44 microarrays (Agilent G4112F) using the In Situ Hybridization Kit Plus (Agilent) protocol,Cy3,Cy5,RNA were labeled with Cy3-CTP or Cy5-CTP using the Quick-Amp Labeling Kit (Agilent) following manufacturer's instructions,RNA were labeled with Cy3-CTP or Cy5-CTP using the Quick-Amp Labeling Kit (Agilent) following manufacturer's instructions,Jan 07 2015,total RNA,total RNA,Homo sapiens,Slides were read on an Agilent G2505B scanner.  All  experiments were scanned with extended dynamic range enabled.,ovarian tumor 926,Public on Jan 07 2015,Jan 09 2014,ftp://ftp.ncbi.nlm.nih.gov/geo/samples/GSM1304nnn/GSM1304360/suppl/GSM1304360_B02_251485056580_S01_GE2-v5_95_Feb07_2_Off_1_4.txt.gz,9606,9606,RNA
GSM1304361,Ov_Tumor_Ref_Mix  vs. 927,106 pooled ovarian samples,ovarian serous tumor sample,GPL6480,Homo sapiens,ovarian,2,,2825 Santa Monica Blvd. Suite 200,Santa Monica,USA,Medicine,jdering@mednet.ucla.edu,UCLA School of Medicine,Translational Oncology Research,"Judy,,Dering",CA,90404,"Agilent Feature Extraced data was imported into Rosetta Resolver version 7.1.1  (Rosetta Inpharmatics LLC, Cambridge, MA). Multiple probes with the same sequence code were combined into a single value using the Rosetta Resolver error-weighted averaging method for combining repeated measures.",41000,,Total RNA extracted using Qiagen RNeasy Kit following manufacturer's protocol.,825 ng each of labeled reference mix (cy3 label) and individual sample (cy5 label) were applied to Whole Human Genome 4X44 microarrays (Agilent G4112F) using the In Situ Hybridization Kit Plus (Agilent) protocol,Cy3,Cy5,RNA were labeled with Cy3-CTP or Cy5-CTP using the Quick-Amp Labeling Kit (Agilent) following manufacturer's instructions,RNA were labeled with Cy3-CTP or Cy5-CTP using the Quick-Amp Labeling Kit (Agilent) following manufacturer's instructions,Jan 07 2015,total RNA,total RNA,Homo sapiens,Slides were read on an Agilent G2505B scanner.  All  experiments were scanned with extended dynamic range enabled.,ovarian tumor 927,Public on Jan 07 2015,Jan 09 2014,ftp://ftp.ncbi.nlm.nih.gov/geo/samples/GSM1304nnn/GSM1304361/suppl/GSM1304361_B02_251485056581_S01_GE2-v5_95_Feb07_2_Off_1_1.txt.gz,9606,9606,RNA
GSM1304362,Ov_Tumor_Ref_Mix  vs. 929,106 pooled ovarian samples,ovarian serous tumor sample,GPL6480,Homo sapiens,ovarian,2,,2825 Santa Monica Blvd. Suite 200,Santa Monica,USA,Medicine,jdering@mednet.ucla.edu,UCLA School of Medicine,Translational Oncology Research,"Judy,,Dering",CA,90404,"Agilent Feature Extraced data was imported into Rosetta Resolver version 7.1.1  (Rosetta Inpharmatics LLC, Cambridge, MA). Multiple probes with the same sequence code were combined into a single value using the Rosetta Resolver error-weighted averaging method for combining repeated measures.",41000,,Total RNA extracted using Qiagen RNeasy Kit following manufacturer's protocol.,825 ng each of labeled reference mix (cy3 label) and individual sample (cy5 label) were applied to Whole Human Genome 4X44 microarrays (Agilent G4112F) using the In Situ Hybridization Kit Plus (Agilent) protocol,Cy3,Cy5,RNA were labeled with Cy3-CTP or Cy5-CTP using the Quick-Amp Labeling Kit (Agilent) following manufacturer's instructions,RNA were labeled with Cy3-CTP or Cy5-CTP using the Quick-Amp Labeling Kit (Agilent) following manufacturer's instructions,Jan 07 2015,total RNA,total RNA,Homo sapiens,Slides were read on an Agilent G2505B scanner.  All  experiments were scanned with extended dynamic range enabled.,ovarian tumor 929,Public on Jan 07 2015,Jan 09 2014,ftp://ftp.ncbi.nlm.nih.gov/geo/samples/GSM1304nnn/GSM1304362/suppl/GSM1304362_B02_251485056581_S01_GE2-v5_95_Feb07_2_Off_1_2.txt.gz,9606,9606,RNA
GSM1304363,Ov_Tumor_Ref_Mix  vs. 939,106 pooled ovarian samples,ovarian serous tumor sample,GPL6480,Homo sapiens,ovarian,2,,2825 Santa Monica Blvd. Suite 200,Santa Monica,USA,Medicine,jdering@mednet.ucla.edu,UCLA School of Medicine,Translational Oncology Research,"Judy,,Dering",CA,90404,"Agilent Feature Extraced data was imported into Rosetta Resolver version 7.1.1  (Rosetta Inpharmatics LLC, Cambridge, MA). Multiple probes with the same sequence code were combined into a single value using the Rosetta Resolver error-weighted averaging method for combining repeated measures.",41000,,Total RNA extracted using Qiagen RNeasy Kit following manufacturer's protocol.,825 ng each of labeled reference mix (cy3 label) and individual sample (cy5 label) were applied to Whole Human Genome 4X44 microarrays (Agilent G4112F) using the In Situ Hybridization Kit Plus (Agilent) protocol,Cy3,Cy5,RNA were labeled with Cy3-CTP or Cy5-CTP using the Quick-Amp Labeling Kit (Agilent) following manufacturer's instructions,RNA were labeled with Cy3-CTP or Cy5-CTP using the Quick-Amp Labeling Kit (Agilent) following manufacturer's instructions,Jan 07 2015,total RNA,total RNA,Homo sapiens,Slides were read on an Agilent G2505B scanner.  All  experiments were scanned with extended dynamic range enabled.,ovarian tumor 939,Public on Jan 07 2015,Jan 09 2014,ftp://ftp.ncbi.nlm.nih.gov/geo/samples/GSM1304nnn/GSM1304363/suppl/GSM1304363_B02_251485056581_S01_GE2-v5_95_Feb07_2_Off_1_3.txt.gz,9606,9606,RNA
GSM1304364,Ov_Tumor_Ref_Mix  vs. 944,106 pooled ovarian samples,ovarian serous tumor sample,GPL6480,Homo sapiens,ovarian,2,,2825 Santa Monica Blvd. Suite 200,Santa Monica,USA,Medicine,jdering@mednet.ucla.edu,UCLA School of Medicine,Translational Oncology Research,"Judy,,Dering",CA,90404,"Agilent Feature Extraced data was imported into Rosetta Resolver version 7.1.1  (Rosetta Inpharmatics LLC, Cambridge, MA). Multiple probes with the same sequence code were combined into a single value using the Rosetta Resolver error-weighted averaging method for combining repeated measures.",41000,,Total RNA extracted using Qiagen RNeasy Kit following manufacturer's protocol.,825 ng each of labeled reference mix (cy3 label) and individual sample (cy5 label) were applied to Whole Human Genome 4X44 microarrays (Agilent G4112F) using the In Situ Hybridization Kit Plus (Agilent) protocol,Cy3,Cy5,RNA were labeled with Cy3-CTP or Cy5-CTP using the Quick-Amp Labeling Kit (Agilent) following manufacturer's instructions,RNA were labeled with Cy3-CTP or Cy5-CTP using the Quick-Amp Labeling Kit (Agilent) following manufacturer's instructions,Jan 07 2015,total RNA,total RNA,Homo sapiens,Slides were read on an Agilent G2505B scanner.  All  experiments were scanned with extended dynamic range enabled.,ovarian tumor 944,Public on Jan 07 2015,Jan 09 2014,ftp://ftp.ncbi.nlm.nih.gov/geo/samples/GSM1304nnn/GSM1304364/suppl/GSM1304364_B02_251485056581_S01_GE2-v5_95_Feb07_2_Off_1_4.txt.gz,9606,9606,RNA
GSM1304365,Ov_Tumor_Ref_Mix  vs. 945,106 pooled ovarian samples,ovarian serous tumor sample,GPL6480,Homo sapiens,ovarian,2,,2825 Santa Monica Blvd. Suite 200,Santa Monica,USA,Medicine,jdering@mednet.ucla.edu,UCLA School of Medicine,Translational Oncology Research,"Judy,,Dering",CA,90404,"Agilent Feature Extraced data was imported into Rosetta Resolver version 7.1.1  (Rosetta Inpharmatics LLC, Cambridge, MA). Multiple probes with the same sequence code were combined into a single value using the Rosetta Resolver error-weighted averaging method for combining repeated measures.",41000,,Total RNA extracted using Qiagen RNeasy Kit following manufacturer's protocol.,825 ng each of labeled reference mix (cy3 label) and individual sample (cy5 label) were applied to Whole Human Genome 4X44 microarrays (Agilent G4112F) using the In Situ Hybridization Kit Plus (Agilent) protocol,Cy3,Cy5,RNA were labeled with Cy3-CTP or Cy5-CTP using the Quick-Amp Labeling Kit (Agilent) following manufacturer's instructions,RNA were labeled with Cy3-CTP or Cy5-CTP using the Quick-Amp Labeling Kit (Agilent) following manufacturer's instructions,Jan 07 2015,total RNA,total RNA,Homo sapiens,Slides were read on an Agilent G2505B scanner.  All  experiments were scanned with extended dynamic range enabled.,ovarian tumor 945,Public on Jan 07 2015,Jan 09 2014,ftp://ftp.ncbi.nlm.nih.gov/geo/samples/GSM1304nnn/GSM1304365/suppl/GSM1304365_B02_251485056524_S01_GE2-v5_95_Feb07_2_Off_1_1.txt.gz,9606,9606,RNA
GSM1304366,Ov_Tumor_Ref_Mix  vs. 952,106 pooled ovarian samples,ovarian serous tumor sample,GPL6480,Homo sapiens,ovarian,2,,2825 Santa Monica Blvd. Suite 200,Santa Monica,USA,Medicine,jdering@mednet.ucla.edu,UCLA School of Medicine,Translational Oncology Research,"Judy,,Dering",CA,90404,"Agilent Feature Extraced data was imported into Rosetta Resolver version 7.1.1  (Rosetta Inpharmatics LLC, Cambridge, MA). Multiple probes with the same sequence code were combined into a single value using the Rosetta Resolver error-weighted averaging method for combining repeated measures.",41000,,Total RNA extracted using Qiagen RNeasy Kit following manufacturer's protocol.,825 ng each of labeled reference mix (cy3 label) and individual sample (cy5 label) were applied to Whole Human Genome 4X44 microarrays (Agilent G4112F) using the In Situ Hybridization Kit Plus (Agilent) protocol,Cy3,Cy5,RNA were labeled with Cy3-CTP or Cy5-CTP using the Quick-Amp Labeling Kit (Agilent) following manufacturer's instructions,RNA were labeled with Cy3-CTP or Cy5-CTP using the Quick-Amp Labeling Kit (Agilent) following manufacturer's instructions,Jan 07 2015,total RNA,total RNA,Homo sapiens,Slides were read on an Agilent G2505B scanner.  All  experiments were scanned with extended dynamic range enabled.,ovarian tumor 952,Public on Jan 07 2015,Jan 09 2014,ftp://ftp.ncbi.nlm.nih.gov/geo/samples/GSM1304nnn/GSM1304366/suppl/GSM1304366_B02_251485056524_S01_GE2-v5_95_Feb07_2_Off_1_2.txt.gz,9606,9606,RNA
GSM1304367,Ov_Tumor_Ref_Mix  vs. 953,106 pooled ovarian samples,ovarian serous tumor sample,GPL6480,Homo sapiens,ovarian,2,,2825 Santa Monica Blvd. Suite 200,Santa Monica,USA,Medicine,jdering@mednet.ucla.edu,UCLA School of Medicine,Translational Oncology Research,"Judy,,Dering",CA,90404,"Agilent Feature Extraced data was imported into Rosetta Resolver version 7.1.1  (Rosetta Inpharmatics LLC, Cambridge, MA). Multiple probes with the same sequence code were combined into a single value using the Rosetta Resolver error-weighted averaging method for combining repeated measures.",41000,,Total RNA extracted using Qiagen RNeasy Kit following manufacturer's protocol.,825 ng each of labeled reference mix (cy3 label) and individual sample (cy5 label) were applied to Whole Human Genome 4X44 microarrays (Agilent G4112F) using the In Situ Hybridization Kit Plus (Agilent) protocol,Cy3,Cy5,RNA were labeled with Cy3-CTP or Cy5-CTP using the Quick-Amp Labeling Kit (Agilent) following manufacturer's instructions,RNA were labeled with Cy3-CTP or Cy5-CTP using the Quick-Amp Labeling Kit (Agilent) following manufacturer's instructions,Jan 07 2015,total RNA,total RNA,Homo sapiens,Slides were read on an Agilent G2505B scanner.  All  experiments were scanned with extended dynamic range enabled.,ovarian tumor 953,Public on Jan 07 2015,Jan 09 2014,ftp://ftp.ncbi.nlm.nih.gov/geo/samples/GSM1304nnn/GSM1304367/suppl/GSM1304367_B02_251485056099_S01_GE2-v5_95_Feb07_2_Off_1_1.txt.gz,9606,9606,RNA
GSM1304368,Ov_Tumor_Ref_Mix  vs. 956,106 pooled ovarian samples,ovarian serous tumor sample,GPL6480,Homo sapiens,ovarian,2,,2825 Santa Monica Blvd. Suite 200,Santa Monica,USA,Medicine,jdering@mednet.ucla.edu,UCLA School of Medicine,Translational Oncology Research,"Judy,,Dering",CA,90404,"Agilent Feature Extraced data was imported into Rosetta Resolver version 7.1.1  (Rosetta Inpharmatics LLC, Cambridge, MA). Multiple probes with the same sequence code were combined into a single value using the Rosetta Resolver error-weighted averaging method for combining repeated measures.",41000,,Total RNA extracted using Qiagen RNeasy Kit following manufacturer's protocol.,825 ng each of labeled reference mix (cy3 label) and individual sample (cy5 label) were applied to Whole Human Genome 4X44 microarrays (Agilent G4112F) using the In Situ Hybridization Kit Plus (Agilent) protocol,Cy3,Cy5,RNA were labeled with Cy3-CTP or Cy5-CTP using the Quick-Amp Labeling Kit (Agilent) following manufacturer's instructions,RNA were labeled with Cy3-CTP or Cy5-CTP using the Quick-Amp Labeling Kit (Agilent) following manufacturer's instructions,Jan 07 2015,total RNA,total RNA,Homo sapiens,Slides were read on an Agilent G2505B scanner.  All  experiments were scanned with extended dynamic range enabled.,ovarian tumor 956,Public on Jan 07 2015,Jan 09 2014,ftp://ftp.ncbi.nlm.nih.gov/geo/samples/GSM1304nnn/GSM1304368/suppl/GSM1304368_B02_251485056524_S01_GE2-v5_95_Feb07_2_Off_1_3.txt.gz,9606,9606,RNA
GSM1304369,Ov_Tumor_Ref_Mix  vs. 957,106 pooled ovarian samples,ovarian serous tumor sample,GPL6480,Homo sapiens,ovarian,2,,2825 Santa Monica Blvd. Suite 200,Santa Monica,USA,Medicine,jdering@mednet.ucla.edu,UCLA School of Medicine,Translational Oncology Research,"Judy,,Dering",CA,90404,"Agilent Feature Extraced data was imported into Rosetta Resolver version 7.1.1  (Rosetta Inpharmatics LLC, Cambridge, MA). Multiple probes with the same sequence code were combined into a single value using the Rosetta Resolver error-weighted averaging method for combining repeated measures.",41000,,Total RNA extracted using Qiagen RNeasy Kit following manufacturer's protocol.,825 ng each of labeled reference mix (cy3 label) and individual sample (cy5 label) were applied to Whole Human Genome 4X44 microarrays (Agilent G4112F) using the In Situ Hybridization Kit Plus (Agilent) protocol,Cy3,Cy5,RNA were labeled with Cy3-CTP or Cy5-CTP using the Quick-Amp Labeling Kit (Agilent) following manufacturer's instructions,RNA were labeled with Cy3-CTP or Cy5-CTP using the Quick-Amp Labeling Kit (Agilent) following manufacturer's instructions,Jan 07 2015,total RNA,total RNA,Homo sapiens,Slides were read on an Agilent G2505B scanner.  All  experiments were scanned with extended dynamic range enabled.,ovarian tumor 957,Public on Jan 07 2015,Jan 09 2014,ftp://ftp.ncbi.nlm.nih.gov/geo/samples/GSM1304nnn/GSM1304369/suppl/GSM1304369_B02_251485056099_S01_GE2-v5_95_Feb07_2_Off_1_2.txt.gz,9606,9606,RNA
GSM1304370,Ov_Tumor_Ref_Mix  vs. 960,106 pooled ovarian samples,ovarian serous tumor sample,GPL6480,Homo sapiens,ovarian,2,,2825 Santa Monica Blvd. Suite 200,Santa Monica,USA,Medicine,jdering@mednet.ucla.edu,UCLA School of Medicine,Translational Oncology Research,"Judy,,Dering",CA,90404,"Agilent Feature Extraced data was imported into Rosetta Resolver version 7.1.1  (Rosetta Inpharmatics LLC, Cambridge, MA). Multiple probes with the same sequence code were combined into a single value using the Rosetta Resolver error-weighted averaging method for combining repeated measures.",41000,,Total RNA extracted using Qiagen RNeasy Kit following manufacturer's protocol.,825 ng each of labeled reference mix (cy3 label) and individual sample (cy5 label) were applied to Whole Human Genome 4X44 microarrays (Agilent G4112F) using the In Situ Hybridization Kit Plus (Agilent) protocol,Cy3,Cy5,RNA were labeled with Cy3-CTP or Cy5-CTP using the Quick-Amp Labeling Kit (Agilent) following manufacturer's instructions,RNA were labeled with Cy3-CTP or Cy5-CTP using the Quick-Amp Labeling Kit (Agilent) following manufacturer's instructions,Jan 07 2015,total RNA,total RNA,Homo sapiens,Slides were read on an Agilent G2505B scanner.  All  experiments were scanned with extended dynamic range enabled.,ovarian tumor 960,Public on Jan 07 2015,Jan 09 2014,ftp://ftp.ncbi.nlm.nih.gov/geo/samples/GSM1304nnn/GSM1304370/suppl/GSM1304370_B02_251485056099_S01_GE2-v5_95_Feb07_2_Off_1_3.txt.gz,9606,9606,RNA
GSM1304371,Ov_Tumor_Ref_Mix  vs. 962,106 pooled ovarian samples,ovarian serous tumor sample,GPL6480,Homo sapiens,ovarian,2,,2825 Santa Monica Blvd. Suite 200,Santa Monica,USA,Medicine,jdering@mednet.ucla.edu,UCLA School of Medicine,Translational Oncology Research,"Judy,,Dering",CA,90404,"Agilent Feature Extraced data was imported into Rosetta Resolver version 7.1.1  (Rosetta Inpharmatics LLC, Cambridge, MA). Multiple probes with the same sequence code were combined into a single value using the Rosetta Resolver error-weighted averaging method for combining repeated measures.",41000,,Total RNA extracted using Qiagen RNeasy Kit following manufacturer's protocol.,825 ng each of labeled reference mix (cy3 label) and individual sample (cy5 label) were applied to Whole Human Genome 4X44 microarrays (Agilent G4112F) using the In Situ Hybridization Kit Plus (Agilent) protocol,Cy3,Cy5,RNA were labeled with Cy3-CTP or Cy5-CTP using the Quick-Amp Labeling Kit (Agilent) following manufacturer's instructions,RNA were labeled with Cy3-CTP or Cy5-CTP using the Quick-Amp Labeling Kit (Agilent) following manufacturer's instructions,Jan 07 2015,total RNA,total RNA,Homo sapiens,Slides were read on an Agilent G2505B scanner.  All  experiments were scanned with extended dynamic range enabled.,ovarian tumor 962,Public on Jan 07 2015,Jan 09 2014,ftp://ftp.ncbi.nlm.nih.gov/geo/samples/GSM1304nnn/GSM1304371/suppl/GSM1304371_B02_251485056099_S01_GE2-v5_95_Feb07_2_Off_1_4.txt.gz,9606,9606,RNA
GSM1304372,Ov_Tumor_Ref_Mix  vs. 963,106 pooled ovarian samples,ovarian serous tumor sample,GPL6480,Homo sapiens,ovarian,2,,2825 Santa Monica Blvd. Suite 200,Santa Monica,USA,Medicine,jdering@mednet.ucla.edu,UCLA School of Medicine,Translational Oncology Research,"Judy,,Dering",CA,90404,"Agilent Feature Extraced data was imported into Rosetta Resolver version 7.1.1  (Rosetta Inpharmatics LLC, Cambridge, MA). Multiple probes with the same sequence code were combined into a single value using the Rosetta Resolver error-weighted averaging method for combining repeated measures.",41000,,Total RNA extracted using Qiagen RNeasy Kit following manufacturer's protocol.,825 ng each of labeled reference mix (cy3 label) and individual sample (cy5 label) were applied to Whole Human Genome 4X44 microarrays (Agilent G4112F) using the In Situ Hybridization Kit Plus (Agilent) protocol,Cy3,Cy5,RNA were labeled with Cy3-CTP or Cy5-CTP using the Quick-Amp Labeling Kit (Agilent) following manufacturer's instructions,RNA were labeled with Cy3-CTP or Cy5-CTP using the Quick-Amp Labeling Kit (Agilent) following manufacturer's instructions,Jan 07 2015,total RNA,total RNA,Homo sapiens,Slides were read on an Agilent G2505B scanner.  All  experiments were scanned with extended dynamic range enabled.,ovarian tumor 963,Public on Jan 07 2015,Jan 09 2014,ftp://ftp.ncbi.nlm.nih.gov/geo/samples/GSM1304nnn/GSM1304372/suppl/GSM1304372_B02_251485056101_S01_GE2-v5_95_Feb07_2_Off_1_1.txt.gz,9606,9606,RNA
GSM1304373,Ov_Tumor_Ref_Mix  vs. 964,106 pooled ovarian samples,ovarian serous tumor sample,GPL6480,Homo sapiens,ovarian,2,,2825 Santa Monica Blvd. Suite 200,Santa Monica,USA,Medicine,jdering@mednet.ucla.edu,UCLA School of Medicine,Translational Oncology Research,"Judy,,Dering",CA,90404,"Agilent Feature Extraced data was imported into Rosetta Resolver version 7.1.1  (Rosetta Inpharmatics LLC, Cambridge, MA). Multiple probes with the same sequence code were combined into a single value using the Rosetta Resolver error-weighted averaging method for combining repeated measures.",41000,,Total RNA extracted using Qiagen RNeasy Kit following manufacturer's protocol.,825 ng each of labeled reference mix (cy3 label) and individual sample (cy5 label) were applied to Whole Human Genome 4X44 microarrays (Agilent G4112F) using the In Situ Hybridization Kit Plus (Agilent) protocol,Cy3,Cy5,RNA were labeled with Cy3-CTP or Cy5-CTP using the Quick-Amp Labeling Kit (Agilent) following manufacturer's instructions,RNA were labeled with Cy3-CTP or Cy5-CTP using the Quick-Amp Labeling Kit (Agilent) following manufacturer's instructions,Jan 07 2015,total RNA,total RNA,Homo sapiens,Slides were read on an Agilent G2505B scanner.  All  experiments were scanned with extended dynamic range enabled.,ovarian tumor 964,Public on Jan 07 2015,Jan 09 2014,ftp://ftp.ncbi.nlm.nih.gov/geo/samples/GSM1304nnn/GSM1304373/suppl/GSM1304373_B02_251485056101_S01_GE2-v5_95_Feb07_2_Off_1_2.txt.gz,9606,9606,RNA
GSM1304374,Ov_Tumor_Ref_Mix  vs. 965,106 pooled ovarian samples,ovarian serous tumor sample,GPL6480,Homo sapiens,ovarian,2,,2825 Santa Monica Blvd. Suite 200,Santa Monica,USA,Medicine,jdering@mednet.ucla.edu,UCLA School of Medicine,Translational Oncology Research,"Judy,,Dering",CA,90404,"Agilent Feature Extraced data was imported into Rosetta Resolver version 7.1.1  (Rosetta Inpharmatics LLC, Cambridge, MA). Multiple probes with the same sequence code were combined into a single value using the Rosetta Resolver error-weighted averaging method for combining repeated measures.",41000,,Total RNA extracted using Qiagen RNeasy Kit following manufacturer's protocol.,825 ng each of labeled reference mix (cy3 label) and individual sample (cy5 label) were applied to Whole Human Genome 4X44 microarrays (Agilent G4112F) using the In Situ Hybridization Kit Plus (Agilent) protocol,Cy3,Cy5,RNA were labeled with Cy3-CTP or Cy5-CTP using the Quick-Amp Labeling Kit (Agilent) following manufacturer's instructions,RNA were labeled with Cy3-CTP or Cy5-CTP using the Quick-Amp Labeling Kit (Agilent) following manufacturer's instructions,Jan 07 2015,total RNA,total RNA,Homo sapiens,Slides were read on an Agilent G2505B scanner.  All  experiments were scanned with extended dynamic range enabled.,ovarian tumor 965,Public on Jan 07 2015,Jan 09 2014,ftp://ftp.ncbi.nlm.nih.gov/geo/samples/GSM1304nnn/GSM1304374/suppl/GSM1304374_B02_251485056101_S01_GE2-v5_95_Feb07_2_Off_1_3.txt.gz,9606,9606,RNA
GSM1304375,Ov_Tumor_Ref_Mix  vs. 969,106 pooled ovarian samples,ovarian serous tumor sample,GPL6480,Homo sapiens,ovarian,2,,2825 Santa Monica Blvd. Suite 200,Santa Monica,USA,Medicine,jdering@mednet.ucla.edu,UCLA School of Medicine,Translational Oncology Research,"Judy,,Dering",CA,90404,"Agilent Feature Extraced data was imported into Rosetta Resolver version 7.1.1  (Rosetta Inpharmatics LLC, Cambridge, MA). Multiple probes with the same sequence code were combined into a single value using the Rosetta Resolver error-weighted averaging method for combining repeated measures.",41000,,Total RNA extracted using Qiagen RNeasy Kit following manufacturer's protocol.,825 ng each of labeled reference mix (cy3 label) and individual sample (cy5 label) were applied to Whole Human Genome 4X44 microarrays (Agilent G4112F) using the In Situ Hybridization Kit Plus (Agilent) protocol,Cy3,Cy5,RNA were labeled with Cy3-CTP or Cy5-CTP using the Quick-Amp Labeling Kit (Agilent) following manufacturer's instructions,RNA were labeled with Cy3-CTP or Cy5-CTP using the Quick-Amp Labeling Kit (Agilent) following manufacturer's instructions,Jan 07 2015,total RNA,total RNA,Homo sapiens,Slides were read on an Agilent G2505B scanner.  All  experiments were scanned with extended dynamic range enabled.,ovarian tumor 969,Public on Jan 07 2015,Jan 09 2014,ftp://ftp.ncbi.nlm.nih.gov/geo/samples/GSM1304nnn/GSM1304375/suppl/GSM1304375_B02_251485056101_S01_GE2-v5_95_Feb07_2_Off_1_4.txt.gz,9606,9606,RNA
GSM1304376,Ov_Tumor_Ref_Mix  vs. 973,106 pooled ovarian samples,ovarian serous tumor sample,GPL6480,Homo sapiens,ovarian,2,,2825 Santa Monica Blvd. Suite 200,Santa Monica,USA,Medicine,jdering@mednet.ucla.edu,UCLA School of Medicine,Translational Oncology Research,"Judy,,Dering",CA,90404,"Agilent Feature Extraced data was imported into Rosetta Resolver version 7.1.1  (Rosetta Inpharmatics LLC, Cambridge, MA). Multiple probes with the same sequence code were combined into a single value using the Rosetta Resolver error-weighted averaging method for combining repeated measures.",41000,,Total RNA extracted using Qiagen RNeasy Kit following manufacturer's protocol.,825 ng each of labeled reference mix (cy3 label) and individual sample (cy5 label) were applied to Whole Human Genome 4X44 microarrays (Agilent G4112F) using the In Situ Hybridization Kit Plus (Agilent) protocol,Cy3,Cy5,RNA were labeled with Cy3-CTP or Cy5-CTP using the Quick-Amp Labeling Kit (Agilent) following manufacturer's instructions,RNA were labeled with Cy3-CTP or Cy5-CTP using the Quick-Amp Labeling Kit (Agilent) following manufacturer's instructions,Jan 07 2015,total RNA,total RNA,Homo sapiens,Slides were read on an Agilent G2505B scanner.  All  experiments were scanned with extended dynamic range enabled.,ovarian tumor 973,Public on Jan 07 2015,Jan 09 2014,ftp://ftp.ncbi.nlm.nih.gov/geo/samples/GSM1304nnn/GSM1304376/suppl/GSM1304376_B02_251485056102_S01_GE2-v5_95_Feb07_2_Off_1_1.txt.gz,9606,9606,RNA
GSM1304377,Ov_Tumor_Ref_Mix  vs. 983,106 pooled ovarian samples,ovarian serous tumor sample,GPL6480,Homo sapiens,ovarian,2,,2825 Santa Monica Blvd. Suite 200,Santa Monica,USA,Medicine,jdering@mednet.ucla.edu,UCLA School of Medicine,Translational Oncology Research,"Judy,,Dering",CA,90404,"Agilent Feature Extraced data was imported into Rosetta Resolver version 7.1.1  (Rosetta Inpharmatics LLC, Cambridge, MA). Multiple probes with the same sequence code were combined into a single value using the Rosetta Resolver error-weighted averaging method for combining repeated measures.",41000,,Total RNA extracted using Qiagen RNeasy Kit following manufacturer's protocol.,825 ng each of labeled reference mix (cy3 label) and individual sample (cy5 label) were applied to Whole Human Genome 4X44 microarrays (Agilent G4112F) using the In Situ Hybridization Kit Plus (Agilent) protocol,Cy3,Cy5,RNA were labeled with Cy3-CTP or Cy5-CTP using the Quick-Amp Labeling Kit (Agilent) following manufacturer's instructions,RNA were labeled with Cy3-CTP or Cy5-CTP using the Quick-Amp Labeling Kit (Agilent) following manufacturer's instructions,Jan 07 2015,total RNA,total RNA,Homo sapiens,Slides were read on an Agilent G2505B scanner.  All  experiments were scanned with extended dynamic range enabled.,ovarian tumor 983,Public on Jan 07 2015,Jan 09 2014,ftp://ftp.ncbi.nlm.nih.gov/geo/samples/GSM1304nnn/GSM1304377/suppl/GSM1304377_B02_251485056524_S01_GE2-v5_95_Feb07_2_Off_1_4.txt.gz,9606,9606,RNA
GSM1304378,Ov_Tumor_Ref_Mix  vs. 988,106 pooled ovarian samples,ovarian serous tumor sample,GPL6480,Homo sapiens,ovarian,2,,2825 Santa Monica Blvd. Suite 200,Santa Monica,USA,Medicine,jdering@mednet.ucla.edu,UCLA School of Medicine,Translational Oncology Research,"Judy,,Dering",CA,90404,"Agilent Feature Extraced data was imported into Rosetta Resolver version 7.1.1  (Rosetta Inpharmatics LLC, Cambridge, MA). Multiple probes with the same sequence code were combined into a single value using the Rosetta Resolver error-weighted averaging method for combining repeated measures.",41000,,Total RNA extracted using Qiagen RNeasy Kit following manufacturer's protocol.,825 ng each of labeled reference mix (cy3 label) and individual sample (cy5 label) were applied to Whole Human Genome 4X44 microarrays (Agilent G4112F) using the In Situ Hybridization Kit Plus (Agilent) protocol,Cy3,Cy5,RNA were labeled with Cy3-CTP or Cy5-CTP using the Quick-Amp Labeling Kit (Agilent) following manufacturer's instructions,RNA were labeled with Cy3-CTP or Cy5-CTP using the Quick-Amp Labeling Kit (Agilent) following manufacturer's instructions,Jan 07 2015,total RNA,total RNA,Homo sapiens,Slides were read on an Agilent G2505B scanner.  All  experiments were scanned with extended dynamic range enabled.,ovarian tumor 988,Public on Jan 07 2015,Jan 09 2014,ftp://ftp.ncbi.nlm.nih.gov/geo/samples/GSM1304nnn/GSM1304378/suppl/GSM1304378_B02_251485056525_S01_GE2-v5_95_Feb07_2_Off_1_1.txt.gz,9606,9606,RNA
GSM1304379,Ov_Tumor_Ref_Mix  vs. 990,106 pooled ovarian samples,ovarian serous tumor sample,GPL6480,Homo sapiens,ovarian,2,,2825 Santa Monica Blvd. Suite 200,Santa Monica,USA,Medicine,jdering@mednet.ucla.edu,UCLA School of Medicine,Translational Oncology Research,"Judy,,Dering",CA,90404,"Agilent Feature Extraced data was imported into Rosetta Resolver version 7.1.1  (Rosetta Inpharmatics LLC, Cambridge, MA). Multiple probes with the same sequence code were combined into a single value using the Rosetta Resolver error-weighted averaging method for combining repeated measures.",41000,,Total RNA extracted using Qiagen RNeasy Kit following manufacturer's protocol.,825 ng each of labeled reference mix (cy3 label) and individual sample (cy5 label) were applied to Whole Human Genome 4X44 microarrays (Agilent G4112F) using the In Situ Hybridization Kit Plus (Agilent) protocol,Cy3,Cy5,RNA were labeled with Cy3-CTP or Cy5-CTP using the Quick-Amp Labeling Kit (Agilent) following manufacturer's instructions,RNA were labeled with Cy3-CTP or Cy5-CTP using the Quick-Amp Labeling Kit (Agilent) following manufacturer's instructions,Jan 07 2015,total RNA,total RNA,Homo sapiens,Slides were read on an Agilent G2505B scanner.  All  experiments were scanned with extended dynamic range enabled.,ovarian tumor 990,Public on Jan 07 2015,Jan 09 2014,ftp://ftp.ncbi.nlm.nih.gov/geo/samples/GSM1304nnn/GSM1304379/suppl/GSM1304379_B02_251485056525_S01_GE2-v5_95_Feb07_2_Off_1_2.txt.gz,9606,9606,RNA
GSM1304380,Ov_Tumor_Ref_Mix  vs. 992,106 pooled ovarian samples,ovarian serous tumor sample,GPL6480,Homo sapiens,ovarian,2,,2825 Santa Monica Blvd. Suite 200,Santa Monica,USA,Medicine,jdering@mednet.ucla.edu,UCLA School of Medicine,Translational Oncology Research,"Judy,,Dering",CA,90404,"Agilent Feature Extraced data was imported into Rosetta Resolver version 7.1.1  (Rosetta Inpharmatics LLC, Cambridge, MA). Multiple probes with the same sequence code were combined into a single value using the Rosetta Resolver error-weighted averaging method for combining repeated measures.",41000,,Total RNA extracted using Qiagen RNeasy Kit following manufacturer's protocol.,825 ng each of labeled reference mix (cy3 label) and individual sample (cy5 label) were applied to Whole Human Genome 4X44 microarrays (Agilent G4112F) using the In Situ Hybridization Kit Plus (Agilent) protocol,Cy3,Cy5,RNA were labeled with Cy3-CTP or Cy5-CTP using the Quick-Amp Labeling Kit (Agilent) following manufacturer's instructions,RNA were labeled with Cy3-CTP or Cy5-CTP using the Quick-Amp Labeling Kit (Agilent) following manufacturer's instructions,Jan 07 2015,total RNA,total RNA,Homo sapiens,Slides were read on an Agilent G2505B scanner.  All  experiments were scanned with extended dynamic range enabled.,ovarian tumor 992,Public on Jan 07 2015,Jan 09 2014,ftp://ftp.ncbi.nlm.nih.gov/geo/samples/GSM1304nnn/GSM1304380/suppl/GSM1304380_B02_251485056525_S01_GE2-v5_95_Feb07_2_Off_1_3.txt.gz,9606,9606,RNA
GSM1304381,Ov_Tumor_Ref_Mix  vs. 999,106 pooled ovarian samples,ovarian serous tumor sample,GPL6480,Homo sapiens,ovarian,2,,2825 Santa Monica Blvd. Suite 200,Santa Monica,USA,Medicine,jdering@mednet.ucla.edu,UCLA School of Medicine,Translational Oncology Research,"Judy,,Dering",CA,90404,"Agilent Feature Extraced data was imported into Rosetta Resolver version 7.1.1  (Rosetta Inpharmatics LLC, Cambridge, MA). Multiple probes with the same sequence code were combined into a single value using the Rosetta Resolver error-weighted averaging method for combining repeated measures.",41000,,Total RNA extracted using Qiagen RNeasy Kit following manufacturer's protocol.,825 ng each of labeled reference mix (cy3 label) and individual sample (cy5 label) were applied to Whole Human Genome 4X44 microarrays (Agilent G4112F) using the In Situ Hybridization Kit Plus (Agilent) protocol,Cy3,Cy5,RNA were labeled with Cy3-CTP or Cy5-CTP using the Quick-Amp Labeling Kit (Agilent) following manufacturer's instructions,RNA were labeled with Cy3-CTP or Cy5-CTP using the Quick-Amp Labeling Kit (Agilent) following manufacturer's instructions,Jan 07 2015,total RNA,total RNA,Homo sapiens,Slides were read on an Agilent G2505B scanner.  All  experiments were scanned with extended dynamic range enabled.,ovarian tumor 999,Public on Jan 07 2015,Jan 09 2014,ftp://ftp.ncbi.nlm.nih.gov/geo/samples/GSM1304nnn/GSM1304381/suppl/GSM1304381_B02_251485056526_S01_GE2-v5_95_Feb07_2_Off_1_1.txt.gz,9606,9606,RNA
GSM1304382,Ov_Tumor_Ref_Mix  vs. 1002,106 pooled ovarian samples,ovarian serous tumor sample,GPL6480,Homo sapiens,ovarian,2,,2825 Santa Monica Blvd. Suite 200,Santa Monica,USA,Medicine,jdering@mednet.ucla.edu,UCLA School of Medicine,Translational Oncology Research,"Judy,,Dering",CA,90404,"Agilent Feature Extraced data was imported into Rosetta Resolver version 7.1.1  (Rosetta Inpharmatics LLC, Cambridge, MA). Multiple probes with the same sequence code were combined into a single value using the Rosetta Resolver error-weighted averaging method for combining repeated measures.",41000,,Total RNA extracted using Qiagen RNeasy Kit following manufacturer's protocol.,825 ng each of labeled reference mix (cy3 label) and individual sample (cy5 label) were applied to Whole Human Genome 4X44 microarrays (Agilent G4112F) using the In Situ Hybridization Kit Plus (Agilent) protocol,Cy3,Cy5,RNA were labeled with Cy3-CTP or Cy5-CTP using the Quick-Amp Labeling Kit (Agilent) following manufacturer's instructions,RNA were labeled with Cy3-CTP or Cy5-CTP using the Quick-Amp Labeling Kit (Agilent) following manufacturer's instructions,Jan 07 2015,total RNA,total RNA,Homo sapiens,Slides were read on an Agilent G2505B scanner.  All  experiments were scanned with extended dynamic range enabled.,ovarian tumor 1002,Public on Jan 07 2015,Jan 09 2014,ftp://ftp.ncbi.nlm.nih.gov/geo/samples/GSM1304nnn/GSM1304382/suppl/GSM1304382_B02_251485056526_S01_GE2-v5_95_Feb07_2_Off_1_3.txt.gz,9606,9606,RNA
GSM1304383,Ov_Tumor_Ref_Mix  vs. 1004,106 pooled ovarian samples,ovarian serous tumor sample,GPL6480,Homo sapiens,ovarian,2,,2825 Santa Monica Blvd. Suite 200,Santa Monica,USA,Medicine,jdering@mednet.ucla.edu,UCLA School of Medicine,Translational Oncology Research,"Judy,,Dering",CA,90404,"Agilent Feature Extraced data was imported into Rosetta Resolver version 7.1.1  (Rosetta Inpharmatics LLC, Cambridge, MA). Multiple probes with the same sequence code were combined into a single value using the Rosetta Resolver error-weighted averaging method for combining repeated measures.",41000,,Total RNA extracted using Qiagen RNeasy Kit following manufacturer's protocol.,825 ng each of labeled reference mix (cy3 label) and individual sample (cy5 label) were applied to Whole Human Genome 4X44 microarrays (Agilent G4112F) using the In Situ Hybridization Kit Plus (Agilent) protocol,Cy3,Cy5,RNA were labeled with Cy3-CTP or Cy5-CTP using the Quick-Amp Labeling Kit (Agilent) following manufacturer's instructions,RNA were labeled with Cy3-CTP or Cy5-CTP using the Quick-Amp Labeling Kit (Agilent) following manufacturer's instructions,Jan 07 2015,total RNA,total RNA,Homo sapiens,Slides were read on an Agilent G2505B scanner.  All  experiments were scanned with extended dynamic range enabled.,ovarian tumor 1004,Public on Jan 07 2015,Jan 09 2014,ftp://ftp.ncbi.nlm.nih.gov/geo/samples/GSM1304nnn/GSM1304383/suppl/GSM1304383_B02_251485056526_S01_GE2-v5_95_Feb07_2_Off_1_4.txt.gz,9606,9606,RNA
GSM1304384,Ov_Tumor_Ref_Mix  vs. 1008,106 pooled ovarian samples,ovarian serous tumor sample,GPL6480,Homo sapiens,ovarian,2,,2825 Santa Monica Blvd. Suite 200,Santa Monica,USA,Medicine,jdering@mednet.ucla.edu,UCLA School of Medicine,Translational Oncology Research,"Judy,,Dering",CA,90404,"Agilent Feature Extraced data was imported into Rosetta Resolver version 7.1.1  (Rosetta Inpharmatics LLC, Cambridge, MA). Multiple probes with the same sequence code were combined into a single value using the Rosetta Resolver error-weighted averaging method for combining repeated measures.",41000,,Total RNA extracted using Qiagen RNeasy Kit following manufacturer's protocol.,825 ng each of labeled reference mix (cy3 label) and individual sample (cy5 label) were applied to Whole Human Genome 4X44 microarrays (Agilent G4112F) using the In Situ Hybridization Kit Plus (Agilent) protocol,Cy3,Cy5,RNA were labeled with Cy3-CTP or Cy5-CTP using the Quick-Amp Labeling Kit (Agilent) following manufacturer's instructions,RNA were labeled with Cy3-CTP or Cy5-CTP using the Quick-Amp Labeling Kit (Agilent) following manufacturer's instructions,Jan 07 2015,total RNA,total RNA,Homo sapiens,Slides were read on an Agilent G2505B scanner.  All  experiments were scanned with extended dynamic range enabled.,ovarian tumor 1008,Public on Jan 07 2015,Jan 09 2014,ftp://ftp.ncbi.nlm.nih.gov/geo/samples/GSM1304nnn/GSM1304384/suppl/GSM1304384_B02_251485056527_S01_GE2-v5_95_Feb07_2_Off_1_1.txt.gz,9606,9606,RNA
GSM1304385,Ov_Tumor_Ref_Mix  vs. 1016,106 pooled ovarian samples,ovarian serous tumor sample,GPL6480,Homo sapiens,ovarian,2,,2825 Santa Monica Blvd. Suite 200,Santa Monica,USA,Medicine,jdering@mednet.ucla.edu,UCLA School of Medicine,Translational Oncology Research,"Judy,,Dering",CA,90404,"Agilent Feature Extraced data was imported into Rosetta Resolver version 7.1.1  (Rosetta Inpharmatics LLC, Cambridge, MA). Multiple probes with the same sequence code were combined into a single value using the Rosetta Resolver error-weighted averaging method for combining repeated measures.",41000,,Total RNA extracted using Qiagen RNeasy Kit following manufacturer's protocol.,825 ng each of labeled reference mix (cy3 label) and individual sample (cy5 label) were applied to Whole Human Genome 4X44 microarrays (Agilent G4112F) using the In Situ Hybridization Kit Plus (Agilent) protocol,Cy3,Cy5,RNA were labeled with Cy3-CTP or Cy5-CTP using the Quick-Amp Labeling Kit (Agilent) following manufacturer's instructions,RNA were labeled with Cy3-CTP or Cy5-CTP using the Quick-Amp Labeling Kit (Agilent) following manufacturer's instructions,Jan 07 2015,total RNA,total RNA,Homo sapiens,Slides were read on an Agilent G2505B scanner.  All  experiments were scanned with extended dynamic range enabled.,ovarian tumor 1016,Public on Jan 07 2015,Jan 09 2014,ftp://ftp.ncbi.nlm.nih.gov/geo/samples/GSM1304nnn/GSM1304385/suppl/GSM1304385_B02_251485056527_S01_GE2-v5_95_Feb07_2_Off_1_2.txt.gz,9606,9606,RNA
GSM1304386,Ov_Tumor_Ref_Mix  vs. 1033,106 pooled ovarian samples,ovarian serous tumor sample,GPL6480,Homo sapiens,ovarian,2,,2825 Santa Monica Blvd. Suite 200,Santa Monica,USA,Medicine,jdering@mednet.ucla.edu,UCLA School of Medicine,Translational Oncology Research,"Judy,,Dering",CA,90404,"Agilent Feature Extraced data was imported into Rosetta Resolver version 7.1.1  (Rosetta Inpharmatics LLC, Cambridge, MA). Multiple probes with the same sequence code were combined into a single value using the Rosetta Resolver error-weighted averaging method for combining repeated measures.",41000,,Total RNA extracted using Qiagen RNeasy Kit following manufacturer's protocol.,825 ng each of labeled reference mix (cy3 label) and individual sample (cy5 label) were applied to Whole Human Genome 4X44 microarrays (Agilent G4112F) using the In Situ Hybridization Kit Plus (Agilent) protocol,Cy3,Cy5,RNA were labeled with Cy3-CTP or Cy5-CTP using the Quick-Amp Labeling Kit (Agilent) following manufacturer's instructions,RNA were labeled with Cy3-CTP or Cy5-CTP using the Quick-Amp Labeling Kit (Agilent) following manufacturer's instructions,Jan 07 2015,total RNA,total RNA,Homo sapiens,Slides were read on an Agilent G2505B scanner.  All  experiments were scanned with extended dynamic range enabled.,ovarian tumor 1033,Public on Jan 07 2015,Jan 09 2014,ftp://ftp.ncbi.nlm.nih.gov/geo/samples/GSM1304nnn/GSM1304386/suppl/GSM1304386_B02_251485056527_S01_GE2-v5_95_Feb07_2_Off_1_3.txt.gz,9606,9606,RNA
GSM1304387,Ov_Tumor_Ref_Mix  vs. 1037,106 pooled ovarian samples,ovarian serous tumor sample,GPL6480,Homo sapiens,ovarian,2,,2825 Santa Monica Blvd. Suite 200,Santa Monica,USA,Medicine,jdering@mednet.ucla.edu,UCLA School of Medicine,Translational Oncology Research,"Judy,,Dering",CA,90404,"Agilent Feature Extraced data was imported into Rosetta Resolver version 7.1.1  (Rosetta Inpharmatics LLC, Cambridge, MA). Multiple probes with the same sequence code were combined into a single value using the Rosetta Resolver error-weighted averaging method for combining repeated measures.",41000,,Total RNA extracted using Qiagen RNeasy Kit following manufacturer's protocol.,825 ng each of labeled reference mix (cy3 label) and individual sample (cy5 label) were applied to Whole Human Genome 4X44 microarrays (Agilent G4112F) using the In Situ Hybridization Kit Plus (Agilent) protocol,Cy3,Cy5,RNA were labeled with Cy3-CTP or Cy5-CTP using the Quick-Amp Labeling Kit (Agilent) following manufacturer's instructions,RNA were labeled with Cy3-CTP or Cy5-CTP using the Quick-Amp Labeling Kit (Agilent) following manufacturer's instructions,Jan 07 2015,total RNA,total RNA,Homo sapiens,Slides were read on an Agilent G2505B scanner.  All  experiments were scanned with extended dynamic range enabled.,ovarian tumor 1037,Public on Jan 07 2015,Jan 09 2014,ftp://ftp.ncbi.nlm.nih.gov/geo/samples/GSM1304nnn/GSM1304387/suppl/GSM1304387_B02_251485056527_S01_GE2-v5_95_Feb07_2_Off_1_4.txt.gz,9606,9606,RNA
GSM1304388,Ov_Tumor_Ref_Mix  vs. 1038,106 pooled ovarian samples,ovarian serous tumor sample,GPL6480,Homo sapiens,ovarian,2,,2825 Santa Monica Blvd. Suite 200,Santa Monica,USA,Medicine,jdering@mednet.ucla.edu,UCLA School of Medicine,Translational Oncology Research,"Judy,,Dering",CA,90404,"Agilent Feature Extraced data was imported into Rosetta Resolver version 7.1.1  (Rosetta Inpharmatics LLC, Cambridge, MA). Multiple probes with the same sequence code were combined into a single value using the Rosetta Resolver error-weighted averaging method for combining repeated measures.",41000,,Total RNA extracted using Qiagen RNeasy Kit following manufacturer's protocol.,825 ng each of labeled reference mix (cy3 label) and individual sample (cy5 label) were applied to Whole Human Genome 4X44 microarrays (Agilent G4112F) using the In Situ Hybridization Kit Plus (Agilent) protocol,Cy3,Cy5,RNA were labeled with Cy3-CTP or Cy5-CTP using the Quick-Amp Labeling Kit (Agilent) following manufacturer's instructions,RNA were labeled with Cy3-CTP or Cy5-CTP using the Quick-Amp Labeling Kit (Agilent) following manufacturer's instructions,Jan 07 2015,total RNA,total RNA,Homo sapiens,Slides were read on an Agilent G2505B scanner.  All  experiments were scanned with extended dynamic range enabled.,ovarian tumor 1038,Public on Jan 07 2015,Jan 09 2014,ftp://ftp.ncbi.nlm.nih.gov/geo/samples/GSM1304nnn/GSM1304388/suppl/GSM1304388_B02_251485056528_S02_GE2-v5_95_Feb07_2_Off_1_1.txt.gz,9606,9606,RNA
GSM1304389,Ov_Tumor_Ref_Mix  vs. 1039,106 pooled ovarian samples,ovarian serous tumor sample,GPL6480,Homo sapiens,ovarian,2,,2825 Santa Monica Blvd. Suite 200,Santa Monica,USA,Medicine,jdering@mednet.ucla.edu,UCLA School of Medicine,Translational Oncology Research,"Judy,,Dering",CA,90404,"Agilent Feature Extraced data was imported into Rosetta Resolver version 7.1.1  (Rosetta Inpharmatics LLC, Cambridge, MA). Multiple probes with the same sequence code were combined into a single value using the Rosetta Resolver error-weighted averaging method for combining repeated measures.",41000,,Total RNA extracted using Qiagen RNeasy Kit following manufacturer's protocol.,825 ng each of labeled reference mix (cy3 label) and individual sample (cy5 label) were applied to Whole Human Genome 4X44 microarrays (Agilent G4112F) using the In Situ Hybridization Kit Plus (Agilent) protocol,Cy3,Cy5,RNA were labeled with Cy3-CTP or Cy5-CTP using the Quick-Amp Labeling Kit (Agilent) following manufacturer's instructions,RNA were labeled with Cy3-CTP or Cy5-CTP using the Quick-Amp Labeling Kit (Agilent) following manufacturer's instructions,Jan 07 2015,total RNA,total RNA,Homo sapiens,Slides were read on an Agilent G2505B scanner.  All  experiments were scanned with extended dynamic range enabled.,ovarian tumor 1039,Public on Jan 07 2015,Jan 09 2014,ftp://ftp.ncbi.nlm.nih.gov/geo/samples/GSM1304nnn/GSM1304389/suppl/GSM1304389_B02_251485056528_S02_GE2-v5_95_Feb07_2_Off_1_2.txt.gz,9606,9606,RNA
GSM1304390,Ov_Tumor_Ref_Mix  vs. 1052,106 pooled ovarian samples,ovarian serous tumor sample,GPL6480,Homo sapiens,ovarian,2,tcga_sampleid: TCGA-25-1315-01A-01,2825 Santa Monica Blvd. Suite 200,Santa Monica,USA,Medicine,jdering@mednet.ucla.edu,UCLA School of Medicine,Translational Oncology Research,"Judy,,Dering",CA,90404,"Agilent Feature Extraced data was imported into Rosetta Resolver version 7.1.1  (Rosetta Inpharmatics LLC, Cambridge, MA). Multiple probes with the same sequence code were combined into a single value using the Rosetta Resolver error-weighted averaging method for combining repeated measures.",41000,,Total RNA extracted using Qiagen RNeasy Kit following manufacturer's protocol.,825 ng each of labeled reference mix (cy3 label) and individual sample (cy5 label) were applied to Whole Human Genome 4X44 microarrays (Agilent G4112F) using the In Situ Hybridization Kit Plus (Agilent) protocol,Cy3,Cy5,RNA were labeled with Cy3-CTP or Cy5-CTP using the Quick-Amp Labeling Kit (Agilent) following manufacturer's instructions,RNA were labeled with Cy3-CTP or Cy5-CTP using the Quick-Amp Labeling Kit (Agilent) following manufacturer's instructions,Jan 07 2015,total RNA,total RNA,Homo sapiens,Slides were read on an Agilent G2505B scanner.  All  experiments were scanned with extended dynamic range enabled.,ovarian tumor 1052,Public on Jan 07 2015,Jan 09 2014,ftp://ftp.ncbi.nlm.nih.gov/geo/samples/GSM1304nnn/GSM1304390/suppl/GSM1304390_B02_251485056528_S02_GE2-v5_95_Feb07_2_Off_1_3.txt.gz,9606,9606,RNA
GSM1304391,Ov_Tumor_Ref_Mix  vs. 1058,106 pooled ovarian samples,ovarian serous tumor sample,GPL6480,Homo sapiens,ovarian,2,,2825 Santa Monica Blvd. Suite 200,Santa Monica,USA,Medicine,jdering@mednet.ucla.edu,UCLA School of Medicine,Translational Oncology Research,"Judy,,Dering",CA,90404,"Agilent Feature Extraced data was imported into Rosetta Resolver version 7.1.1  (Rosetta Inpharmatics LLC, Cambridge, MA). Multiple probes with the same sequence code were combined into a single value using the Rosetta Resolver error-weighted averaging method for combining repeated measures.",41000,,Total RNA extracted using Qiagen RNeasy Kit following manufacturer's protocol.,825 ng each of labeled reference mix (cy3 label) and individual sample (cy5 label) were applied to Whole Human Genome 4X44 microarrays (Agilent G4112F) using the In Situ Hybridization Kit Plus (Agilent) protocol,Cy3,Cy5,RNA were labeled with Cy3-CTP or Cy5-CTP using the Quick-Amp Labeling Kit (Agilent) following manufacturer's instructions,RNA were labeled with Cy3-CTP or Cy5-CTP using the Quick-Amp Labeling Kit (Agilent) following manufacturer's instructions,Jan 07 2015,total RNA,total RNA,Homo sapiens,Slides were read on an Agilent G2505B scanner.  All  experiments were scanned with extended dynamic range enabled.,ovarian tumor 1058,Public on Jan 07 2015,Jan 09 2014,ftp://ftp.ncbi.nlm.nih.gov/geo/samples/GSM1304nnn/GSM1304391/suppl/GSM1304391_B02_251485056528_S02_GE2-v5_95_Feb07_2_Off_1_4.txt.gz,9606,9606,RNA
GSM1304392,Ov_Tumor_Ref_Mix  vs. 1072,106 pooled ovarian samples,ovarian serous tumor sample,GPL6480,Homo sapiens,ovarian,2,,2825 Santa Monica Blvd. Suite 200,Santa Monica,USA,Medicine,jdering@mednet.ucla.edu,UCLA School of Medicine,Translational Oncology Research,"Judy,,Dering",CA,90404,"Agilent Feature Extraced data was imported into Rosetta Resolver version 7.1.1  (Rosetta Inpharmatics LLC, Cambridge, MA). Multiple probes with the same sequence code were combined into a single value using the Rosetta Resolver error-weighted averaging method for combining repeated measures.",41000,,Total RNA extracted using Qiagen RNeasy Kit following manufacturer's protocol.,825 ng each of labeled reference mix (cy3 label) and individual sample (cy5 label) were applied to Whole Human Genome 4X44 microarrays (Agilent G4112F) using the In Situ Hybridization Kit Plus (Agilent) protocol,Cy3,Cy5,RNA were labeled with Cy3-CTP or Cy5-CTP using the Quick-Amp Labeling Kit (Agilent) following manufacturer's instructions,RNA were labeled with Cy3-CTP or Cy5-CTP using the Quick-Amp Labeling Kit (Agilent) following manufacturer's instructions,Jan 07 2015,total RNA,total RNA,Homo sapiens,Slides were read on an Agilent G2505B scanner.  All  experiments were scanned with extended dynamic range enabled.,ovarian tumor 1072,Public on Jan 07 2015,Jan 09 2014,ftp://ftp.ncbi.nlm.nih.gov/geo/samples/GSM1304nnn/GSM1304392/suppl/GSM1304392_B02_251485056605_S01_GE2-v5_95_Feb07_2_Off_1_1.txt.gz,9606,9606,RNA
GSM1304393,Ov_Tumor_Ref_Mix  vs. 1076,106 pooled ovarian samples,ovarian serous tumor sample,GPL6480,Homo sapiens,ovarian,2,,2825 Santa Monica Blvd. Suite 200,Santa Monica,USA,Medicine,jdering@mednet.ucla.edu,UCLA School of Medicine,Translational Oncology Research,"Judy,,Dering",CA,90404,"Agilent Feature Extraced data was imported into Rosetta Resolver version 7.1.1  (Rosetta Inpharmatics LLC, Cambridge, MA). Multiple probes with the same sequence code were combined into a single value using the Rosetta Resolver error-weighted averaging method for combining repeated measures.",41000,,Total RNA extracted using Qiagen RNeasy Kit following manufacturer's protocol.,825 ng each of labeled reference mix (cy3 label) and individual sample (cy5 label) were applied to Whole Human Genome 4X44 microarrays (Agilent G4112F) using the In Situ Hybridization Kit Plus (Agilent) protocol,Cy3,Cy5,RNA were labeled with Cy3-CTP or Cy5-CTP using the Quick-Amp Labeling Kit (Agilent) following manufacturer's instructions,RNA were labeled with Cy3-CTP or Cy5-CTP using the Quick-Amp Labeling Kit (Agilent) following manufacturer's instructions,Jan 07 2015,total RNA,total RNA,Homo sapiens,Slides were read on an Agilent G2505B scanner.  All  experiments were scanned with extended dynamic range enabled.,ovarian tumor 1076,Public on Jan 07 2015,Jan 09 2014,ftp://ftp.ncbi.nlm.nih.gov/geo/samples/GSM1304nnn/GSM1304393/suppl/GSM1304393_B02_251485056605_S01_GE2-v5_95_Feb07_2_Off_1_2.txt.gz,9606,9606,RNA
GSM1304394,Ov_Tumor_Ref_Mix  vs. 1086,106 pooled ovarian samples,ovarian serous tumor sample,GPL6480,Homo sapiens,ovarian,2,,2825 Santa Monica Blvd. Suite 200,Santa Monica,USA,Medicine,jdering@mednet.ucla.edu,UCLA School of Medicine,Translational Oncology Research,"Judy,,Dering",CA,90404,"Agilent Feature Extraced data was imported into Rosetta Resolver version 7.1.1  (Rosetta Inpharmatics LLC, Cambridge, MA). Multiple probes with the same sequence code were combined into a single value using the Rosetta Resolver error-weighted averaging method for combining repeated measures.",41000,,Total RNA extracted using Qiagen RNeasy Kit following manufacturer's protocol.,825 ng each of labeled reference mix (cy3 label) and individual sample (cy5 label) were applied to Whole Human Genome 4X44 microarrays (Agilent G4112F) using the In Situ Hybridization Kit Plus (Agilent) protocol,Cy3,Cy5,RNA were labeled with Cy3-CTP or Cy5-CTP using the Quick-Amp Labeling Kit (Agilent) following manufacturer's instructions,RNA were labeled with Cy3-CTP or Cy5-CTP using the Quick-Amp Labeling Kit (Agilent) following manufacturer's instructions,Jan 07 2015,total RNA,total RNA,Homo sapiens,Slides were read on an Agilent G2505B scanner.  All  experiments were scanned with extended dynamic range enabled.,ovarian tumor 1086,Public on Jan 07 2015,Jan 09 2014,ftp://ftp.ncbi.nlm.nih.gov/geo/samples/GSM1304nnn/GSM1304394/suppl/GSM1304394_B02_251485056605_S01_GE2-v5_95_Feb07_2_Off_1_3.txt.gz,9606,9606,RNA
GSM1304395,Ov_Tumor_Ref_Mix  vs. 1089,106 pooled ovarian samples,ovarian serous tumor sample,GPL6480,Homo sapiens,ovarian,2,,2825 Santa Monica Blvd. Suite 200,Santa Monica,USA,Medicine,jdering@mednet.ucla.edu,UCLA School of Medicine,Translational Oncology Research,"Judy,,Dering",CA,90404,"Agilent Feature Extraced data was imported into Rosetta Resolver version 7.1.1  (Rosetta Inpharmatics LLC, Cambridge, MA). Multiple probes with the same sequence code were combined into a single value using the Rosetta Resolver error-weighted averaging method for combining repeated measures.",41000,,Total RNA extracted using Qiagen RNeasy Kit following manufacturer's protocol.,825 ng each of labeled reference mix (cy3 label) and individual sample (cy5 label) were applied to Whole Human Genome 4X44 microarrays (Agilent G4112F) using the In Situ Hybridization Kit Plus (Agilent) protocol,Cy3,Cy5,RNA were labeled with Cy3-CTP or Cy5-CTP using the Quick-Amp Labeling Kit (Agilent) following manufacturer's instructions,RNA were labeled with Cy3-CTP or Cy5-CTP using the Quick-Amp Labeling Kit (Agilent) following manufacturer's instructions,Jan 07 2015,total RNA,total RNA,Homo sapiens,Slides were read on an Agilent G2505B scanner.  All  experiments were scanned with extended dynamic range enabled.,ovarian tumor 1089,Public on Jan 07 2015,Jan 09 2014,ftp://ftp.ncbi.nlm.nih.gov/geo/samples/GSM1304nnn/GSM1304395/suppl/GSM1304395_B02_251485056605_S01_GE2-v5_95_Feb07_2_Off_1_4.txt.gz,9606,9606,RNA
GSM1304396,Ov_Tumor_Ref_Mix  vs. 1090,106 pooled ovarian samples,ovarian serous tumor sample,GPL6480,Homo sapiens,ovarian,2,tcga_sampleid: TCGA-25-1317-01A-01,2825 Santa Monica Blvd. Suite 200,Santa Monica,USA,Medicine,jdering@mednet.ucla.edu,UCLA School of Medicine,Translational Oncology Research,"Judy,,Dering",CA,90404,"Agilent Feature Extraced data was imported into Rosetta Resolver version 7.1.1  (Rosetta Inpharmatics LLC, Cambridge, MA). Multiple probes with the same sequence code were combined into a single value using the Rosetta Resolver error-weighted averaging method for combining repeated measures.",41000,,Total RNA extracted using Qiagen RNeasy Kit following manufacturer's protocol.,825 ng each of labeled reference mix (cy3 label) and individual sample (cy5 label) were applied to Whole Human Genome 4X44 microarrays (Agilent G4112F) using the In Situ Hybridization Kit Plus (Agilent) protocol,Cy3,Cy5,RNA were labeled with Cy3-CTP or Cy5-CTP using the Quick-Amp Labeling Kit (Agilent) following manufacturer's instructions,RNA were labeled with Cy3-CTP or Cy5-CTP using the Quick-Amp Labeling Kit (Agilent) following manufacturer's instructions,Jan 07 2015,total RNA,total RNA,Homo sapiens,Slides were read on an Agilent G2505B scanner.  All  experiments were scanned with extended dynamic range enabled.,ovarian tumor 1090,Public on Jan 07 2015,Jan 09 2014,ftp://ftp.ncbi.nlm.nih.gov/geo/samples/GSM1304nnn/GSM1304396/suppl/GSM1304396_B02_251485056606_S01_GE2-v5_95_Feb07_2_Off_1_1.txt.gz,9606,9606,RNA
GSM1304397,Ov_Tumor_Ref_Mix  vs. 1094,106 pooled ovarian samples,ovarian serous tumor sample,GPL6480,Homo sapiens,ovarian,2,,2825 Santa Monica Blvd. Suite 200,Santa Monica,USA,Medicine,jdering@mednet.ucla.edu,UCLA School of Medicine,Translational Oncology Research,"Judy,,Dering",CA,90404,"Agilent Feature Extraced data was imported into Rosetta Resolver version 7.1.1  (Rosetta Inpharmatics LLC, Cambridge, MA). Multiple probes with the same sequence code were combined into a single value using the Rosetta Resolver error-weighted averaging method for combining repeated measures.",41000,,Total RNA extracted using Qiagen RNeasy Kit following manufacturer's protocol.,825 ng each of labeled reference mix (cy3 label) and individual sample (cy5 label) were applied to Whole Human Genome 4X44 microarrays (Agilent G4112F) using the In Situ Hybridization Kit Plus (Agilent) protocol,Cy3,Cy5,RNA were labeled with Cy3-CTP or Cy5-CTP using the Quick-Amp Labeling Kit (Agilent) following manufacturer's instructions,RNA were labeled with Cy3-CTP or Cy5-CTP using the Quick-Amp Labeling Kit (Agilent) following manufacturer's instructions,Jan 07 2015,total RNA,total RNA,Homo sapiens,Slides were read on an Agilent G2505B scanner.  All  experiments were scanned with extended dynamic range enabled.,ovarian tumor 1094,Public on Jan 07 2015,Jan 09 2014,ftp://ftp.ncbi.nlm.nih.gov/geo/samples/GSM1304nnn/GSM1304397/suppl/GSM1304397_B02_251485056606_S01_GE2-v5_95_Feb07_2_Off_1_2.txt.gz,9606,9606,RNA
GSM1304398,Ov_Tumor_Ref_Mix  vs. 1099,106 pooled ovarian samples,ovarian serous tumor sample,GPL6480,Homo sapiens,ovarian,2,,2825 Santa Monica Blvd. Suite 200,Santa Monica,USA,Medicine,jdering@mednet.ucla.edu,UCLA School of Medicine,Translational Oncology Research,"Judy,,Dering",CA,90404,"Agilent Feature Extraced data was imported into Rosetta Resolver version 7.1.1  (Rosetta Inpharmatics LLC, Cambridge, MA). Multiple probes with the same sequence code were combined into a single value using the Rosetta Resolver error-weighted averaging method for combining repeated measures.",41000,,Total RNA extracted using Qiagen RNeasy Kit following manufacturer's protocol.,825 ng each of labeled reference mix (cy3 label) and individual sample (cy5 label) were applied to Whole Human Genome 4X44 microarrays (Agilent G4112F) using the In Situ Hybridization Kit Plus (Agilent) protocol,Cy3,Cy5,RNA were labeled with Cy3-CTP or Cy5-CTP using the Quick-Amp Labeling Kit (Agilent) following manufacturer's instructions,RNA were labeled with Cy3-CTP or Cy5-CTP using the Quick-Amp Labeling Kit (Agilent) following manufacturer's instructions,Jan 07 2015,total RNA,total RNA,Homo sapiens,Slides were read on an Agilent G2505B scanner.  All  experiments were scanned with extended dynamic range enabled.,ovarian tumor 1099,Public on Jan 07 2015,Jan 09 2014,ftp://ftp.ncbi.nlm.nih.gov/geo/samples/GSM1304nnn/GSM1304398/suppl/GSM1304398_B02_251485056606_S01_GE2-v5_95_Feb07_2_Off_1_3.txt.gz,9606,9606,RNA
GSM1304399,Ov_Tumor_Ref_Mix  vs. 1103,106 pooled ovarian samples,ovarian serous tumor sample,GPL6480,Homo sapiens,ovarian,2,tcga_sampleid: TCGA-25-1318-01A-01,2825 Santa Monica Blvd. Suite 200,Santa Monica,USA,Medicine,jdering@mednet.ucla.edu,UCLA School of Medicine,Translational Oncology Research,"Judy,,Dering",CA,90404,"Agilent Feature Extraced data was imported into Rosetta Resolver version 7.1.1  (Rosetta Inpharmatics LLC, Cambridge, MA). Multiple probes with the same sequence code were combined into a single value using the Rosetta Resolver error-weighted averaging method for combining repeated measures.",41000,,Total RNA extracted using Qiagen RNeasy Kit following manufacturer's protocol.,825 ng each of labeled reference mix (cy3 label) and individual sample (cy5 label) were applied to Whole Human Genome 4X44 microarrays (Agilent G4112F) using the In Situ Hybridization Kit Plus (Agilent) protocol,Cy3,Cy5,RNA were labeled with Cy3-CTP or Cy5-CTP using the Quick-Amp Labeling Kit (Agilent) following manufacturer's instructions,RNA were labeled with Cy3-CTP or Cy5-CTP using the Quick-Amp Labeling Kit (Agilent) following manufacturer's instructions,Jan 07 2015,total RNA,total RNA,Homo sapiens,Slides were read on an Agilent G2505B scanner.  All  experiments were scanned with extended dynamic range enabled.,ovarian tumor 1103,Public on Jan 07 2015,Jan 09 2014,ftp://ftp.ncbi.nlm.nih.gov/geo/samples/GSM1304nnn/GSM1304399/suppl/GSM1304399_B02_251485056606_S01_GE2-v5_95_Feb07_2_Off_1_4.txt.gz,9606,9606,RNA
GSM1304400,Ov_Tumor_Ref_Mix  vs. 1123,106 pooled ovarian samples,ovarian serous tumor sample,GPL6480,Homo sapiens,ovarian,2,tcga_sampleid: TCGA-25-1319-01A-01,2825 Santa Monica Blvd. Suite 200,Santa Monica,USA,Medicine,jdering@mednet.ucla.edu,UCLA School of Medicine,Translational Oncology Research,"Judy,,Dering",CA,90404,"Agilent Feature Extraced data was imported into Rosetta Resolver version 7.1.1  (Rosetta Inpharmatics LLC, Cambridge, MA). Multiple probes with the same sequence code were combined into a single value using the Rosetta Resolver error-weighted averaging method for combining repeated measures.",41000,,Total RNA extracted using Qiagen RNeasy Kit following manufacturer's protocol.,825 ng each of labeled reference mix (cy3 label) and individual sample (cy5 label) were applied to Whole Human Genome 4X44 microarrays (Agilent G4112F) using the In Situ Hybridization Kit Plus (Agilent) protocol,Cy3,Cy5,RNA were labeled with Cy3-CTP or Cy5-CTP using the Quick-Amp Labeling Kit (Agilent) following manufacturer's instructions,RNA were labeled with Cy3-CTP or Cy5-CTP using the Quick-Amp Labeling Kit (Agilent) following manufacturer's instructions,Jan 07 2015,total RNA,total RNA,Homo sapiens,Slides were read on an Agilent G2505B scanner.  All  experiments were scanned with extended dynamic range enabled.,ovarian tumor 1123,Public on Jan 07 2015,Jan 09 2014,ftp://ftp.ncbi.nlm.nih.gov/geo/samples/GSM1304nnn/GSM1304400/suppl/GSM1304400_B02_251485056607_S01_GE2-v5_95_Feb07_2_Off_1_1.txt.gz,9606,9606,RNA
GSM1304401,Ov_Tumor_Ref_Mix  vs. 1124,106 pooled ovarian samples,ovarian serous tumor sample,GPL6480,Homo sapiens,ovarian,2,,2825 Santa Monica Blvd. Suite 200,Santa Monica,USA,Medicine,jdering@mednet.ucla.edu,UCLA School of Medicine,Translational Oncology Research,"Judy,,Dering",CA,90404,"Agilent Feature Extraced data was imported into Rosetta Resolver version 7.1.1  (Rosetta Inpharmatics LLC, Cambridge, MA). Multiple probes with the same sequence code were combined into a single value using the Rosetta Resolver error-weighted averaging method for combining repeated measures.",41000,,Total RNA extracted using Qiagen RNeasy Kit following manufacturer's protocol.,825 ng each of labeled reference mix (cy3 label) and individual sample (cy5 label) were applied to Whole Human Genome 4X44 microarrays (Agilent G4112F) using the In Situ Hybridization Kit Plus (Agilent) protocol,Cy3,Cy5,RNA were labeled with Cy3-CTP or Cy5-CTP using the Quick-Amp Labeling Kit (Agilent) following manufacturer's instructions,RNA were labeled with Cy3-CTP or Cy5-CTP using the Quick-Amp Labeling Kit (Agilent) following manufacturer's instructions,Jan 07 2015,total RNA,total RNA,Homo sapiens,Slides were read on an Agilent G2505B scanner.  All  experiments were scanned with extended dynamic range enabled.,ovarian tumor 1124,Public on Jan 07 2015,Jan 09 2014,ftp://ftp.ncbi.nlm.nih.gov/geo/samples/GSM1304nnn/GSM1304401/suppl/GSM1304401_B02_251485056607_S01_GE2-v5_95_Feb07_2_Off_1_2.txt.gz,9606,9606,RNA
GSM1304402,Ov_Tumor_Ref_Mix  vs. 1125,106 pooled ovarian samples,ovarian serous tumor sample,GPL6480,Homo sapiens,ovarian,2,,2825 Santa Monica Blvd. Suite 200,Santa Monica,USA,Medicine,jdering@mednet.ucla.edu,UCLA School of Medicine,Translational Oncology Research,"Judy,,Dering",CA,90404,"Agilent Feature Extraced data was imported into Rosetta Resolver version 7.1.1  (Rosetta Inpharmatics LLC, Cambridge, MA). Multiple probes with the same sequence code were combined into a single value using the Rosetta Resolver error-weighted averaging method for combining repeated measures.",41000,,Total RNA extracted using Qiagen RNeasy Kit following manufacturer's protocol.,825 ng each of labeled reference mix (cy3 label) and individual sample (cy5 label) were applied to Whole Human Genome 4X44 microarrays (Agilent G4112F) using the In Situ Hybridization Kit Plus (Agilent) protocol,Cy3,Cy5,RNA were labeled with Cy3-CTP or Cy5-CTP using the Quick-Amp Labeling Kit (Agilent) following manufacturer's instructions,RNA were labeled with Cy3-CTP or Cy5-CTP using the Quick-Amp Labeling Kit (Agilent) following manufacturer's instructions,Jan 07 2015,total RNA,total RNA,Homo sapiens,Slides were read on an Agilent G2505B scanner.  All  experiments were scanned with extended dynamic range enabled.,ovarian tumor 1125,Public on Jan 07 2015,Jan 09 2014,ftp://ftp.ncbi.nlm.nih.gov/geo/samples/GSM1304nnn/GSM1304402/suppl/GSM1304402_B02_251485056607_S01_GE2-v5_95_Feb07_2_Off_1_3.txt.gz,9606,9606,RNA
GSM1304403,Ov_Tumor_Ref_Mix  vs. 1131,106 pooled ovarian samples,ovarian serous tumor sample,GPL6480,Homo sapiens,ovarian,2,,2825 Santa Monica Blvd. Suite 200,Santa Monica,USA,Medicine,jdering@mednet.ucla.edu,UCLA School of Medicine,Translational Oncology Research,"Judy,,Dering",CA,90404,"Agilent Feature Extraced data was imported into Rosetta Resolver version 7.1.1  (Rosetta Inpharmatics LLC, Cambridge, MA). Multiple probes with the same sequence code were combined into a single value using the Rosetta Resolver error-weighted averaging method for combining repeated measures.",41000,,Total RNA extracted using Qiagen RNeasy Kit following manufacturer's protocol.,825 ng each of labeled reference mix (cy3 label) and individual sample (cy5 label) were applied to Whole Human Genome 4X44 microarrays (Agilent G4112F) using the In Situ Hybridization Kit Plus (Agilent) protocol,Cy3,Cy5,RNA were labeled with Cy3-CTP or Cy5-CTP using the Quick-Amp Labeling Kit (Agilent) following manufacturer's instructions,RNA were labeled with Cy3-CTP or Cy5-CTP using the Quick-Amp Labeling Kit (Agilent) following manufacturer's instructions,Jan 07 2015,total RNA,total RNA,Homo sapiens,Slides were read on an Agilent G2505B scanner.  All  experiments were scanned with extended dynamic range enabled.,ovarian tumor 1131,Public on Jan 07 2015,Jan 09 2014,ftp://ftp.ncbi.nlm.nih.gov/geo/samples/GSM1304nnn/GSM1304403/suppl/GSM1304403_B02_251485056607_S01_GE2-v5_95_Feb07_2_Off_1_4.txt.gz,9606,9606,RNA
GSM1304404,Ov_Tumor_Ref_Mix  vs. 1135,106 pooled ovarian samples,ovarian serous tumor sample,GPL6480,Homo sapiens,ovarian,2,,2825 Santa Monica Blvd. Suite 200,Santa Monica,USA,Medicine,jdering@mednet.ucla.edu,UCLA School of Medicine,Translational Oncology Research,"Judy,,Dering",CA,90404,"Agilent Feature Extraced data was imported into Rosetta Resolver version 7.1.1  (Rosetta Inpharmatics LLC, Cambridge, MA). Multiple probes with the same sequence code were combined into a single value using the Rosetta Resolver error-weighted averaging method for combining repeated measures.",41000,,Total RNA extracted using Qiagen RNeasy Kit following manufacturer's protocol.,825 ng each of labeled reference mix (cy3 label) and individual sample (cy5 label) were applied to Whole Human Genome 4X44 microarrays (Agilent G4112F) using the In Situ Hybridization Kit Plus (Agilent) protocol,Cy3,Cy5,RNA were labeled with Cy3-CTP or Cy5-CTP using the Quick-Amp Labeling Kit (Agilent) following manufacturer's instructions,RNA were labeled with Cy3-CTP or Cy5-CTP using the Quick-Amp Labeling Kit (Agilent) following manufacturer's instructions,Jan 07 2015,total RNA,total RNA,Homo sapiens,Slides were read on an Agilent G2505B scanner.  All  experiments were scanned with extended dynamic range enabled.,ovarian tumor 1135,Public on Jan 07 2015,Jan 09 2014,ftp://ftp.ncbi.nlm.nih.gov/geo/samples/GSM1304nnn/GSM1304404/suppl/GSM1304404_B02_251485056608_S01_GE2-v5_95_Feb07_2_Off_1_1.txt.gz,9606,9606,RNA
GSM1304405,Ov_Tumor_Ref_Mix  vs. 1155,106 pooled ovarian samples,ovarian serous tumor sample,GPL6480,Homo sapiens,ovarian,2,tcga_sampleid: TCGA-25-1321-01A-01,2825 Santa Monica Blvd. Suite 200,Santa Monica,USA,Medicine,jdering@mednet.ucla.edu,UCLA School of Medicine,Translational Oncology Research,"Judy,,Dering",CA,90404,"Agilent Feature Extraced data was imported into Rosetta Resolver version 7.1.1  (Rosetta Inpharmatics LLC, Cambridge, MA). Multiple probes with the same sequence code were combined into a single value using the Rosetta Resolver error-weighted averaging method for combining repeated measures.",41000,,Total RNA extracted using Qiagen RNeasy Kit following manufacturer's protocol.,825 ng each of labeled reference mix (cy3 label) and individual sample (cy5 label) were applied to Whole Human Genome 4X44 microarrays (Agilent G4112F) using the In Situ Hybridization Kit Plus (Agilent) protocol,Cy3,Cy5,RNA were labeled with Cy3-CTP or Cy5-CTP using the Quick-Amp Labeling Kit (Agilent) following manufacturer's instructions,RNA were labeled with Cy3-CTP or Cy5-CTP using the Quick-Amp Labeling Kit (Agilent) following manufacturer's instructions,Jan 07 2015,total RNA,total RNA,Homo sapiens,Slides were read on an Agilent G2505B scanner.  All  experiments were scanned with extended dynamic range enabled.,ovarian tumor 1155,Public on Jan 07 2015,Jan 09 2014,ftp://ftp.ncbi.nlm.nih.gov/geo/samples/GSM1304nnn/GSM1304405/suppl/GSM1304405_B02_251485056102_S01_GE2-v5_95_Feb07_2_Off_1_3.txt.gz,9606,9606,RNA
GSM1304406,Ov_Tumor_Ref_Mix  vs. 1171,106 pooled ovarian samples,ovarian serous tumor sample,GPL6480,Homo sapiens,ovarian,2,,2825 Santa Monica Blvd. Suite 200,Santa Monica,USA,Medicine,jdering@mednet.ucla.edu,UCLA School of Medicine,Translational Oncology Research,"Judy,,Dering",CA,90404,"Agilent Feature Extraced data was imported into Rosetta Resolver version 7.1.1  (Rosetta Inpharmatics LLC, Cambridge, MA). Multiple probes with the same sequence code were combined into a single value using the Rosetta Resolver error-weighted averaging method for combining repeated measures.",41000,,Total RNA extracted using Qiagen RNeasy Kit following manufacturer's protocol.,825 ng each of labeled reference mix (cy3 label) and individual sample (cy5 label) were applied to Whole Human Genome 4X44 microarrays (Agilent G4112F) using the In Situ Hybridization Kit Plus (Agilent) protocol,Cy3,Cy5,RNA were labeled with Cy3-CTP or Cy5-CTP using the Quick-Amp Labeling Kit (Agilent) following manufacturer's instructions,RNA were labeled with Cy3-CTP or Cy5-CTP using the Quick-Amp Labeling Kit (Agilent) following manufacturer's instructions,Jan 07 2015,total RNA,total RNA,Homo sapiens,Slides were read on an Agilent G2505B scanner.  All  experiments were scanned with extended dynamic range enabled.,ovarian tumor 1171,Public on Jan 07 2015,Jan 09 2014,ftp://ftp.ncbi.nlm.nih.gov/geo/samples/GSM1304nnn/GSM1304406/suppl/GSM1304406_B02_251485056608_S01_GE2-v5_95_Feb07_2_Off_1_2.txt.gz,9606,9606,RNA
GSM1304407,Ov_Tumor_Ref_Mix  vs. 1176,106 pooled ovarian samples,ovarian serous tumor sample,GPL6480,Homo sapiens,ovarian,2,,2825 Santa Monica Blvd. Suite 200,Santa Monica,USA,Medicine,jdering@mednet.ucla.edu,UCLA School of Medicine,Translational Oncology Research,"Judy,,Dering",CA,90404,"Agilent Feature Extraced data was imported into Rosetta Resolver version 7.1.1  (Rosetta Inpharmatics LLC, Cambridge, MA). Multiple probes with the same sequence code were combined into a single value using the Rosetta Resolver error-weighted averaging method for combining repeated measures.",41000,,Total RNA extracted using Qiagen RNeasy Kit following manufacturer's protocol.,825 ng each of labeled reference mix (cy3 label) and individual sample (cy5 label) were applied to Whole Human Genome 4X44 microarrays (Agilent G4112F) using the In Situ Hybridization Kit Plus (Agilent) protocol,Cy3,Cy5,RNA were labeled with Cy3-CTP or Cy5-CTP using the Quick-Amp Labeling Kit (Agilent) following manufacturer's instructions,RNA were labeled with Cy3-CTP or Cy5-CTP using the Quick-Amp Labeling Kit (Agilent) following manufacturer's instructions,Jan 07 2015,total RNA,total RNA,Homo sapiens,Slides were read on an Agilent G2505B scanner.  All  experiments were scanned with extended dynamic range enabled.,ovarian tumor 1176,Public on Jan 07 2015,Jan 09 2014,ftp://ftp.ncbi.nlm.nih.gov/geo/samples/GSM1304nnn/GSM1304407/suppl/GSM1304407_B02_251485056608_S01_GE2-v5_95_Feb07_2_Off_1_4.txt.gz,9606,9606,RNA
GSM1304408,Ov_Tumor_Ref_Mix  vs. 1180,106 pooled ovarian samples,ovarian serous tumor sample,GPL6480,Homo sapiens,ovarian,2,tcga_sampleid: TCGA-25-1328-01A-01,2825 Santa Monica Blvd. Suite 200,Santa Monica,USA,Medicine,jdering@mednet.ucla.edu,UCLA School of Medicine,Translational Oncology Research,"Judy,,Dering",CA,90404,"Agilent Feature Extraced data was imported into Rosetta Resolver version 7.1.1  (Rosetta Inpharmatics LLC, Cambridge, MA). Multiple probes with the same sequence code were combined into a single value using the Rosetta Resolver error-weighted averaging method for combining repeated measures.",41000,,Total RNA extracted using Qiagen RNeasy Kit following manufacturer's protocol.,825 ng each of labeled reference mix (cy3 label) and individual sample (cy5 label) were applied to Whole Human Genome 4X44 microarrays (Agilent G4112F) using the In Situ Hybridization Kit Plus (Agilent) protocol,Cy3,Cy5,RNA were labeled with Cy3-CTP or Cy5-CTP using the Quick-Amp Labeling Kit (Agilent) following manufacturer's instructions,RNA were labeled with Cy3-CTP or Cy5-CTP using the Quick-Amp Labeling Kit (Agilent) following manufacturer's instructions,Jan 07 2015,total RNA,total RNA,Homo sapiens,Slides were read on an Agilent G2505B scanner.  All  experiments were scanned with extended dynamic range enabled.,ovarian tumor 1180,Public on Jan 07 2015,Jan 09 2014,ftp://ftp.ncbi.nlm.nih.gov/geo/samples/GSM1304nnn/GSM1304408/suppl/GSM1304408_B02_251485056609_S01_GE2-v5_95_Feb07_2_Off_1_1.txt.gz,9606,9606,RNA
GSM1304409,Ov_Tumor_Ref_Mix  vs. 1181,106 pooled ovarian samples,ovarian serous tumor sample,GPL6480,Homo sapiens,ovarian,2,,2825 Santa Monica Blvd. Suite 200,Santa Monica,USA,Medicine,jdering@mednet.ucla.edu,UCLA School of Medicine,Translational Oncology Research,"Judy,,Dering",CA,90404,"Agilent Feature Extraced data was imported into Rosetta Resolver version 7.1.1  (Rosetta Inpharmatics LLC, Cambridge, MA). Multiple probes with the same sequence code were combined into a single value using the Rosetta Resolver error-weighted averaging method for combining repeated measures.",41000,,Total RNA extracted using Qiagen RNeasy Kit following manufacturer's protocol.,825 ng each of labeled reference mix (cy3 label) and individual sample (cy5 label) were applied to Whole Human Genome 4X44 microarrays (Agilent G4112F) using the In Situ Hybridization Kit Plus (Agilent) protocol,Cy3,Cy5,RNA were labeled with Cy3-CTP or Cy5-CTP using the Quick-Amp Labeling Kit (Agilent) following manufacturer's instructions,RNA were labeled with Cy3-CTP or Cy5-CTP using the Quick-Amp Labeling Kit (Agilent) following manufacturer's instructions,Jan 07 2015,total RNA,total RNA,Homo sapiens,Slides were read on an Agilent G2505B scanner.  All  experiments were scanned with extended dynamic range enabled.,ovarian tumor 1181,Public on Jan 07 2015,Jan 09 2014,ftp://ftp.ncbi.nlm.nih.gov/geo/samples/GSM1304nnn/GSM1304409/suppl/GSM1304409_B02_251485056609_S01_GE2-v5_95_Feb07_2_Off_1_2.txt.gz,9606,9606,RNA
GSM1304410,Ov_Tumor_Ref_Mix  vs. 1190,106 pooled ovarian samples,ovarian serous tumor sample,GPL6480,Homo sapiens,ovarian,2,,2825 Santa Monica Blvd. Suite 200,Santa Monica,USA,Medicine,jdering@mednet.ucla.edu,UCLA School of Medicine,Translational Oncology Research,"Judy,,Dering",CA,90404,"Agilent Feature Extraced data was imported into Rosetta Resolver version 7.1.1  (Rosetta Inpharmatics LLC, Cambridge, MA). Multiple probes with the same sequence code were combined into a single value using the Rosetta Resolver error-weighted averaging method for combining repeated measures.",41000,,Total RNA extracted using Qiagen RNeasy Kit following manufacturer's protocol.,825 ng each of labeled reference mix (cy3 label) and individual sample (cy5 label) were applied to Whole Human Genome 4X44 microarrays (Agilent G4112F) using the In Situ Hybridization Kit Plus (Agilent) protocol,Cy3,Cy5,RNA were labeled with Cy3-CTP or Cy5-CTP using the Quick-Amp Labeling Kit (Agilent) following manufacturer's instructions,RNA were labeled with Cy3-CTP or Cy5-CTP using the Quick-Amp Labeling Kit (Agilent) following manufacturer's instructions,Jan 07 2015,total RNA,total RNA,Homo sapiens,Slides were read on an Agilent G2505B scanner.  All  experiments were scanned with extended dynamic range enabled.,ovarian tumor 1190,Public on Jan 07 2015,Jan 09 2014,ftp://ftp.ncbi.nlm.nih.gov/geo/samples/GSM1304nnn/GSM1304410/suppl/GSM1304410_B02_251485056609_S01_GE2-v5_95_Feb07_2_Off_1_3.txt.gz,9606,9606,RNA
GSM1304411,Ov_Tumor_Ref_Mix  vs. 1206,106 pooled ovarian samples,ovarian serous tumor sample,GPL6480,Homo sapiens,ovarian,2,,2825 Santa Monica Blvd. Suite 200,Santa Monica,USA,Medicine,jdering@mednet.ucla.edu,UCLA School of Medicine,Translational Oncology Research,"Judy,,Dering",CA,90404,"Agilent Feature Extraced data was imported into Rosetta Resolver version 7.1.1  (Rosetta Inpharmatics LLC, Cambridge, MA). Multiple probes with the same sequence code were combined into a single value using the Rosetta Resolver error-weighted averaging method for combining repeated measures.",41000,,Total RNA extracted using Qiagen RNeasy Kit following manufacturer's protocol.,825 ng each of labeled reference mix (cy3 label) and individual sample (cy5 label) were applied to Whole Human Genome 4X44 microarrays (Agilent G4112F) using the In Situ Hybridization Kit Plus (Agilent) protocol,Cy3,Cy5,RNA were labeled with Cy3-CTP or Cy5-CTP using the Quick-Amp Labeling Kit (Agilent) following manufacturer's instructions,RNA were labeled with Cy3-CTP or Cy5-CTP using the Quick-Amp Labeling Kit (Agilent) following manufacturer's instructions,Jan 07 2015,total RNA,total RNA,Homo sapiens,Slides were read on an Agilent G2505B scanner.  All  experiments were scanned with extended dynamic range enabled.,ovarian tumor 1206,Public on Jan 07 2015,Jan 09 2014,ftp://ftp.ncbi.nlm.nih.gov/geo/samples/GSM1304nnn/GSM1304411/suppl/GSM1304411_B02_251485056508_S01_GE2-v5_95_Feb07_2_Off_1_1.txt.gz,9606,9606,RNA
GSM1304412,Ov_Tumor_Ref_Mix  vs. 1208,106 pooled ovarian samples,ovarian serous tumor sample,GPL6480,Homo sapiens,ovarian,2,,2825 Santa Monica Blvd. Suite 200,Santa Monica,USA,Medicine,jdering@mednet.ucla.edu,UCLA School of Medicine,Translational Oncology Research,"Judy,,Dering",CA,90404,"Agilent Feature Extraced data was imported into Rosetta Resolver version 7.1.1  (Rosetta Inpharmatics LLC, Cambridge, MA). Multiple probes with the same sequence code were combined into a single value using the Rosetta Resolver error-weighted averaging method for combining repeated measures.",41000,,Total RNA extracted using Qiagen RNeasy Kit following manufacturer's protocol.,825 ng each of labeled reference mix (cy3 label) and individual sample (cy5 label) were applied to Whole Human Genome 4X44 microarrays (Agilent G4112F) using the In Situ Hybridization Kit Plus (Agilent) protocol,Cy3,Cy5,RNA were labeled with Cy3-CTP or Cy5-CTP using the Quick-Amp Labeling Kit (Agilent) following manufacturer's instructions,RNA were labeled with Cy3-CTP or Cy5-CTP using the Quick-Amp Labeling Kit (Agilent) following manufacturer's instructions,Jan 07 2015,total RNA,total RNA,Homo sapiens,Slides were read on an Agilent G2505B scanner.  All  experiments were scanned with extended dynamic range enabled.,ovarian tumor 1208,Public on Jan 07 2015,Jan 09 2014,ftp://ftp.ncbi.nlm.nih.gov/geo/samples/GSM1304nnn/GSM1304412/suppl/GSM1304412_B02_251485056508_S01_GE2-v5_95_Feb07_2_Off_1_2.txt.gz,9606,9606,RNA
GSM1304413,Ov_Tumor_Ref_Mix  vs. 1210,106 pooled ovarian samples,ovarian serous tumor sample,GPL6480,Homo sapiens,ovarian,2,,2825 Santa Monica Blvd. Suite 200,Santa Monica,USA,Medicine,jdering@mednet.ucla.edu,UCLA School of Medicine,Translational Oncology Research,"Judy,,Dering",CA,90404,"Agilent Feature Extraced data was imported into Rosetta Resolver version 7.1.1  (Rosetta Inpharmatics LLC, Cambridge, MA). Multiple probes with the same sequence code were combined into a single value using the Rosetta Resolver error-weighted averaging method for combining repeated measures.",41000,,Total RNA extracted using Qiagen RNeasy Kit following manufacturer's protocol.,825 ng each of labeled reference mix (cy3 label) and individual sample (cy5 label) were applied to Whole Human Genome 4X44 microarrays (Agilent G4112F) using the In Situ Hybridization Kit Plus (Agilent) protocol,Cy3,Cy5,RNA were labeled with Cy3-CTP or Cy5-CTP using the Quick-Amp Labeling Kit (Agilent) following manufacturer's instructions,RNA were labeled with Cy3-CTP or Cy5-CTP using the Quick-Amp Labeling Kit (Agilent) following manufacturer's instructions,Jan 07 2015,total RNA,total RNA,Homo sapiens,Slides were read on an Agilent G2505B scanner.  All  experiments were scanned with extended dynamic range enabled.,ovarian tumor 1210,Public on Jan 07 2015,Jan 09 2014,ftp://ftp.ncbi.nlm.nih.gov/geo/samples/GSM1304nnn/GSM1304413/suppl/GSM1304413_B02_251485056508_S01_GE2-v5_95_Feb07_2_Off_1_3.txt.gz,9606,9606,RNA
GSM1304414,Ov_Tumor_Ref_Mix  vs. 1219,106 pooled ovarian samples,ovarian serous tumor sample,GPL6480,Homo sapiens,ovarian,2,,2825 Santa Monica Blvd. Suite 200,Santa Monica,USA,Medicine,jdering@mednet.ucla.edu,UCLA School of Medicine,Translational Oncology Research,"Judy,,Dering",CA,90404,"Agilent Feature Extraced data was imported into Rosetta Resolver version 7.1.1  (Rosetta Inpharmatics LLC, Cambridge, MA). Multiple probes with the same sequence code were combined into a single value using the Rosetta Resolver error-weighted averaging method for combining repeated measures.",41000,,Total RNA extracted using Qiagen RNeasy Kit following manufacturer's protocol.,825 ng each of labeled reference mix (cy3 label) and individual sample (cy5 label) were applied to Whole Human Genome 4X44 microarrays (Agilent G4112F) using the In Situ Hybridization Kit Plus (Agilent) protocol,Cy3,Cy5,RNA were labeled with Cy3-CTP or Cy5-CTP using the Quick-Amp Labeling Kit (Agilent) following manufacturer's instructions,RNA were labeled with Cy3-CTP or Cy5-CTP using the Quick-Amp Labeling Kit (Agilent) following manufacturer's instructions,Jan 07 2015,total RNA,total RNA,Homo sapiens,Slides were read on an Agilent G2505B scanner.  All  experiments were scanned with extended dynamic range enabled.,ovarian tumor 1219,Public on Jan 07 2015,Jan 09 2014,ftp://ftp.ncbi.nlm.nih.gov/geo/samples/GSM1304nnn/GSM1304414/suppl/GSM1304414_B02_251485056508_S01_GE2-v5_95_Feb07_2_Off_1_4.txt.gz,9606,9606,RNA
GSM1304415,Ov_Tumor_Ref_Mix  vs. 1221,106 pooled ovarian samples,ovarian serous tumor sample,GPL6480,Homo sapiens,ovarian,2,,2825 Santa Monica Blvd. Suite 200,Santa Monica,USA,Medicine,jdering@mednet.ucla.edu,UCLA School of Medicine,Translational Oncology Research,"Judy,,Dering",CA,90404,"Agilent Feature Extraced data was imported into Rosetta Resolver version 7.1.1  (Rosetta Inpharmatics LLC, Cambridge, MA). Multiple probes with the same sequence code were combined into a single value using the Rosetta Resolver error-weighted averaging method for combining repeated measures.",41000,,Total RNA extracted using Qiagen RNeasy Kit following manufacturer's protocol.,825 ng each of labeled reference mix (cy3 label) and individual sample (cy5 label) were applied to Whole Human Genome 4X44 microarrays (Agilent G4112F) using the In Situ Hybridization Kit Plus (Agilent) protocol,Cy3,Cy5,RNA were labeled with Cy3-CTP or Cy5-CTP using the Quick-Amp Labeling Kit (Agilent) following manufacturer's instructions,RNA were labeled with Cy3-CTP or Cy5-CTP using the Quick-Amp Labeling Kit (Agilent) following manufacturer's instructions,Jan 07 2015,total RNA,total RNA,Homo sapiens,Slides were read on an Agilent G2505B scanner.  All  experiments were scanned with extended dynamic range enabled.,ovarian tumor 1221,Public on Jan 07 2015,Jan 09 2014,ftp://ftp.ncbi.nlm.nih.gov/geo/samples/GSM1304nnn/GSM1304415/suppl/GSM1304415_B02_251485056509_S02_GE2-v5_95_Feb07_2_Off_1_1.txt.gz,9606,9606,RNA
GSM1304416,Ov_Tumor_Ref_Mix  vs. 1226,106 pooled ovarian samples,ovarian serous tumor sample,GPL6480,Homo sapiens,ovarian,2,,2825 Santa Monica Blvd. Suite 200,Santa Monica,USA,Medicine,jdering@mednet.ucla.edu,UCLA School of Medicine,Translational Oncology Research,"Judy,,Dering",CA,90404,"Agilent Feature Extraced data was imported into Rosetta Resolver version 7.1.1  (Rosetta Inpharmatics LLC, Cambridge, MA). Multiple probes with the same sequence code were combined into a single value using the Rosetta Resolver error-weighted averaging method for combining repeated measures.",41000,,Total RNA extracted using Qiagen RNeasy Kit following manufacturer's protocol.,825 ng each of labeled reference mix (cy3 label) and individual sample (cy5 label) were applied to Whole Human Genome 4X44 microarrays (Agilent G4112F) using the In Situ Hybridization Kit Plus (Agilent) protocol,Cy3,Cy5,RNA were labeled with Cy3-CTP or Cy5-CTP using the Quick-Amp Labeling Kit (Agilent) following manufacturer's instructions,RNA were labeled with Cy3-CTP or Cy5-CTP using the Quick-Amp Labeling Kit (Agilent) following manufacturer's instructions,Jan 07 2015,total RNA,total RNA,Homo sapiens,Slides were read on an Agilent G2505B scanner.  All  experiments were scanned with extended dynamic range enabled.,ovarian tumor 1226,Public on Jan 07 2015,Jan 09 2014,ftp://ftp.ncbi.nlm.nih.gov/geo/samples/GSM1304nnn/GSM1304416/suppl/GSM1304416_B02_251485056509_S02_GE2-v5_95_Feb07_2_Off_1_2.txt.gz,9606,9606,RNA
GSM1304417,Ov_Tumor_Ref_Mix  vs. 1234,106 pooled ovarian samples,ovarian serous tumor sample,GPL6480,Homo sapiens,ovarian,2,tcga_sampleid: TCGA-25-1324-01A-01,2825 Santa Monica Blvd. Suite 200,Santa Monica,USA,Medicine,jdering@mednet.ucla.edu,UCLA School of Medicine,Translational Oncology Research,"Judy,,Dering",CA,90404,"Agilent Feature Extraced data was imported into Rosetta Resolver version 7.1.1  (Rosetta Inpharmatics LLC, Cambridge, MA). Multiple probes with the same sequence code were combined into a single value using the Rosetta Resolver error-weighted averaging method for combining repeated measures.",41000,,Total RNA extracted using Qiagen RNeasy Kit following manufacturer's protocol.,825 ng each of labeled reference mix (cy3 label) and individual sample (cy5 label) were applied to Whole Human Genome 4X44 microarrays (Agilent G4112F) using the In Situ Hybridization Kit Plus (Agilent) protocol,Cy3,Cy5,RNA were labeled with Cy3-CTP or Cy5-CTP using the Quick-Amp Labeling Kit (Agilent) following manufacturer's instructions,RNA were labeled with Cy3-CTP or Cy5-CTP using the Quick-Amp Labeling Kit (Agilent) following manufacturer's instructions,Jan 07 2015,total RNA,total RNA,Homo sapiens,Slides were read on an Agilent G2505B scanner.  All  experiments were scanned with extended dynamic range enabled.,ovarian tumor 1234,Public on Jan 07 2015,Jan 09 2014,ftp://ftp.ncbi.nlm.nih.gov/geo/samples/GSM1304nnn/GSM1304417/suppl/GSM1304417_B02_251485056509_S02_GE2-v5_95_Feb07_2_Off_1_3.txt.gz,9606,9606,RNA
GSM1304418,Ov_Tumor_Ref_Mix  vs. 1693,106 pooled ovarian samples,ovarian serous tumor sample,GPL6480,Homo sapiens,ovarian,2,tcga_sampleid: TCGA-25-2401-01A-01,2825 Santa Monica Blvd. Suite 200,Santa Monica,USA,Medicine,jdering@mednet.ucla.edu,UCLA School of Medicine,Translational Oncology Research,"Judy,,Dering",CA,90404,"Agilent Feature Extraced data was imported into Rosetta Resolver version 7.1.1  (Rosetta Inpharmatics LLC, Cambridge, MA). Multiple probes with the same sequence code were combined into a single value using the Rosetta Resolver error-weighted averaging method for combining repeated measures.",41000,,Total RNA extracted using Qiagen RNeasy Kit following manufacturer's protocol.,825 ng each of labeled reference mix (cy3 label) and individual sample (cy5 label) were applied to Whole Human Genome 4X44 microarrays (Agilent G4112F) using the In Situ Hybridization Kit Plus (Agilent) protocol,Cy3,Cy5,RNA were labeled with Cy3-CTP or Cy5-CTP using the Quick-Amp Labeling Kit (Agilent) following manufacturer's instructions,RNA were labeled with Cy3-CTP or Cy5-CTP using the Quick-Amp Labeling Kit (Agilent) following manufacturer's instructions,Jan 07 2015,total RNA,total RNA,Homo sapiens,Slides were read on an Agilent G2505B scanner.  All  experiments were scanned with extended dynamic range enabled.,ovarian tumor 1693,Public on Jan 07 2015,Jan 09 2014,ftp://ftp.ncbi.nlm.nih.gov/geo/samples/GSM1304nnn/GSM1304418/suppl/GSM1304418_B02_251485056102_S01_GE2-v5_95_Feb07_2_Off_1_4.txt.gz,9606,9606,RNA
GSM1304419,Ov_Tumor_Ref_Mix  vs. 1761,106 pooled ovarian samples,ovarian serous tumor sample,GPL6480,Homo sapiens,ovarian,2,,2825 Santa Monica Blvd. Suite 200,Santa Monica,USA,Medicine,jdering@mednet.ucla.edu,UCLA School of Medicine,Translational Oncology Research,"Judy,,Dering",CA,90404,"Agilent Feature Extraced data was imported into Rosetta Resolver version 7.1.1  (Rosetta Inpharmatics LLC, Cambridge, MA). Multiple probes with the same sequence code were combined into a single value using the Rosetta Resolver error-weighted averaging method for combining repeated measures.",41000,,Total RNA extracted using Qiagen RNeasy Kit following manufacturer's protocol.,825 ng each of labeled reference mix (cy3 label) and individual sample (cy5 label) were applied to Whole Human Genome 4X44 microarrays (Agilent G4112F) using the In Situ Hybridization Kit Plus (Agilent) protocol,Cy3,Cy5,RNA were labeled with Cy3-CTP or Cy5-CTP using the Quick-Amp Labeling Kit (Agilent) following manufacturer's instructions,RNA were labeled with Cy3-CTP or Cy5-CTP using the Quick-Amp Labeling Kit (Agilent) following manufacturer's instructions,Jan 07 2015,total RNA,total RNA,Homo sapiens,Slides were read on an Agilent G2505B scanner.  All  experiments were scanned with extended dynamic range enabled.,ovarian tumor 1761,Public on Jan 07 2015,Jan 09 2014,ftp://ftp.ncbi.nlm.nih.gov/geo/samples/GSM1304nnn/GSM1304419/suppl/GSM1304419_B02_251485056103_S01_GE2-v5_95_Feb07_2_Off_1_3.txt.gz,9606,9606,RNA
