probe	symbol
100027	ZKSCAN8
100036	ZNF532
100037	UBE2I
100039	ANAPC7
100052	CAMK1G
100057	EID3
100058	EMC6
100060	ZMYND12
100062	APOBEC3F
100064	EREG
100079	HSPD1
100089	EXD2
100093	GLI3
100100	EXOSC10
100102	AGBL2
100103	GNGT1
100111	KLK7
100120	PGD
100137	PSMB4
100145	UGT3A1
100151	KCNIP1
100159	GAB3
100160	GJB6
100172	HTT
100181	AIM2
100184	ATG13
100195	DYNC1LI1
100214	RAP2A
100215	ZNF160
100244	MPP6
100259	AGBL5
100288	AFM
100289	DEFB103B
100295	CRABP1
100297	TCAIM
100302	ALMS1
100312	SERPINA5
100313	NUDT21
100336	CYP4Z1
100340	KIAA1033
100344	PAPD7
100352	ZNF771
100356	RANBP1
100365	THAP2
100384	CYB5A
100385	ZFR
100405	CEP104
100415	FAM173B
100419	OTOGL
100426	ARSH
100430	MSH6
100431	PEX13
100436	ITGB6
100442	KLF13
100451	ZNF132
100454	PAK1IP1
100455	CENPN
100458	SLC47A1
100460	DDX24
100485	ZCCHC6
100503	SDHD
100510	JAM3
100513	LPAR1
100524	HAUS6
100529	PROM1
100537	CPT2
100543	CARD19
100547	MOSPD2
100552	ATP5F1
100566	RNF8
100569	UGT2B15
100570	ST7
100572	NPFFR2
100575	TRIM55
100583	ACTN2
100591	TMEM55B
100594	LY6K
100596	CEBPG
100628	NPY1R
100629	DYNLT1
100635	WDR89
100639	THOC1
100641	UQCRQ
100645	CCDC110
100646	CLGN
100658	CYP4B1
100659	SYT17
100664	AMZ2
100671	FBXO32
100681	SLC25A43
100687	HRASLS2
100689	BRWD1
100691	OGFOD1
100694	PHTF2
100709	MTIF3
100710	MBNL1
100719	TMEM241
100736	PLCB4
100747	CRB1
100762	LCA5
100765	FUNDC1
100771	EEF1A1
100777	GSPT1
100781	PCDH20
100801	PAX3
100812	FXYD1
100819	MTMR9
100825	FAM219B
100826	ANXA2
100837	GLT8D2
100840	BLVRA
100845	C18orf8
100857	PCF11
100884	INPP5A
100890	OSBPL10
100892	ADK
100935	INSL4
100939	HABP4
100942	MTOR
100943	BSCL2
100945	CLCN3
100952	RTBDN
100955	FTSJ1
100963	FAF1
100969	COQ9
100983	NAALADL2
100989	CPA3
101011	LRRC39
101012	RNF144A
101019	SH3BGR
101020	ANP32D
101026	PPP6R2
101027	CCDC77
101034	SCIN
101039	CHCHD4
101042	VPS13A
101044	ZNF454
101059	LAMA4
101060	PDK4
101068	MEPCE
101070	PTPN2
101072	MEFV
101083	OPLAH
101108	PRKD3
101114	APOOL
101116	NUP54
101120	ACAD9
101125	ARGLU1
101126	FBXW7
101140	CSGALNACT1
101144	TRPC6
101145	UBE2R2
101157	MUC4
101173	ARHGAP21
101185	ABHD3
101193	HIST1H3A
101194	C2orf42
101196	ADAR
101213	ATPAF1
101231	LGSN
101242	HECTD2
101251	RAX
101255	RNF149
101260	C12orf76
101266	SRSF10
101269	HSD17B3
101293	VPS35
101300	NIN
101331	PCDH12
101333	ZSCAN16
101339	SLC35A4
101347	IQCG
101365	RPS23
101368	SPTY2D1
101370	RNASEH2A
101377	CIDEB
101381	CINP
101391	CBLN1
101395	KLHL31
101397	INTS6
101403	KCNJ1
101413	ECM2
101441	EIF3E
101444	NFKB2
101446	CST1
101482	SUN3
101487	CHST5
101499	SIGLEC9
101506	NIM1K
101509	MTIF2
101511	ARHGAP15
101518	TEX35
101520	PSG5
101526	MAST2
101527	CCDC144B
101555	MCMDC2
101559	RAD9B
101566	SLC44A3
101569	KRTAP1-3
101570	SCAMP1
101574	MYLK
101588	RNF7
101589	ZNF141
101594	INO80E
101597	REEP2
101598	CYP7B1
101603	TMEM57
101611	GPN3
101641	ATG5
101645	SP140L
101648	SLPI
101654	NRL
101655	TAF1A
101663	BEST3
101670	CRTAP
101676	SMG8
101678	MCM9
101680	FKBP1A
101686	AKIRIN2
101693	DDX23
101695	LINC00864
101703	ANKRD44
101721	AGMO
101722	GUCY2C
101738	PDGFRL
101742	GRIN2B
101754	TM9SF4
101759	SRC
101762	PRAME
101781	SNX5
101798	S100A9
101800	BARX2
101802	ZNF480
101835	FOXN3
101845	THAP10
101855	C9orf40
101860	USH1C
101862	SMIM3
101863	OR9A2
101867	SNRPE
101878	MYBPC1
101887	N4BP1
101893	NRDC
101912	SERPINA10
101917	CXCL11
101929	EGR2
101946	COMMD7
101955	SLC35F5
101958	SLCO3A1
101965	SLC25A17
101973	GNG11
101974	RBM39
101979	CRYZ
101980	HAT1
101985	CCT6A
101987	KLHL20
101998	OR11L1
102010	NOL4
102013	ST8SIA1
102036	SLC9A6
102040	KLF7
102049	TDRD9
102060	LILRA3
102063	OARD1
102081	NR4A3
102085	DIAPH3
102090	WWC2
102108	NMU
102116	MTERF1
102117	MS4A6E
102125	DNTTIP1
102126	CMYA5
102133	POGLUT1
102135	SIX4
102137	RSC1A1
102140	GPR17
102161	RHOF
102162	FAM86C1
102174	CSAD
102175	ACTR5
102177	CCDC102B
102183	MARC1
102204	C3orf67
102205	CLIP3
102207	STX18
102211	PMS1
102213	TECRL
102218	ACLY
102229	TCFL5
102233	TMEM109
102234	CASR
102236	C2orf42
102241	ITGBL1
102244	TAX1BP1
102257	HNRNPC
102263	IL17RB
102267	SS18L2
102286	GALNT5
102305	DTD2
102314	CD209
102334	BANK1
102335	FAS
102338	ZNF117
102344	PANK4
102347	MIA2
102348	CAMKMT
102355	FAM156A
102384	ADAM28
102396	FAM104A
102403	JADE3
102421	NEUROD6
102437	CSTA
102438	VAV1
102450	CADM2
102451	TMOD1
102454	PPP4R2
102465	ISCA2
102477	UTS2B
102483	CYCS
102491	SLC35E2B
102503	LSM3
102506	OR8H2
102523	FOXJ1
102551	ZNF207
102558	ANPEP
102559	PSME4
102563	ZCCHC9
102571	YBEY
102572	CEP83
102581	MTRF1
102592	PPP6R3
102596	ASAH1
102597	KCNF1
102598	GFOD2
102610	NMNAT1
102622	LRRC14
102623	KLHL6
102627	PEX7
102632	MRM2
102661	COL9A2
102664	NOL10
102667	VWCE
102684	CCDC83
102688	IQSEC1
102693	FATE1
102700	FAM84A
102709	BLMH
102711	SFT2D3
102718	MAPKAP1
102723	NUP37
102727	ATG12
102730	GALP
102731	SPTBN1
102732	LRPAP1
102734	SBSN
102753	TVP23B
102759	DRD1
102776	TRAM1L1
102783	HTATIP2
102786	RTEL1
102788	SRM
102789	CFAP161
102820	C6
102824	MINK1
102828	PPP2R1A
102836	ADGRD1
102841	SRP9
102845	APTX
102848	MFHAS1
102862	TEX9
102875	PRELID1
102878	PDE7B
102888	WBP4
102896	NRIP3
102899	RABEP1
102904	DIAPH1
102907	INTS8
102910	DNAJB12
102914	GABRD
102915	BLK
102916	ZNF662
102924	ALOX12
102926	SERPINE1
102937	PNRC1
102959	KHDRBS3
102967	ATP2B1
102971	SLC29A2
102972	LIN7B
102973	KCNN2
102988	FANCL
102999	CCDC144A
103002	FLNC
103003	MYO1A
103010	RCHY1
103013	LRIG2
103021	MYCBP2
103022	PTGFR
103034	API5
103043	ATAD5
103069	CTNND1
103080	STKLD1
103097	RPL39
103100	PDLIM5
103105	RHOBTB3
103109	HOOK2
103111	C22orf23
103113	USE1
103152	HDX
103153	BRSK2
103159	CYSLTR2
103164	IL12A
103185	HNRNPUL1
103206	DDX17
103211	ARMC6
103225	FUCA2
103227	ACOT12
103235	PLEKHH2
103239	PPP2R2B
103254	IRS4
103273	GINS3
103288	OR52H1
103297	TULP2
103301	RHBDF1
103306	COMP
103310	DNER
103318	VASH2
103341	ABHD14A
103344	TAF1L
103350	DCXR
103367	VCX3A
103382	LDLR
103392	TDP2
103395	CTAGE1
103396	MAML2
103403	ADRA1D
103404	ABCC2
103406	BTN2A2
103415	EXOSC1
103418	PMS2
103423	UQCR11
103430	CLEC4G
103431	CDC26
103440	ADCY10
103441	SAYSD1
103444	IL17RC
103451	CHMP1B
103457	KHNYN
103458	SOX7
103461	HIST1H2BF
103463	PEX16
103474	B3GNT9
103475	VPS53
103476	SETD2
103481	TSR1
103492	SNX7
103516	FAM65A
103520	PRMT3
103522	KIAA0040
103524	ZNF560
103532	SPATA18
103547	GPC3
103552	HECW2
103554	CLDN12
10355470	ZNF468
103558	THPO
103562	ACRV1
103563	AGBL3
103564	WNT1
103567	GHSR
103579	UFL1
103586	APOBEC4
103587	FGFBP2
103589	CXCR3
103604	PRKD2
103612	DYNC1LI2
103613	MUC20
103617	AZI2
103618	DNAJB4
103625	KHDRBS1
103627	MAGEB6
103640	TAS2R40
103641	PWP2
103644	GSKIP
103651	GOPC
103659	SLC26A5
103666	NRAS
103677	CAPN15
103678	SSTR3
103682	AP1M1
103690	ABCF2
103693	C2orf47
103694	HMGB1
103696	HSPA4L
10370245	STUM
103703	PHKA1
103705	UCHL3
103717	CTSZ
103720	TRIP12
103746	ZNF79
103752	AMOTL2
103754	IGSF6
103764	EMSY
103769	RANBP6
103775	AUNIP
103786	ISLR
103792	OR13H1
103793	FAHD1
103802	AXDND1
103810	SLC15A4
103813	OLFML3
103829	BEND6
103843	ARID1B
103851	INIP
103866	CAPN5
103867	ZNF83
103870	SLC12A6
103875	N6AMT1
103877	KCTD20
103883	CCDC117
103885	NEK10
103888	CYP3A4
103896	ZNF239
103910	C9orf78
103913	CAMTA1
103918	CATSPERB
103919	PIK3CD
103921	PLPPR1
103928	FAM101B
103931	ADNP
103950	FCER2
103958	BEST3
103970	MIGA2
103975	NKX2-2
103999	LITAF
104009	GABPB1
104013	SGPL1
104033	OLFM3
104054	CDC42EP3
104059	ELAC2
104062	BIRC5
104079	DPH2
104081	IP6K3
104096	DNAJC30
104099	CEP89
104115	VPS4B
104116	ZMAT3
104119	FJX1
104123	C10orf12
104128	HOMER1
104131	PDIA3
104139	SDHAF4
104142	AGO1
104157	PEMT
104158	DSC3
104166	CDC42SE2
104172	ADAMTS13
104186	FAM181A
104189	NNT
104196	PSME2
104200	TRAPPC2
104207	PHF20
104213	ZNF274
104215	CAPN6
104218	VSX2
104220	RPH3AL
104225	HSD17B12
104245	PSMC5
104254	PTDSS1
104259	NIPA2
104260	MRPL57
104276	CLEC4E
104280	GMEB2
104287	ZNF100
104294	SLC1A2
104309	MAPK15
104322	TRIP11
104328	SMARCA1
104331	SNX29
104341	FAU
104346	PINX1
104351	PRIM2
104353	TP53TG5
104360	SH2D2A
104372	IK
104377	MTA1
104379	IFNA17
104384	F13A1
104387	PAK2
104402	KLF10
104424	TRPC4
104427	ENY2
104431	MRPS18B
104447	FOLH1
104454	MYH13
104456	RPS8
104458	ELAC1
104469	FAM129C
104475	WIF1
104484	FAM98B
104490	TCF4
104499	KRT9
104504	SERPINA1
104510	TPRG1
104511	UPRT
10452548	BTLA
104531	CDR1
104539	CLEC1A
104547	TMUB2
104549	SYDE1
104557	ARSB
104562	VPS4A
104566	ZC3H14
104572	KIF27
104577	CYP4V2
104588	NUDT14
104594	RPS3A
104610	PYGM
104615	PIK3AP1
104621	RNF146
104627	FAM204A
104634	CAPSL
104638	SMS
104641	PAN3
104648	SLC10A1
104651	WIPF2
104667	UBE2E1
104683	SRSF3
104690	SMNDC1
104697	DPM2
104701	TEX12
104708	ARMC4
104709	GJB1
104711	CEP95
104723	BCL2L12
104741	GALNT2
104742	CHAF1A
104743	GIT2
104745	INPP4B
104750	LRRFIP1
104760	BSPRY
104762	LENG1
104764	MVB12A
104770	BEX2
104771	IL18RAP
104774	MRS2
104777	ATP6V1C2
104782	ADSL
104785	PAPPA2
104791	ZNF182
104824	IPO11
104861	UFD1L
104870	PDXDC1
104878	PGK2
104890	ADO
104900	DNAAF2
104921	ATP6V1G2
104925	KIAA0513
104926	KNDC1
104932	SIGLECL1
104936	HRC
104942	BIVM
104945	THRAP3
104948	NPHS1
104955	SPAG7
104984	TMEM26
104988	COPS3
104996	MYZAP
105004	KCTD12
105010	RFC3
105011	DEPTOR
105014	KNL1
105018	TMEM187
105029	CALCRL
105030	XPO1
105040	VPS16
105053	MNAT1
105056	HMGN1
105061	COBLL1
105064	PEX12
105079	DENND1A
105080	STX6
105091	CSTL1
105093	SKIL
105095	CCDC93
105105	S100PBP
105113	DOCK5
105114	STX19
105117	TEF
105119	TK1
105120	CLK3
105130	CYP2S1
105151	TNFRSF11A
105152	WNT2
105160	CFAP65
105165	PSMD3
105173	GIMAP7
105195	ASCL1
105197	AGTR1
105208	NAA20
105226	DNPEP
105239	COPS4
105249	CCR8
105258	COL6A2
105260	SRPK1
105266	SYNJ2BP
105271	NME4
105274	TAPBPL
105288	FAM207A
105298	SF3B4
105301	BRS3
105321	ADGRD1
105334	FARSA
105346	HIST1H2BO
105348	CWF19L2
105351	EIF2AK3
105353	TMC4
105355	CDKL5
105365	STYXL1
105368	CD200
105371	ASPN
105376	SHPK
105377	CTH
105380	NETO2
105383	BRE
105390	FOSB
105391	NTHL1
105398	MDM2
105403	ASB15
105404	NAT10
105408	PDE9A
105409	LAMA1
105415	PCDHA12
105417	C14orf93
105418	IGSF3
105421	IPCEF1
105423	H2AFZ
10542768	SORCS3-AS1
105430	LTN1
105434	C15orf57
105435	ABHD12
105447	AVPR1A
105450	PIR
105455	FAM200A
105457	CLPB
105463	CAB39
10548782	KCP
105493	COL1A2
105497	RRAGA
105499	LRRN2
105507	MNAT1
105515	MEGF6
105520	SEL1L
105525	TMEM43
105530	PCBP1
105533	MDM1
105539	KRT8
105544	AFF4
105550	APTX
105554	ACMSD
105555	NTPCR
105559	TERF1
105562	TTC27
105566	IL10
105567	GYPA
105575	ZMIZ1
105582	ATP8B4
105591	CNEP1R1
105602	NDUFB4
105603	SPOCK2
105614	FBXO11
105615	SMARCAL1
105616	TNFRSF11B
105627	ERBB2
105643	MRPL40
105646	TRPM4
105655	PCDH19
105672	CDC20B
105680	OR5V1
105686	SMIM12
105689	RPS9
105692	ZNF670
105700	AMZ1
105711	MAPK8
105722	HOGA1
105724	RHCG
105728	HMGA2
105731	MC5R
105743	DIS3
105744	MAGI2
105746	PANX2
105748	PROCA1
105763	APOA4
105772	IL12RB1
105773	IL31RA
105790	CTSS
105793	PNN
105801	FGF14
105802	TNPO2
105805	RNASE11
105808	TLE1
105811	MIEF2
105812	NAT2
105816	RPS12
105822	SWAP70
105835	TRIM41
105837	MAGEL2
105861	TRIM3
105863	HIST1H1B
105864	WDR82
105868	TOMM34
105869	THAP1
105874	RASD2
105885	CLASRP
105886	OR51F2
105895	CHRND
105900	KRCC1
105903	SNUPN
105909	ZFP14
105914	ZNF326
105931	YEATS2
105933	UBE2G1
105946	HTR5A
105950	GRAP2
105954	RNF216
105956	PLA2G2F
105959	TSPO
105973	RPL27A
105979	ZNF764
105982	ZSWIM3
105984	NDUFB1
105988	IRF2BP1
105989	ZNF80
105991	AJAP1
106012	SLC25A20
106014	TBC1D17
106015	BORCS6
106022	GTF3A
106034	ZC3H3
106038	REG4
106063	C19orf68
106067	FOCAD
106084	RASA3
106094	BAZ2B
106095	NHP2
106096	SEC24D
106125	EXT2
106128	IFIT1
106142	CD200R1
106160	PIGR
106161	SYP
106164	NAA10
106167	CWC15
106171	PPIB
106172	VPS51
106187	CDC20
106192	MAP3K8
106198	CENPA
106202	UXS1
106211	AAR2
106212	FAM210B
106226	CASP8AP2
106227	DUSP14
106228	SNX12
106245	FOPNL
106264	AGAP11
106266	RNF182
106273	CD84
106282	SGF29
106304	EBLN2
106306	RINL
106309	CHRM2
106311	ZNF639
106320	CAPRIN2
106323	KLK10
106325	SLC11A1
106328	OR10T2
106334	NECAP2
106336	NUBPL
106341	TXNDC2
106342	GPATCH2
106345	ACAP1
106353	ALKBH8
106355	SSFA2
106362	SMAD9
106369	ZNF556
106373	HIGD2A
106376	NOTCH2NL
106378	P2RX5
106380	TET1
106382	ZFP64
106384	CBL
106393	C2orf83
106407	PARD3B
106409	MRVI1
106426	ARHGEF3
106427	CGNL1
106454	PDZRN3
106461	TSPAN1
106462	NRCAM
106465	CNP
106466	DRG2
106473	HKDC1
106491	ALDH5A1
106497	NMRK2
106502	PRF1
106505	VAT1L
106517	NGB
10651773	OR5K1
106522	AGK
106526	F11
106529	SMO
106534	DHRS2
106551	CNGB1
106552	TPP2
106564	HILPDA
106570	MICALL1
106573	AOX1
106574	CDK6
106596	TACC2
106597	IGFL3
106600	GADD45B
106601	FGFR1OP2
106604	PROS1
106626	EPC1
106637	NOP16
106649	WDR17
106683	ATP8B1
106688	POLE
106712	PREB
106722	UBE4A
106723	PCMT1
106732	ABCA1
106740	GTSF1L
106764	FAM102B
106765	OR52J3
106774	RAC1
106775	FBXO15
106777	THOC7
106787	NT5C3A
106796	ARPC5
106809	RPS6KB1
106827	SRSF12
106846	SHH
106848	SHCBP1
10685079	TP53TG3
106856	SLC22A16
106864	EFCAB5
10687064	C15orf53
10687190	TAS2R20
106874	LEMD3
106876	KIAA1324L
106891	TRAF6
106893	LPL
106895	UBR1
106901	UBQLN4
10690941	EIF4E
106911	CALB2
10692164	RAB43
10693022	RP1L1
106932	PCDHB4
10693399	ZNF678
106937	SH2D1B
10695642	SCHIP1
106960	DYX1C1
106963	SNRNP48
106965	CRHR2
106979	MAP1LC3B
106981	DOCK8
106983	THUMPD1
106985	C1QTNF1
106991	WWC3
106993	FSTL4
10700172	OR2T1
10700437	SH2D4B
107007	CLRN1
107026	PPA1
107034	TMEM59
107040	NSUN3
107045	ERLIN1
107048	BMP5
107050	ZNF256
107053	CHMP5
107057	TLR10
107061	PLG
10706425	LILRB2
107068	RPAP3
107070	SLC38A7
107073	PPP1R1B
107075	PAGE1
10708154	FAM170A
107082	DNAJC28
10708944	CUX2
107094	SLC22A4
107095	C6orf10
107112	TTK
107117	GLA
107124	SPIC
107128	SLIT3
107132	CLTA
107135	FER
107137	KCTD13
10713880	LIN9
107148	PTGER4
107155	TCEA3
10715781	MAP6
107158	ATP6V0D1
107159	TG
107176	RBM18
107178	MTHFSD
107191	ARHGEF5
107193	DDX6
107201	CORO1C
107205	PTRF
107212	SNX9
107216	MSR1
107235	PITPNB
107237	TLR2
107242	TAS2R13
107253	MYOT
107266	PGS1
107275	C12orf60
107283	NSMCE4A
107290	DHX36
107292	SESN2
107302	ZNF189
107304	SKA1
107305	FXR1
107312	SPOCK3
107316	PTEN
107327	RCN2
107328	HSD17B6
107339	GFER
107347	SNTB1
107350	CDK5RAP2
107354	DYDC2
107356	MMP17
107357	RLF
107361	AMBP
107362	RAB5C
107384	LYG2
107385	SLC31A1
107386	RPL34
107393	AUH
107396	ADCY8
107398	DOCK10
107402	DAP3
107406	NDC80
107414	USP11
107416	SLCO1A2
107417	ATPAF2
107428	XPNPEP1
107430	RPS6KA6
107433	ZNF544
107434	ANOS1
107436	LYRM1
107437	DDX39A
107442	KIAA0586
107444	NAP1L1
107450	TMEM80
107454	ARHGAP29
107457	LCN2
107463	COX7B2
107464	USP38
107497	PXDNL
107499	DENND3
107513	SYNJ1
107516	HEATR4
107517	HMGCL
107518	BMS1
107531	CELSR2
107534	RTP3
107539	USP37
107542	ZNF84
107543	ENPP5
107546	KDELR3
107557	GPR182
107565	RPL26L1
107589	RAB40B
107593	ABCA3
107607	GUCA1B
107614	PGAP3
107651	SDR9C7
107652	UQCRB
107655	TOR3A
107656	TTC33
107658	CA3
107675	SERPINC1
107679	SLC18B1
107690	CCNT1
107691	RNF13
107701	ZKSCAN4
107702	FGG
107703	CD28
107705	NDUFB11
107710	HNRNPC
107720	LRAT
107722	CUL5
107729	GRIN3A
107737	KCNN3
107739	BLOC1S6
107741	SIAE
107747	CCT4
107784	FAM135B
107789	POLR2M
107791	TTYH2
107802	C9orf116
107806	UGT1A3
107810	HPRT1
107813	AASDH
107815	IFI44L
107823	TWF1
107824	BOLL
107835	FUCA1
107842	COIL
107867	CDH11
107874	CD164
107876	WDR4
107893	RAD50
107897	PABPC4
107922	ASZ1
107924	BCCIP
107931	SH3YL1
107936	SPAG4
107938	UBR3
107949	STK31
107957	METTL7A
107964	VANGL1
107968	SGCZ
107975	PTPRC
107988	EXT2
107996	PER1
108003	TAAR1
108010	ESR2
108016	ZNF124
108026	RBM48
108029	TCAIM
108038	CDR2
108044	TTI1
108045	KAT8
108049	CNIH4
108059	SORL1
108064	DENND4A
108072	SNX14
108075	HSPA1L
108077	FAM212A
108082	SLC1A6
108084	AQP7P1
108110	CCKAR
108112	RPS7
108119	ADAM19
108125	SPESP1
108144	MRPL13
108145	KIAA1143
108167	TDO2
108175	OTUB2
108201	PHC3
108203	FOXD1
108206	MALT1
108218	AASDH
108223	AMD1
108230	SNRNP40
108231	AHSA2
108241	LDHAL6A
108245	ERCC6L2
108246	FBXW8
108255	OR52N5
108259	OPCML
108266	CLIC5
108274	CNTN4
108279	MPPED2
108283	ROR2
108284	CXADR
108289	XPOT
108298	IREB2
108301	PDGFD
108322	GPX5
108329	LIPI
108331	TAC1
108339	BUB3
108361	PKHD1
108367	RBM4
108383	WTAP
108394	RAI2
108400	SP140L
108418	SAP30BP
108419	SFPQ
108432	FGF16
108448	DHX35
108451	EIF3E
108454	ALDH1B1
108456	CCAR2
108457	CCDC62
108463	INTS6L
108465	PCDH7
108472	SCAPER
108484	EHD2
108488	DARS2
108491	NID2
108492	CPEB3
108497	CLCN5
108501	PLCD4
108510	TRPC7
108511	GCDH
108513	GABPB2
108521	DNAJB13
108523	ZNF430
108526	C16orf45
108532	ZNF225
108534	DUXAP10
108540	FAM71F1
108545	DCPS
108558	OSR1
108560	ZNF668
108577	SRPX
108579	SEMA3G
108594	PGRMC2
108602	DNAJB2
108606	TSHR
108623	C8orf4
108648	KCNK9
108672	HBD
108674	IL12B
108691	METTL5
108702	HBQ1
108704	RNF166
108706	EIF1AY
108716	SUPT5H
108718	STK38L
108723	RSPO2
108736	CYLC2
108742	C8orf44
108749	ING5
108756	MIER1
108761	HTR1F
108769	FEM1B
108775	LHPP
108785	MMEL1
108787	C1R
108789	DSG4
108801	EXOC4
108804	TMEM267
108808	KCNV1
108823	GREM2
108824	CCDC186
108830	GPHA2
108836	RP1
108839	GZF1
108862	KLF1
108876	KLC2
108880	ADGRA2
108883	SOCS4
108887	KMT5A
108888	KIF21A
108921	PHF8
108930	ZNF169
108931	CD247
108934	SOCS2
108940	NDRG3
108944	ATG2A
108955	OCLN
108964	TMEM55A
108969	TMEM92
108974	FUBP1
108977	TESK2
109029	WDR63
109033	CIT
109046	UBE2D4
109048	UPK3B
109051	HGD
109063	FES
109070	ICAM1
109088	HAUS7
109099	ZNF681
109113	GNAZ
109114	PAG1
109118	PKD2L2
109122	SAMHD1
109132	MAG
109147	POLRMT
109150	MAEA
109165	BNIP3
109180	B4GALT3
109186	RAD51C
109189	JRK
109196	TBL1Y
109200	HDDC2
109204	PRSS3
109205	PRSS2
109212	FHL5
109215	CCNG2
109221	HRH3
109229	ZNF440
109238	RBBP4
109240	RUNDC3A
109242	FCRL4
109245	CEP350
109289	GRPEL1
109306	KLRB1
109310	FSD2
109311	APOL5
109319	PCP4
109325	PUM2
109339	COL9A1
109356	KRT23
109358	SPATA2L
109373	MYL7
109378	USP18
109383	DSPP
109385	HLA-B
109390	SETDB1
109394	CWC25
109417	FIS1
109421	AKAP12
109425	RAB27B
109437	ZNFX1
109444	EWSR1
109447	FAM76A
109450	FIP1L1
109451	KIR2DL5A
109498	CRH
109505	CCR4
109511	HCFC2
109524	PPP2R5D
109525	BAP1
109532	GPAT3
109533	ALDH1A3
109537	GSTCD
109539	REL
109540	UHRF1BP1L
109542	VIM
109548	GPR21
109549	KITLG
109552	STOML1
109566	DIS3L2
109598	SLIT2
109609	THTPA
109622	ZNF589
109627	MCHR1
109628	ATP5D
109636	SACM1L
109646	JMJD6
109651	INSM2
109660	DCTN2
109671	CD101
109673	NUDT22
109684	SSX2IP
109689	WDR74
109690	PRPF4
109692	RARB
109699	KYNU
109706	ZFYVE21
109711	TPD52L1
109718	ZNF596
109729	RNF141
109732	HPCA
109737	GNA12
109743	GPIHBP1
109744	ARPC4
109757	ATP6V1G1
109758	MICA
109765	ARHGAP45
109767	ABCC3
109768	HBS1L
109770	RPUSD3
109780	ECM1
109788	PRPS1
109789	SESTD1
109792	FDXR
109802	ASB9
109808	LIPA
109816	BMP3
109821	SYN2
109833	SLBP
109836	TRIM29
109839	ZCCHC11
109841	NPTN
109856	TM7SF3
109858	CD55
109859	AK8
109860	OR6N2
109862	UQCRC2
109865	KIAA1524
109879	TANK
109887	PUF60
109888	SLC22A13
109891	CCDC148
109909	OTOP2
109911	GALR2
109913	DACH2
109918	TAAR6
109922	ADRA1A
109937	FHOD3
109943	IL16
109946	SFT2D1
109949	MGRN1
109956	ANGPT1
109958	BRMS1L
109967	ISYNA1
109981	NCBP2
109992	KLRC2
109998	RAD17
110009	ZFAND5
110014	VLDLR
110033	CES1
110043	RECK
110046	UTP14C
110058	OR2Y1
110063	FUT9
110066	IFT22
110071	CCR2
110074	GM2A
110076	CCDC126
110083	CTNS
110104	HMGCS2
110133	MOCOS
110140	FAM72D
110143	MYOZ3
110153	SLC35E1
110154	IFNA8
110160	TTLL9
110170	BTNL3
110171	FXYD7
110172	SLC6A19
110176	SPPL3
110179	DCP1A
110188	FAM212B
110198	NAT6
110205	SNRPF
110210	SPIB
110227	PAX7
110235	PRKAA1
110236	C5orf51
110237	ALS2CR11
110240	TRIM31
110243	LAP3
110254	MARK1
110269	GRIA2
110310	TRIM56
110323	SIM1
110329	SYNC
110349	HOXA11
110350	EPT1
110353	TIE1
110359	ZNF555
110362	C10orf82
110408	ZFAND1
110411	CSGALNACT2
110415	PON3
110417	PDPK1
110418	AVIL
110431	KDM5D
110433	IL20RA
110449	ROPN1B
110453	IL4I1
110458	CC2D2B
110460	SESTD1
110461	ZNF502
110462	TNFRSF14
110469	DNAJA4
110475	C6orf15
110477	RFTN1
110488	FAF2
110496	DYSF
110512	ACAD11
110525	COA7
110527	OR6S1
110537	ZNF623
110548	FGFR2
110551	SAXO1
110557	FXYD6
110560	SLC4A3
110562	POP4
110569	DCD
110570	COL5A1
110571	SPRR2D
110573	SPATA7
110576	RYBP
110587	EPB41L3
110594	ZC3H12B
110597	BROX
110602	CHST15
110609	CYBB
110611	EGFLAM
110614	KRT73
110615	DLX3
110649	GPR137B
110654	MON1A
110661	PAX8
110662	LYPD2
110675	BRIX1
110677	FKBP6
110689	PSMD7
110692	LRIT3
110695	ADAM12
110703	LAMP2
110709	FCRLA
110721	PLXDC1
110722	VSNL1
110732	NRG4
110763	MPHOSPH10
110767	CCDC181
110772	COL19A1
110781	ATP13A1
110790	ARHGAP17
110791	AARS
110798	TGFBR1
110801	STOX1
110807	ATP6V1E1
110809	NLGN1
110810	CRISP1
110819	MARCH2
110829	PPM1G
110852	ELP4
110855	ADCY2
110857	LRP12
110863	CCNA2
110867	NUPL2
110876	GUCA1A
110884	NR3C1
110889	PACSIN3
110897	DNAJC5G
110900	KCNJ15
110905	TBRG1
110909	MAGI1
110914	SLC25A11
110915	IL17C
110926	FBXO33
110931	POLR3E
110932	FAM58A
110933	LOXL2
110953	LRSAM1
110971	SLAMF8
110983	MFSD12
110988	IFT52
110990	ANAPC10
110995	LZTR1
111003	CASD1
111008	ACO1
111014	STK36
111016	PAAF1
111019	NDUFA5
111032	P2RY13
111052	DVL2
111056	TNP2
111057	GABRQ
111068	CSF1
111079	VSIG4
111085	KCNIP2
111095	DAAM2
111097	BPIFB4
111111	ITPR1
111127	TAS2R16
111134	THOC3
111139	HMCN1
111148	C12orf66
111149	RPS11
111164	NAIF1
111177	RORB
111179	ADRM1
111199	KIF5B
111202	HMG20A
111213	PDE1C
111229	MMP27
111239	TES
111253	FOXO4
111257	MDK
111265	PHTF2
111269	SLC45A3
111278	EED
111292	DIMT1
111306	COL4A2
111334	LAMC3
111338	QSOX2
111340	ARMC12
111342	METRN
111345	FLNC
111356	NFKBIA
111362	LIMD2
111365	PRSS1
111370	FOXB1
111374	ARRB1
111378	KIR3DL1
111380	OR5AU1
111384	OR2A14
111389	NOX1
111408	RITA1
111424	FASTK
111427	OVGP1
111441	PCDHGA8
111447	BCAN
111458	GJD4
111473	DAPK2
111476	SYT2
111478	NAT14
111479	MCF2
111483	STOM
111487	IDNK
111499	EPS8L2
111501	PTPRT
111502	PHF14
111503	PAX9
111511	ZNF785
111518	STX17
111525	ANKS3
111527	TBC1D9B
111529	CLUAP1
111542	SASH3
111545	GZMM
111550	HIST1H4K
111556	PSIP1
111573	COPZ1
111587	ALKBH7
111605	KCTD6
111606	TBX15
111620	DIO1
111636	PPIC
111639	HOXC4
111645	C7orf25
111662	MYL5
111671	ZNF414
111681	ACOT7
111685	KPNA4
111689	TXNDC16
111700	NCAPG
111702	TECR
111712	PSMD6
111724	PNMA6A
111733	FOXF2
111735	MAP3K6
111742	C4orf33
111744	RIN2
111748	HTRA1
111749	ZBTB22
111774	DEC1
111783	CCDC9
111787	ARHGAP24
111793	NEGR1
111794	QRFPR
111796	CCDC80
111805	POU3F4
111806	CFAP65
111807	ASF1A
111812	WHSC1L1
111836	FAM3C
111838	PPP1R10
111844	HIST1H2AK
111849	PARPBP
111857	ZBTB10
111860	SLC25A2
111880	SAMD4B
111895	APOO
111899	SLC25A6
111900	FAM134C
111904	GATM
111907	CDH6
111908	PRKD1
111916	AKR1C4
111918	SFTPB
111923	VPS29
111927	STS
111929	EDAR
111931	SLTM
111933	C1orf159
111934	ZNF513
111955	NR2F2
111974	MS4A10
111979	KIAA1429
111980	LAMP5
111981	FAT2
111987	DNAJB9
112005	LY6G6C
112025	RPP25L
112044	NCLN
112045	BMP8B
112049	C1GALT1
112052	AP1M2
112056	UGP2
112057	UBE2B
112058	RAB8B
112066	TXNL4A
112069	KNG1
112075	ASTE1
112076	CEP97
112081	POLQ
112089	PRO2012
112090	CERKL
112092	FNDC3B
112102	C9orf43
112106	CCRL2
112107	R3HDM4
112110	SETD2
112111	MLANA
112112	NUP43
112123	NUP210
112126	POLR2L
112130	CLN8
112131	ZNF322
112158	ANTXR1
112180	MADCAM1
112181	NUP133
112182	MAP2K4
112185	NT5C
112188	FAM210A
112189	KCNA6
112193	SCARA5
112194	PCK1
112201	ADH1C
112208	RXFP2
112214	HSF1
112217	IL25
112224	KSR2
112225	GID8
112227	MRGPRF
112235	RNF39
112237	MCFD2
112240	RNASEL
112248	CLEC10A
112249	MTR
112257	ATP6V1G3
112276	CPXCR1
112281	NRSN2
112284	LRRC25
112285	KRTAP9-9
112290	MCM3AP
112291	KLK14
112304	GLRB
112312	MYCBP
112323	CNTNAP2
112342	CEP57
112346	BCS1L
112354	GRM2
112355	DPYD
112357	RMDN3
112368	TELO2
112373	NUP214
112377	TRMT13
112379	C19orf54
112383	PSMD4
112410	RABEPK
112415	UQCC2
112430	ZNF358
112432	TET1
112440	WIPI1
112443	GP9
112458	JAK2
112462	BLOC1S2
112463	STAP1
112464	ARL9
112467	SPPL2A
112470	RNF183
112476	RRAGD
112482	EIF4G3
112488	NRIP1
112499	TTC30A
112509	TMIGD3
112516	SNAPC4
112524	CHST6
112528	SLC39A12
112531	MICALL2
112545	ASH1L
112547	MFAP5
112548	WWC3
112555	WDFY1
112557	CGB7
112560	GGN
112566	LOC100996724
112567	PTAFR
112568	CPPED1
112571	AMPD2
112574	TACR1
112577	RPS28
112586	LGALS2
112591	ADGRG3
112598	BBS4
112601	THOC6
112606	EIF3D
112609	GNB1L
112612	RBP2
112620	FBP2
112622	ODF2L
112624	LONRF1
112626	MAP7
112640	MMP9
112645	KCTD8
112648	MED24
112658	KCNH7
112661	SPTAN1
112668	HIST1H4D
112673	PLPPR3
112676	CEACAM4
112686	UBR3
112696	DPF1
112698	BCR
112710	BTC
112712	SLC1A6
112718	WDR1
112721	BCO1
112723	MAN2A2
112725	RANBP3
112727	PLPPR3
112730	CXCL14
112732	PEX11G
112734	ZGPAT
112746	RNF185
112755	SERPIND1
112763	SLC9A7
112767	NPBWR1
112769	NDE1
112771	FXYD5
112773	PCYT1A
112774	MCM8
112778	SLC23A1
112781	KCTD8
112793	OTX1
112798	ALG12
112799	KIAA0825
112800	TGM3
112803	ZNF25
112804	NET1
112810	SREBF1
112812	SPATA8
112831	CELA2A
112846	BEST1
112861	NKX2-1
112871	IL26
112880	ZNF384
112886	CDON
112888	IFIT1B
112896	FAM166A
112908	DXO
112910	TRIP10
112914	TBC1D22A
112918	IFT27
112921	FAM83A
112923	MAP2K2
112934	SMPD3
112941	ENG
112942	WLS
112968	HHLA2
112981	PTS
112994	OXGR1
112997	CDKN2C
113024	GPLD1
113038	DOCK11
113042	FGF2
113059	EHD3
113067	SAMD10
113079	MAN2B2
113083	CMTM4
113090	TMEM258
113091	CNNM4
113095	CHCHD6
113100	CENPV
113110	TCERG1
113113	TCF7L2
113118	CRNKL1
113124	TARSL2
113125	TSC22D2
113126	PMP2
113128	VPS13D
113129	RBMXL2
113130	PBRM1
113147	MAGEC1
113151	PAGE5
113154	CHORDC1
113157	SNN
113162	FAM71C
113190	LILRB3
113197	PELI1
113211	ACSM3
113212	C14orf159
113221	SRSF8
113222	NCKAP1
113230	KRTCAP2
113231	PODXL2
113244	CCL1
113257	ZDHHC1
113259	CRYGS
113261	SCUBE3
113262	COL3A1
113291	MAGEB1
113302	CDK16
113317	CSPP1
113324	UBR5
113335	APEX1
113338	JARID2
113353	BAG2
113356	RPAP1
113377	CHN2
113380	PRELID1
113393	AHNAK
113396	IFT172
113404	PRDM5
113407	TMEM155
113421	LEPROT
113428	UBD
113462	GIMAP2
113464	ZC3H12A
113467	EPB42
113482	ABCG4
113484	SP110
113507	DIS3L
113510	HS2ST1
113518	TTN
113534	MYCT1
113536	PPIF
113538	DOCK9
113556	SPEF2
113558	SLC7A10
113560	ZWILCH
113570	AIMP1
113573	MVK
113575	BCR
113583	TUBGCP3
113585	FILIP1
113598	CPB1
113600	MTRF1L
113619	ZSCAN29
113628	STARD7
113632	MVD
113643	IQCF2
113651	RPS15
113657	TPK1
113660	SRP14
113674	NEUROD1
113678	CAD
113680	SENP2
113681	PIN1
113683	AP1AR
113696	SERPINB9
113701	RGCC
113710	SIX1
113714	LDLRAD4
113716	TNFRSF25
113717	FREM1
113725	RTF1
113729	ANXA1
113737	TRIB3
113746	MS4A8
113751	RCOR2
113757	RHOT1
113764	TOR1AIP2
113795	CCL13
113797	GFPT2
113803	ZNF177
113815	PHF21B
113816	ASB13
113820	SERTAD3
113837	KIR2DL4
113852	ATG14
113855	GAREM1
113861	CRISPLD1
113868	TMEM170A
113888	KRT19
113895	SYNPO2L
113902	SERPINB6
113904	TCTEX1D2
113912	SLCO1B3
113921	NELFCD
113933	IL23A
113939	PYHIN1
113948	THADA
113952	CHIC2
113959	PPCDC
113962	RPGR
113975	UTP14A
114000	NCBP1
114008	CREBBP
114009	DCP1B
114012	TFEC
114013	ARSD
114014	CHST11
114017	HNRNPH3
114037	CDKL3
114040	CYB5R1
114063	AMFR
114070	ACSL4
114082	CYP1A2
114086	C19orf35
114096	RPP30
114097	CLP1
114098	RBP4
114126	EBF3
114130	UBAC2
114133	DCBLD2
114136	CASP7
114141	SCGB3A2
114154	TTLL1
114175	TBC1D29
114179	MB21D1
114180	ASPH
114188	S100B
114200	DZIP1L
114206	SLC9A3R1
114207	RPS29
114210	MLNR
114219	PSG6
114220	BEST4
114224	PDAP1
114228	MST1
114236	MSH5
114238	KLKB1
114240	ELAVL3
114257	BSG
114265	TMEM89
114277	HLA-DPA1
114281	KCNE1
114284	CORO1A
114285	KLHDC4
114289	PALMD
114291	TIMM44
114296	NTM
114299	ADAMTS19
114301	TBC1D25
114304	HOXC13
114317	RALA
114319	LDOC1L
114322	PITPNM2
114335	EFHD1
114348	THAP9
114355	SPCS3
114356	ACSL3
114366	ANKS1B
114367	CCSER2
114369	HOXA9
114371	SELP
114376	TRMT12
114391	ZNF711
114398	LRRC4C
114406	KIF1A
114409	ATCAY
114422	COLEC12
114423	GCNT1
114429	KLHL4
114433	SLC27A6
114444	KIAA1456
114452	ZFAND4
114457	POLE4
114458	AGPAT5
114469	ABHD17B
114474	HEPH
114480	DHFR
114492	PAIP2
114499	MED30
114500	C17orf80
114510	AKTIP
114529	XAGE3
114534	LPP
114535	PHF7
114538	POLR1B
114539	EPB41
114557	PCDHB12
114559	ARL6IP5
114576	PRIM1
114581	LMAN1L
114583	CPN1
114584	ATAD2
114585	LRRC74A
114593	PPIA
114604	FBXW2
114607	PPP1R21
114618	IGSF8
114621	MKNK1
114623	ILVBL
114627	CORO7
114635	TMEM119
114645	EN2
114650	SERPINB5
114661	HNRNPA0
114663	LCP2
114670	P2RY14
114675	GNB4
114678	WDR62
114680	STAC3
114689	PPP2R3A
114691	EMILIN3
114692	PROK1
114699	ARL6IP6
114701	RAB28
114707	SEC63
114713	DLG2
114728	FUT10
114731	INTS9
114736	ABCC11
114744	HIRA
114747	TMBIM4
114758	NUFIP2
114764	METTL14
114765	HBS1L
114768	TUBD1
114782	CEP41
114784	COL5A2
114785	SH3BGRL2
114791	ZNF652
114799	EBF2
114800	KLK1
114804	TWF1
114806	LRP12
114812	KRT18
114814	OR51B2
114822	BDKRB1
114833	IFNA5
114837	SLC5A7
114839	JMJD7-PLA2G4B
114842	CTCF
114843	ATP6V0A2
114849	MEMO1
114855	PLPP7
114863	LEXM
114866	ORC6
114868	FNBP4
114875	PCNX2
114882	KIAA0907
114885	NPTXR
114890	IL17RD
114892	CDAN1
114895	UCK2
114901	SYNM
114902	PNPLA6
114904	DMKN
114911	ZNF775
114919	LRP2
114924	GLDC
114939	SLC8A3
114945	ABRA
114948	NUP50
114958	HTR7
114985	FAM78A
114993	TMSB4X
115004	NEK2
115008	TXNDC11
115013	GPR65
115022	SLC30A1
115034	USP25
115039	SNX27
115053	BET1
115055	SOWAHC
115073	ZC3H14
115087	MAP3K7CL
115103	PUM2
115111	ATM
115114	DNAJC15
115141	COG7
115147	IL32
115148	KCNJ2
115154	TCN1
115163	C12orf65
115165	ZNF649
115171	PAXBP1
115178	TRAF4
115181	CES1
115184	SYF2
115186	SLC2A13
115200	PEX5
115220	ZDHHC2
115237	OR1A1
115241	C18orf54
115244	TBC1D32
115249	SRSF5
115257	TECPR2
115267	RNF17
115270	RCBTB2
115295	DZIP1
115298	NR2C1
115313	LRRC1
115317	INTS12
115323	CHEK2
115338	CTNNA1
115339	C1orf123
115345	DACT1
115349	ZNF277
115353	DUSP6
115354	KIF4A
115368	AP2A1
115370	BNIPL
115381	UBE2S
115384	ENOSF1
115385	RRP1
115387	COL23A1
115390	APOC2
115397	RTN4R
115399	ZNF395
115402	MSC
115411	HERC6
115418	LZTS2
115422	ARL6
115423	DLX2
115431	RASD1
115438	SPCS2
115454	PSG11
115455	RAB28
115462	TTC29
115464	KATNA1
115485	FAHD2A
115487	RAD54B
115495	C9orf50
115497	CSMD1
115498	CDK5RAP1
115499	FAM126B
115500	SLITRK5
115502	CMC2
115522	GMPS
115526	THRA
115527	ACBD5
115543	HELB
115545	IL6ST
115555	TMEM11
115556	LMLN
115568	ZBTB16
115582	PDGFB
115585	HPN
115588	LRRC46
115589	MCM4
115590	ZSCAN1
115595	BATF2
115598	HMGB4
115601	L3MBTL1
115605	CLIP2
115613	DROSHA
115632	CACNA1G
115636	HOOK3
115643	COL6A3
115649	TRIOBP
115652	IL5
115653	EDF1
115670	FAM9A
115673	NDUFA2
115680	PSME1
115704	TBCB
115708	KIF2A
115725	KANK4
115729	ALAS2
115751	KANSL1L
115752	PDCD5
115761	ARL1
115763	OSBPL11
115764	NELL1
115766	MIGA1
115770	MLF1
115799	RSBN1L
115807	ECHS1
115809	SCML2
115827	AXL
115831	PPIL6
115837	NSUN6
115847	MS4A1
115882	CHP1
115883	ABCC2
115888	PEX1
115901	ZNF776
115905	UGGT1
115907	ELF1
115910	AIDA
115917	SON
115919	PPP1R8
115921	BOLA1
115922	PROSER1
115924	SESN1
115926	DHCR24
115927	ACTRT3
115928	NIN
115931	ELSPBP1
115948	GRHL1
115964	ARR3
115966	LRRC59
115969	UBE4B
115975	ALCAM
115993	TBX3
115998	STARD10
115999	MAPK13
116009	PRDX5
116020	ITGB1BP2
116030	GNA13
116034	PTPRM
116039	CDC40
116049	PARD3
116068	XIRP1
116074	OR51I1
116083	GABRG2
116092	PCDH10
116105	NMT1
116108	C19orf52
116122	MYO3A
116126	TBCD
116132	PLN
116140	NLRP1
116145	POLR1D
116147	CNOT3
116150	TSPAN8
116169	GFRA4
116176	MYH3
116187	CDC5L
116192	CYBRD1
116198	HSPA9
116205	ERCC1
116206	HNRNPU
116212	NPC2
116214	NELL2
116215	ITGA10
116222	OBFC1
116237	MKLN1
116243	DNAAF3
116246	TAF7
116254	RPL37
116259	RPL3
116277	PSMC3
116303	SULF2
116304	FASLG
116310	MAGIX
116316	RCC1L
116321	BCDIN3D
116331	STX2
116347	DNAJC25-GNG10
116349	C19orf12
116367	CYB561D1
116372	PLEKHA7
116397	FKBP10
116404	RASA1
116407	HNRNPK
116410	CDYL
116411	POLR3G
116420	C5orf45
116423	GARNL3
116432	HUS1
116433	PSENEN
116441	LTBP2
116454	ZNF708
116456	ZNF709
116466	ZNF398
116499	ASB10
116510	MAGEC3
116530	EIF2B3
116538	AP3D1
116540	OR1N2
116549	MFN2
116550	SPAG11B
116559	PLEKHA4
116560	NIPSNAP3B
116562	CABP2
116571	CASQ1
116577	LHX4
116584	CDHR3
116588	HSD17B14
116600	GSTA3
116603	DYDC1
116607	NMBR
116621	CCDC28A
116629	CST9L
116635	PFKM
116672	CRY2
116678	FBXO9
116682	ANAPC16
116692	PART1
116695	DNAJC1
116706	MATN3
116725	ATL3
116776	ARHGEF19
116777	ZBED5
116785	DAB2IP
116787	TMED6
116793	RGS2
116796	NKD1
116800	GSX2
116804	PTPRA
116812	MYL3
116818	ICAM5
116820	RAB7B
116821	TP53I13
116825	PKIG
116834	SMPDL3B
116838	PDDC1
116850	MAPRE1
116867	ADI1
116868	WDR53
116877	KIF17
116882	NFE2L1
116883	IVNS1ABP
116891	FGF4
116895	DHRS9
116902	CWF19L2
116907	ZNF236
116913	TPD52
116915	LRRN1
116916	SHB
116930	TOP2B
116932	PALB2
116936	FAM13A
116937	TPPP2
116941	NSFL1C
116946	AZU1
116958	SLC5A4
116962	GOSR2
116963	TFAP2E
116964	PES1
116971	TMEM67
116986	WDCP
117014	CFAP43
117028	FOSL2
117043	ANKS6
117044	GSDMD
117048	MRPL11
117055	CFAP58
117064	GNS
117067	PRRX1
117076	ZNF460
117083	HIST1H2AA
117093	MLIP
117096	LIF
117099	POP1
117100	C19orf57
117132	TSC22D1
117141	MOCS2
117142	PITPNC1
117149	ZNF768
117158	PHYHD1
117163	CDK2AP2
117167	AHSA1
117180	MAN2A2
117183	FKBP5
117196	UFSP2
117210	UBLCP1
117215	ZNF19
117219	NMI
117228	FXR1
117232	MYH2
117233	RAB30
117257	ZFP37
117261	FST
117267	CYP11A1
117279	ALPK1
117299	RELT
117300	RPL14
117314	CNOT7
117320	IMMP2L
117334	PHLDA3
117340	DDB2
117345	NEB
117353	AGGF1
117368	CARD10
117382	RSRC2
117386	DMD
117418	SEMA4C
117422	IVL
117425	LYZ
117428	OGFRL1
117435	EP400
117437	TFB1M
117439	YIPF4
117466	ENOX2
117474	CLK2
117476	HOXB1
117485	ARHGAP11A
117496	MYO9A
117508	ZC3H15
117513	TRIM54
117527	ATP6V0E2
117528	ABCC1
117532	SDHA
117537	SASH1
117541	HEATR3
117547	MAPK7
117549	PPFIA3
117554	ACP2
117559	PRKAR2B
117568	SNF8
117570	PGLYRP2
117582	DAP
117584	NOG
117590	UNC45A
117604	TMEM186
117619	MYF6
117625	PNPLA8
117637	TRAPPC2L
117648	SMAD3
117649	UBA5
117667	GPR78
117668	MAGEA1
117674	ZACN
117679	PDSS1
117681	GRB14
117683	TECTB
117685	ZNF417
117689	GLIPR1
117700	SPAG17
117702	GALNT13
117705	KIF6
117712	POLR3C
117717	LPXN
117726	SCAF8
117727	CSRP3
117730	SBF2
117731	MRPS17
117732	USP16
117740	LAMB1
117752	CDC42EP2
117763	ADAM20
117765	PSCA
117788	TMC1
117789	GPANK1
117790	TRMO
117816	SYT1
117823	RNF165
117828	POR
117842	NEUROD4
117851	GTF2A1
117855	TAS2R10
117856	TSTA3
117877	UPB1
117883	CH25H
117895	SCG2
117896	TDRD1
117902	TERF2
117918	ITM2C
117922	ANGPTL7
117958	ITGAV
117960	CMAS
117989	IMPDH2
117994	CLIP1
118001	RSPH14
118024	TSC1
118048	NT5DC1
118049	KRT4
118050	ABHD15
118062	PRDM12
118072	PNLIP
118088	UGGT2
118091	MYOM1
118093	SLC12A8
118101	DNAJC4
118104	NEK3
118109	CEP290
118110	BACE1
118119	OPTC
118122	ECSIT
118123	DDX25
118125	HTRA2
118127	NME6
118128	CYP4F11
118140	STOML2
118143	DCTN1
118147	DDX1
118157	CAMK4
118163	MARCH4
118172	LY6D
118174	EIF3F
118175	ZNF830
118177	TAF5L
118178	RINL
118180	SYT13
118205	PADI2
118211	NDUFB7
118234	SLITRK4
118237	TAF6L
118255	RNASEH2C
118256	DDX5
118257	FAM103A1
118258	FLRT3
118266	TMEM134
118274	FZD3
118278	FBXO44
118292	PROK2
118299	PARP14
118307	ZNF33B
118324	KCNQ3
118329	OSTM1
118340	P2RX2
118346	SNAPC2
118348	TRIM21
118352	QTRT1
118354	CLC
118361	FCGBP
118372	PGA5
118375	PAMR1
118377	FZD8
118382	ZUFSP
118384	HGS
118386	GPR18
118391	MRC2
118398	WASF1
118400	INTS2
118403	PRPF38B
118410	SYTL2
118417	SNU13
118420	SYNE1
118421	TNNI3K
118423	ATP6V1C1
118424	MFSD8
118434	LMBR1
118443	ALS2CR11
118478	SLC25A33
118482	PRMT6
118485	FAN1
118487	IL4
118490	C4orf46
118492	STARD13
118495	GFM1
118503	NOL4L
118511	LACRT
118517	SLC30A6
118520	RBM28
118522	ATP5O
118529	HLF
118549	MOBP
118556	SORCS2
118561	FAM46B
118564	SMAP1
118571	AMER1
118584	MAP4K5
118592	FOXL2
118599	ZNF512
118602	MPND
118612	PRRX2
118620	KDM3A
118630	GSDMC
118632	ZNF35
118634	STRN
118635	BTBD1
118640	OR1D2
118642	LIN54
118644	MLKL
118650	FZD6
118651	ARHGAP4
118653	LPIN2
118662	ART3
118673	FAR1
118696	TMEM86B
118713	HSD17B4
118714	CDC25C
118733	CADM1
118740	CXCL12
118743	SUOX
118750	MARK2
118754	CBARP
118758	NLRX1
118760	SMARCA4
118764	USP21
118774	ODC1
118791	ZNF253
118804	TTC7A
118810	C14orf180
118813	PAM16
118816	CITED1
118825	CCDC149
118830	KIF20A
118831	PDF
118833	FBLN7
118834	TTLL5
118839	DRP2
118845	PRPSAP2
118862	KCTD17
118863	FUT7
118872	ZBP1
118873	DHCR7
118874	IFITM1
118877	BMP1
118892	MRPL22
118893	FOXD3
118912	ME3
118915	NUBP1
118924	IFNA7
118930	TXNIP
118944	NRG1
118954	ISG20
118957	KRTAP4-1
118961	WASF3
118962	SCN10A
118968	SDHC
118971	TBPL2
118978	IL17F
118986	STARD3NL
118987	NDUFAF1
118996	RDH5
118999	RASGRP2
119003	FLVCR2
119008	HSPB1
119024	SATB2
119026	CROT
119033	PLEKHG2
119049	RPL3
119058	TREH
119060	CCR9
119063	PON2
119072	RASSF6
119084	PTGER2
119090	SLC25A19
119102	GORAB
119103	GOLGA5
119119	ZIM3
119127	BRPF1
119131	CSTF2T
119143	HMGA1
119147	STPG3
119151	HIST1H4F
119156	MYLIP
119157	PTPRN
119172	TBX10
119173	LRRC20
119175	GLYR1
119181	ITGA3
119183	PLCXD1
119187	BET1L
119192	RETSAT
119206	SCARB2
119208	CCL14
119211	SCTR
119217	VPS28
119230	MAFA
119241	CCDC74A
119245	HS6ST3
119246	SLC12A5
119268	DDX19A
119269	PRKAR1A
119273	ALOXE3
119281	PNPLA7
119283	PYCR1
119288	IKZF4
119289	ACE
119290	CFP
119292	ACTL7B
119300	FSCN2
119301	KRT81
119320	HIST1H2AE
119323	PRRC2A
119326	ANXA7
119332	MCOLN3
119340	ZNF280C
119357	PF4
119359	NKAP
119370	PNPLA4
119386	PLEKHB1
119405	RFWD3
119428	EIF2B4
119429	ZNF112
119443	CSRNP3
119453	STC1
119475	SLC22A20
119487	TMEM101
119508	UBR4
119513	ENO1
119516	GCM1
119523	PYCRL
119525	FKBP7
119528	C1orf74
119535	GAST
119539	TOR4A
119543	RBL1
119546	SLC35G2
119554	CLEC4A
119569	N4BP2L1
119574	CD79B
119580	BRCA2
119586	YTHDF2
119590	AP4M1
119609	PODXL
119620	MYH1
119627	TWIST1
119643	NGFR
119646	CKB
119654	AGTRAP
119656	DYNLT3
119660	LSM4
119663	CRTC3
119665	TAX1BP3
119667	LPAR4
119673	CPA2
119684	BTBD3
119685	MT1X
119689	BMT2
119690	EML1
119693	DPP3
119694	PSMD10
119695	EIF2A
119696	PCBD1
119710	IL1F10
119717	VBP1
119727	HCP5
119729	AQP1
119730	PIEZO1
119736	KCNJ12
119757	FKBP2
119762	MAB21L1
119764	PKDREJ
119765	OR11A1
119769	LTBP1
119772	HIP1
119787	ACOX1
119812	PLEK
119820	KDSR
119822	SLC19A2
119823	CCDC88B
119826	HACE1
119847	KLHL13
119853	TECTA
119865	P2RY6
119870	STXBP2
119872	NLRP6
119884	KLF3
119887	ZNF200
119905	NDFIP1
119925	DIS3L2
119936	ZNF536
119955	PRKAR2A
119958	HPS5
119963	MED6
119968	ADAM29
119977	ADA
119998	TNFAIP8L2
120001	NASP
120013	MRPS5
120014	POU3F2
120052	MECP2
120054	OR1L1
120058	FKBP3
120059	OR1E1
120075	AP3M2
120080	STAB2
120099	MKX
120114	CCDC59
120122	FOLR1
120125	PHLDB1
120129	ETAA1
120135	PTPRH
120136	RNF114
120143	PLPP2
120144	GTF3C1
120159	KCNJ3
120164	ASPA
120166	OR8B8
120170	PRRC2C
120173	HLA-F
120176	TOPBP1
120185	SEP15
120201	MAPK9
120204	ICA1L
120205	OBP2B
120208	SLC9A3
120209	EIF4E2
120215	ZNF519
120228	FCN2
120229	CIB1
120238	CEACAM21
120248	MFRP
120250	PRICKLE4
120260	C1orf54
120264	CILP
120271	PTCD1
120299	CDC42BPG
120306	SLC35A5
120318	USP32
120320	SH3BP2
120321	SPR
120322	STK4
120339	CMSS1
120344	TMEM214
120345	ATP5J2
120350	TSHZ3
120355	C5orf42
120362	SCNN1B
120390	ARSJ
120392	PAQR5
120394	UVSSA
120404	LMOD1
120405	POLR3K
120424	HS1BP3
120429	ESX1
120440	ITPA
120444	PDK3
120472	CRNN
120474	FAM136A
120480	GYPE
120483	MACROD1
120493	KIF19
120497	DCAF4
120498	FOXQ1
120502	CCHCR1
120503	FIG4
120513	SMTN
120515	COMMD1
120519	KIF9
120546	MAP3K11
120553	SLC52A2
120556	RCL1
120568	DDAH2
120574	LAIR1
120578	AZGP1
120590	ALDOA
120591	NADK
120596	RAB3A
120597	YARS
120602	RNF214
120616	PTK7
120622	TPPP
120624	FOXO1
120629	DCAKD
120632	ING2
120636	ZFYVE26
120637	FAM60A
120638	ASIC4
120643	MROH2B
120648	INTU
120652	GPR25
120654	MYNN
120662	TCTA
120663	DST
120675	SKAP1
120682	ESF1
120690	ZNF677
120692	CYP51A1
120701	PPID
120705	ZNF146
120707	ECH1
120716	RAPGEF4
120722	VPS33A
120734	FADD
120739	LDHA
120740	ANXA10
120762	PDE6B
120763	ANTXR1
120765	CAND1
120770	GDE1
120783	SCUBE1
120784	UBQLNL
120786	SAT2
120791	NOSTRIN
120796	RAET1L
120798	CRLF3
120803	COX6B1
120804	CDV3
120814	TEKT2
120822	FERMT3
120823	CCDC114
120855	ZNF691
120859	ARHGAP33
120876	MYO15A
120877	APOBEC3D
120888	OR2D2
120910	CXorf57
120911	IKBKE
120923	AQP9
120930	GOLGA8A
120934	F10
120935	QSOX1
120943	AKR1C1
120950	CMBL
120955	PINK1
120963	ZMAT5
120967	DHX16
121011	ASNA1
121015	SLAMF1
121017	TARS2
121025	SPIN2B
121028	H1F0
121040	MEIS1
121045	MICU2
121062	MTG1
121063	C20orf85
121071	SLC48A1
121075	STK16
121081	TNFRSF21
121085	CFAP43
121094	RPS24
121099	CCDC107
121114	PRR35
121117	FCGRT
121123	BANF1
121126	HIST1H4L
121141	ABCB10
121144	HEATR5B
121150	FKBP14
121160	ANKS4B
121173	DOC2B
121179	MYH10
121186	METTL26
121203	STAC2
121216	ACY3
121217	KRT2
121218	CPSF2
121231	SUPT6H
121238	MRPL9
121242	PARN
121257	RPL7
121267	RGL4
121271	DOK2
121280	ZNF43
121286	CELF2
121301	RBFA
121304	SDF2
121307	MGAT4C
121321	ZNF543
121323	SMARCE1
121331	ETV6
121332	FCHSD1
121335	SLC25A13
121348	COPB1
121350	GBP5
121365	C6orf136
121370	ZNF821
121371	MXRA8
121386	MRRF
121390	ATAT1
121402	ADIRF
121412	CTAG2
121419	XPNPEP2
121430	DHDDS
121449	GYS2
121462	TMOD3
121468	DLL3
121471	NDST2
121478	SCN2B
121480	AKAP4
121482	TOP3B
121491	MED10
121504	YPEL4
121505	GPAT2
121509	LEP
121512	IQCD
121515	TRAK2
121518	USB1
121541	SLC25A21
121544	DMP1
121548	PDLIM7
121580	POLK
121583	UBALD2
121600	HIST1H1T
121612	DUSP5
121614	TMEM215
121617	MGP
121618	KCNMB4
121620	SUMF2
121636	FAM3B
121646	ACIN1
121647	JUP
121659	RGS11
121681	MKS1
121683	KRT71
121695	CDKN1B
121737	SRPK2
121741	USP6
121751	TMEM243
121760	PIN4
121764	SLC6A14
121773	CD36
121776	SENP7
121778	HSPA12B
121786	UBE3D
121792	P3H2
121803	RPL26L1
121817	COTL1
121821	ADGRF2
121824	RBM8A
121829	IKZF2
121831	AKT2
121832	SGSM3
121835	C16orf62
121840	EDN1
121850	DBT
121855	NAALAD2
121857	SMAD2
121861	SLC35C2
121862	KLC1
121876	HID1
121895	TOM1L1
121901	SIRT2
121903	ZNF37A
121921	ZNF528
121941	EML4
121943	RPS15A
121944	CALHM2
121953	ANKRD2
121962	CHP1
121963	OR10G2
121972	MKKS
121977	RPUSD4
121984	GFI1
121998	HEY1
122004	GNG8
122010	NXPH4
122019	PPME1
122023	GPR180
122027	LANCL1
122028	ETF1
122030	RIC3
122040	SLC25A36
122049	ABCF1
122052	OAZ2
122061	RAMP3
122069	ADCY3
122087	MOV10
122088	KIF13A
122102	NUCB1
122104	SHMT1
122106	CKAP2
122124	TSR3
122129	GNAI1
122135	PLIN1
122143	RPE
122148	EXOSC9
122149	BAG3
122151	RPS19BP1
122155	SEPSECS
122158	AKR1C2
122167	ELOVL3
122168	CHMP7
122174	CBLN2
122176	R3HDM2
122192	TBX21
122196	MRPS35
122227	CDH5
122241	SNRPF
122260	EPHA3
122265	NDUFA9
122271	FAM8A1
122277	IZUMO2
122278	KCNH3
122288	SRD5A1
122302	FKRP
122305	B3GALNT1
122309	PRODH
122318	TRAM1
122331	DIO2
122333	FASTKD1
122343	FABP5
122347	EPB41L1
122351	CCDC174
122354	PDZK1
122355	PTPRJ
122391	YIPF6
122393	AGER
122394	RAB23
122412	SMC5
122413	KLF8
122416	EXOC1
122418	HS3ST3A1
122433	TIAL1
122437	ATP6AP1
122445	SAP130
122449	GSC2
122459	GPR62
122466	CA13
122467	AK6
122471	LIME1
122477	NETO1
122478	PCNA
122488	LDHAL6B
122491	TBP
122492	DDX43
122515	BDH1
122520	PCDH1
122523	GAB2
122525	PGRMC1
122528	FGD1
122538	NSD1
122540	NDUFA11
122543	SDR39U1
122550	ANKRA2
122554	HIST1H2AJ
122570	RHD
122577	CBX5
122582	BLOC1S5
122601	PRPF3
122603	ADAM8
122607	PGAP2
122617	ABHD13
122620	INPP4A
122628	HELQ
122630	C2CD3
122644	C8orf48
122650	RAB1A
122665	CLIP4
122670	ZFP82
122671	IQCH
122674	DISP1
122684	LIPE
122697	TP53INP2
122698	PITPNB
122705	LIAS
122707	GABRA2
122709	POGZ
122737	RPS6KA4
122759	XRCC6
122775	SEPT6
122787	TPTE
122800	DSCR3
122812	CSAG1
122820	TM4SF20
122823	TGDS
122830	RUNX1T1
122846	FAM110D
122847	SLC9A7
122848	FAM19A1
122854	WDR37
122858	AGPS
122861	RHEB
122872	CIB3
122881	RLN1
122893	SYT9
122895	PTPRZ1
122902	EIF4EBP2
122909	NUP62CL
122912	KLF9
122916	VSTM2A
122923	ATP6V1H
122933	BBX
122934	QPCTL
122937	KANSL1
122943	ZNF12
122945	GAN
122946	UBE2D1
122957	EIF3G
122980	TEX26
122985	INPP5F
122996	NXPE4
123012	JAG1
123014	IMMP2L
123015	MNT
123048	CST11
123054	PI4K2B
123057	EFCAB7
123062	PUS7
123063	ZMAT1
123078	CFAP157
123080	GLP1R
123083	VPS9D1
123084	CYP4X1
123100	SPATA20
123115	ST6GALNAC4
123119	TGS1
123127	SLC30A9
123139	SYNE1
123143	AREG
123145	ABCA7
123149	OR2B2
123150	ATP8A2
123154	CD48
123166	C17orf75
123176	PFDN4
123185	TNXB
123186	SAMD1
123195	TLCD1
123197	GLE1
123211	C1orf94
123213	MAP7D1
123221	CCL19
123231	SYTL5
123232	SLC6A1
123235	SOX5
123246	RPS4Y1
123258	DBH
123271	TMEM159
123272	TSSC4
123273	JUN
123279	ULK4
123286	TAB1
123331	SSH2
123361	KIAA0101
123363	MEP1B
123368	ASAP3
123375	GNMT
123379	POC1B
123381	IGF1
123385	MTPAP
123395	EPOR
123400	CDK1
123411	ZFY
123432	CYP27B1
123436	BMX
123437	SPARC
123438	NAA60
123450	NR4A2
123455	REEP5
123460	MTFMT
123461	NDRG4
123464	SPTA1
123465	NDFIP2
123469	ETS1
123470	ARMC1
123473	NELFA
123477	OR7C2
123490	PRR11
123495	CHKB
123506	GABRB1
123514	COX15
123515	PDIA5
123518	ENOX1
123533	WEE1
123534	MCTS1
123559	ST3GAL6
123560	OVOL2
123565	CELF3
123584	TOMM20
123595	FCN1
123625	P2RY12
123631	AKT1S1
123636	COX7B
123640	ZNF512B
123641	IRAK1
123648	ASXL2
123657	SLCO5A1
123666	SCRN3
123679	CTSV
123680	BPIFA2
123688	UBE2Q2
123693	VPS8
123711	HACE1
123724	RAB17
123731	ZG16
123733	PPIL3
123743	PDE3A
123744	PTX3
123750	CALM2
123751	GYPA
123778	FANCF
123781	GABRA4
123804	LTA4H
123808	C1QL1
123809	CAPZA2
123810	GABRB3
123818	ABCA9
123821	MBLAC2
123823	NAA15
123825	UGDH
123838	MSX1
123845	MRPS28
123864	FOXRED1
123867	KIAA0408
123868	PPIL4
123878	FNIP1
123880	STAT5B
123894	NIFK
123896	ABCD3
123897	SERPINI2
123908	VCAM1
123910	MED17
123914	CDS1
123924	SLC26A9
123925	ALLC
123927	SAFB2
123950	CPNE2
123956	ZBTB2
123960	SERPINB11
123970	FAM9B
123981	RPS23
123989	GABRA6
123997	CASP10
124015	FAM81B
124025	PREP
124033	NT5C2
124046	SERPINB1
124049	KIAA0141
124058	P4HTM
124059	TERF1
124061	POU2F1
124073	ADARB2
124095	GLO1
124107	RAB35
124109	AGR3
124110	DLX1
124112	BRCA1
124116	USP15
124119	NDST1
124129	ZNF230
124132	PDE6C
124154	TYW3
124164	NBR1
124165	PLCB2
124173	GAD1
124216	UHRF2
124225	FDX1
124232	DNTTIP2
124249	ACKR4
124267	PSMC4
124270	COL12A1
124274	FRK
124281	CNPY3
124290	METTL15
124299	ADH1A
124305	HTRA4
124318	STAU1
124326	IQCA1
124333	VN1R2
124334	HOXA2
124360	STBD1
124368	EPB41L2
124375	PRSS33
124377	NENF
124380	OMD
124383	PROX1
124388	CAPNS2
124403	BCL2L14
124405	EVI5
124409	SLC35B2
124411	CARD16
124416	FBN2
124430	TAF2
124431	PAEP
124441	CCM2L
124454	ARMC8
124456	LIMCH1
124473	AQP7
124482	C5
124485	FBXO27
124489	HNRNPF
124500	CENPH
124506	ADH5
124513	PIFO
124516	VCPKMT
124522	KALRN
124532	PPHLN1
124534	CCDC186
124537	OR2D3
124545	PRMT7
124552	TK2
124589	C12orf43
124591	CAAP1
124598	GRK7
124600	B3GAT1
124622	PARP12
124626	SLC3A1
124628	ZNF302
124630	WRAP73
124633	SENP6
124647	ZNF792
124662	CLYBL
124674	IL1RL2
124681	RBM15B
124691	CYB5B
124706	GOT2
124710	GPR63
124711	NBN
124730	SART3
124732	REXO4
124733	STAMBPL1
124734	SNX4
124735	FARSB
124737	PAWR
124744	EGR3
124752	TRIM43
124753	ERVMER34-1
124769	RAD52
124780	NPM2
124784	MRPL43
124799	PRKCB
124801	RRH
124802	SHCBP1L
124803	ANAPC1
124811	GAS2L2
124816	UBE2U
124817	RMDN1
124823	POLB
124831	SMYD3
124833	NOS2
124838	SLC4A11
124848	HAS2
124849	HNRNPA1
124857	KDM6A
124859	RIT2
124872	N4BP2L1
124878	TMC5
124882	ZNF558
124900	NAA30
124904	LINC01518
124912	DNM1L
124914	LAMB4
124917	LYSMD4
124921	TAF1B
124927	RADIL
124931	SH2B3
124938	UBAP2L
124953	RCAN1
124956	THAP6
124957	ZC2HC1A
124958	PCDHA5
124968	SUB1
124981	N4BP2L1
125000	GTF3C3
125012	GCC2
125028	KLF10
125032	ETV5
125035	GLRX5
125040	KCNA3
125050	UTP23
125051	N4BP2
125057	KLK5
125061	PIK3IP1
125084	RIMKLB
125094	TACC2
125108	ANKRD11
125119	REPS2
125120	TSHB
125134	DBP
125139	KYAT3
125148	ARHGEF39
125158	FBP1
125175	ATAD3A
125181	OR10AD1
125187	TNNT2
125200	STATH
125201	USP39
125202	APITD1
125210	HDLBP
125216	TMC7
125217	CTTNBP2NL
125224	DRAXIN
125249	AGFG2
125250	DUSP15
125266	MUM1
125267	GPKOW
125268	PTGES
125294	NAGPA
125296	NPFFR1
125301	ATE1
125308	SPZ1
125309	TM4SF18
125313	TADA3
125335	C1D
125359	NUDT11
125364	KIAA1586
125368	WDHD1
125374	FAM221A
125377	MCM2
125382	OR5AP2
125392	PANK1
125397	GSTM5
125400	NNMT
125412	TRMT10A
125440	TRIM9
125442	TMPO
125447	MIEF1
125454	FOXJ2
125471	GIPC3
125479	BRINP1
125486	HSD11B2
125487	FGD3
125497	TMEM144
125499	CACNA2D1
125509	C5orf34
125512	CYTL1
125513	SIGLEC10
125519	IFNA6
125525	SLC9A1
125526	TRIM2
125539	PILRB
125540	STK40
125564	C1orf146
125566	LY6G6D
125572	CYP19A1
125575	DPAGT1
125577	MDM1
125581	UBOX5
125590	OTOP1
125592	NFX1
125597	VKORC1
125598	STRBP
125600	AGA
125615	GPR162
125617	KALRN
125618	FMOD
125626	MSTN
125629	TINF2
125653	CYSRT1
125666	ASAH1
125668	EVA1C
125674	PDK2
125679	SLC41A3
125688	UBE3D
125714	SLC30A2
125725	C5orf15
125729	STEAP3
125730	SPOCK1
125732	NPEPL1
125733	TPD52L3
125736	PPDPF
125738	SEMA6C
125747	INHA
125760	MED23
125771	RFX1
125779	LRRC8E
125792	PRKACA
125794	SLC46A2
125800	PLCD1
125804	NDUFAF2
125805	SEMA7A
125806	SLC12A9
125813	RANGRF
125818	DPH6
125821	EGFL8
125840	UBP1
125845	TGIF2
125848	TUBA4A
125853	FAAH2
125855	SLC26A8
125872	HIST1H2BA
125887	RBPJL
125897	CCDC151
125898	EPB41L5
125908	TYRP1
125916	RFC5
125929	MEGF10
125930	EID2
125937	DHRS3
125957	GNG4
125960	CRIP2
125971	ITPKC
125972	ALG13
125978	WSCD2
125981	PIAS2
125982	PF4V1
125994	CLIC6
125999	CNTNAP5
126000	ZNF385B
126008	CCNH
126010	BFSP2
126024	ZIC4
126039	C12orf49
126057	DESI2
126058	TCF15
126065	TALDO1
126066	LGI4
126079	CIRBP
126087	GFRA2
126099	ACAA1
126100	DOLK
126102	SHOX2
126107	PACRG
126119	APOL2
126129	NFATC2
126130	CXorf23
126138	GTF3C5
126148	PDE11A
126163	FYN
126165	ADAP1
126166	FXYD3
126168	NIPA1
126179	TGFBR2
126184	NTRK2
126186	SPNS1
126191	TAS2R9
126200	SLC17A8
126204	GNPDA1
126205	CABYR
126207	CD160
126212	CEP63
126227	OR13G1
126241	ADIPOR1
126251	PARP3
126252	PTRH1
126259	RNF219
126260	PTPN12
126265	JRKL
126299	PAK6
126317	CYP2C18
126331	PNISR
126337	ERMN
126340	MC2R
126349	VHL
126350	DES
126351	RND1
126360	CPE
126365	NUDT18
126367	ORAOV1
126373	STARD4
126378	SHISA6
126382	SREK1IP1
126390	ESYT3
126400	APBA1
126403	BTBD9
126413	MPP5
126425	EHF
126432	ZNF683
126438	AKNA
126441	CPNE1
126449	CAPG
126457	MATK
126461	APOA2
126466	SYCP1
126482	OR4X1
126484	PCCA
126513	HEMK1
126517	NOTCH1
126518	C1orf158
126527	ITCH
126530	DDX21
126536	PRPF38A
126548	SOX18
126554	ZNF681
126560	RGS17
126570	SAMD12
126577	CD300E
126588	ZNF493
126594	TM2D2
126602	RABGAP1L
126605	FRMD4A
126617	TRPM5
126621	TRDMT1
126626	ATP2B4
126632	BRINP3
126636	MOS
126637	PRRG1
126642	DBR1
126662	GCNT4
126663	IBSP
126665	RBMS2
126675	ATP6V1D
126682	RCN1
126700	ZNF382
126712	C11orf52
126719	RIOK2
126726	SPIN1
126729	SMURF2
126746	PHACTR3
126759	TFPI
126761	VWF
126764	THRB
126768	FBXO4
126775	KCNG4
126776	MICB
126777	OTULIN
126778	PPP1R12B
126791	CD3E
126802	CLVS2
126816	BAZ2B
126829	TRIM17
126836	CD320
126840	SLC38A10
126843	INSL5
126845	HAGHL
126848	ANKRD53
126873	MEIOB
126877	SPHKAP
126893	GSPT2
126905	SLC31A2
126919	PPIL4
126926	RFESD
126930	COL4A3BP
126933	EMC9
126939	TINAG
126951	DSG3
126953	SIGLEC12
126954	MICALCL
126964	SEPT11
126969	NFAT5
126971	SYNGR2
126979	SLC38A11
126980	GLRX3
126992	KDM8
126994	CAP2
126995	LIM2
127002	STK17B
127009	RBP3
127011	YIPF2
127019	GMPR
127023	OR4A15
127029	GIMAP4
127034	HARS2
127035	RPIA
127041	CARD14
127051	CCZ1B
127056	ZBTB17
127059	PRKAG1
127065	TEK
127067	DAPP1
127068	WRB
127094	NCEH1
127096	VRK2
127105	C1GALT1C1
127120	DNAH1
127121	OS9
127127	CACNA1D
127141	AP1B1
127150	GGCT
127161	ZFP30
127163	PSMF1
127174	IWS1
127182	NPM1
127184	CATIP
127187	RPS25
127188	ELOVL1
127208	IL7
127216	RPL21
127230	EIF2AK2
127233	SEC22B
127238	FEM1C
127242	PMAIP1
127249	DRICH1
127252	BCL7C
127260	MLPH
127269	TNKS
127270	CHRNA5
127276	OR4F6
127285	APLP2
127291	SLF1
127294	HAPLN1
127298	HTN1
127311	STK3
127312	SYNDIG1
127329	XAGE5
127331	CCDC178
127354	FTH1
127369	DCAF4L2
127370	SLC18A1
127379	DPY30
127383	CASS4
127385	MLYCD
127400	SLC16A2
127407	CPA1
127423	DOCK7
127439	C20orf96
127447	CPO
127457	CCDC22
127467	SLC35G1
127474	SNX17
127488	PLEKHS1
127498	EFHC2
127506	GTF3C2
127517	CALCOCO1
127521	SLC35B4
127523	CDKN2A
127524	DNAH3
127530	APOD
127546	PSME2
127566	LDHD
127581	MITF
127583	MYRF
127594	FGL2
127597	ERGIC2
127600	FNBP1
127609	HIST3H3
127614	TCAP
127616	IFI6
127619	CAPN13
127630	SERP2
127632	ZNF362
127636	TCEAL9
127640	ERO1A
127645	RUNX1
127646	HIST1H4E
127652	ERAP1
127658	AKAP5
127667	LDB2
127684	TAF9B
127685	GDF11
127694	PLEKHH2
127696	ELF2
127701	C15orf40
127704	ATOX1
127713	SEPT6
127718	ADGRL1
127721	TFCP2L1
127723	DERA
127725	ACTR2
127732	LAS1L
127735	EDRF1
127737	GSTO1
127738	REG1B
127745	PODXL2
127767	MAPK10
127770	TIRAP
127778	OR51D1
127779	SERBP1
127803	PLEKHA5
127816	EMCN
127828	ARMC5
127830	SLC38A1
127854	DENND4C
127856	ADRB2
127860	TAF5L
127861	SLIT1
127867	THOP1
127872	SENP8
127877	MAP2K3
127879	LRRC4
127881	IP6K2
127895	HECW1
127896	ATP10B
127899	POU2AF1
127904	HDGFRP2
127917	NCALD
127919	TMEM207
127936	CREB3
127943	PRKCSH
127963	COX16
127964	RPL7
127989	RWDD3
127990	COMMD8
128011	FLI1
128021	SPCS1
128044	RNF113B
128049	CCL24
128061	MS4A4A
128076	TUBB
128082	ASB16
128086	CBS
128091	LSAMP
128098	HIVEP1
128108	COX6A1
128131	PTPN7
128153	COX5B
128154	MYL12B
128167	F2RL2
128174	CLU
128176	WAC
128178	IKZF3
128179	NBPF11
128186	METTL21B
128190	EAPP
128198	NFKBIL1
128201	TIMM10B
128205	MCTP2
128207	MMD2
128211	RPLP2
128231	B3GNT3
128232	PITPNM1
128244	CLPSL2
128261	ORAI2
128262	SPTSSA
128263	SGCB
128266	NUFIP1
128268	EXO5
128287	LINC00472
128289	TMEM164
128290	CD207
128299	PCDHGA8
128305	PFKP
128309	SH2D6
128314	MRPL41
128315	TM4SF1
128329	HPCAL1
128345	PSPH
128361	GKN2
128369	NECTIN2
128383	ARHGAP35
128389	CD93
128395	SLC7A6
128398	ANAPC4
128406	ZNF354C
128411	CENPA
128418	PFAS
128420	KRBOX4
128434	GPC2
128435	NUSAP1
128440	ZPLD1
128445	PDS5B
128456	ZNF675
128464	DAZL
128470	ZNF503
128471	LSM5
128473	ZFAND6
128474	TSGA10
128475	MYF5
128477	CXCL13
128481	PRMT2
128491	MORN3
128495	HJURP
128501	IMMT
128505	MRPL1
128508	GLUD2
128509	MMRN1
128513	CLCN2
128514	CD300LF
128529	KAT5
128546	PLEK2
128553	FMO4
128565	ANKMY2
128580	SETDB2
128588	PARP9
128595	ARRB2
128603	PHF2
128609	ANK1
128610	SLC26A5
128620	MTF1
128624	PTK2
128625	UBE2O
128630	IL6R
128637	FUT5
128651	RNLS
128667	RPL31
128671	B9D1
128689	GPATCH3
128690	ANAPC1
128692	GMPPA
128695	VPS26A
128708	ZNF124
128709	KRBOX4
128714	RNF34
128717	MTPN
128731	RNF4
128756	PTGDR
128760	ARF6
128766	EIF2S2
128778	WNT2B
128785	CD1B
128790	GTF2H2
128800	RGS10
128803	NAA35
128812	MTMR1
128819	OPALIN
128827	PI3
128833	SLC10A6
128843	TNFAIP8
128846	ALKBH1
128863	EIF2B1
128864	AMBN
128869	SGMS1
128883	EBNA1BP2
128885	KIAA0355
128888	APLF
128890	TMEM268
128895	E2F1
128903	GNL3
128904	CNRIP1
128914	SPHAR
128921	ST7L
128922	E2F3
128935	ZNF268
128949	EIF4A3
128960	PTPDC1
128961	TFPT
128967	GARS
128976	OR5J2
128985	LTV1
128987	RUSC2
128988	ERI2
128992	CFH
128999	C1QTNF6
129012	SLC25A28
129015	IRAK4
129019	RAG1
129030	AFAP1L2
129034	SPTBN2
129035	MPZL2
129038	MORC1
129040	NDN
129045	PIGL
129046	MGC70870
129054	ABCB7
129072	CENPP
129077	PRELID2
129085	A4GNT
129086	ARHGAP21
129093	CHD2
129095	SCCPDH
129097	BICC1
129099	MAP4K1
129100	TLR1
129105	SUCLA2
129107	ZNF501
129115	RAPGEF5
129116	LGMN
129120	CTAGE1
129131	PDZD9
129133	HIST1H2BI
129144	PKP4
129149	UROS
129176	SYNCRIP
129182	NKG7
129186	RAB22A
129187	MEPE
129188	MSN
129189	SNX13
129200	GNPNAT1
129201	UTP15
129209	CDK14
129212	COG3
129217	ZNF417
129222	TM4SF19
129229	RAB11B
129238	ZNF582
129247	SLFN11
129254	CATSPER3
129260	ID2
129272	PSMD11
129290	SLC2A11
129300	TXNL4B
129301	G6PC
129308	SNRNP40
129321	CTNNAL1
129322	CEP164
129324	OR5D16
129326	TRMT6
129331	TMPRSS11E
129341	PML
129345	KLRC3
129347	OR2K2
129350	MLLT3
129351	PSMA8
129354	TXNDC5
129361	SLC16A3
129396	EMD
129402	JADE2
129420	PDCL3
129422	NOL8
129423	GGNBP2
129428	OSBPL8
129434	RMND5A
129437	SAP30L
129441	OPTN
129445	SRSF3
129450	NONO
129456	TRIM22
129457	NUDT16
129462	HAO2
129465	LDAH
129480	PHOX2A
129496	GNA14
129498	BAG5
129507	OGFOD2
129509	NOLC1
129518	RFT1
129530	HSPA5
129535	ULK4
129541	ORC2
129544	TNFRSF10A
129575	PPP1R12B
129580	CNTN6
129583	ARHGEF4
129587	SLC25A18
129590	AIFM2
129596	AP3B1
129598	ATP1A4
129629	PAN2
129633	TOR1AIP1
129646	BCLAF1
129649	CNBD2
129651	MARCH6
129653	FCAR
129664	NUS1
129668	PPP4R1
129683	MTM1
129685	CLPTM1L
129690	BMP15
129694	MON2
129698	MGAM
129701	PCMTD1
129713	CNTLN
129728	RBCK1
129739	TMLHE
129740	RBP7
129748	GDPD2
129761	AQP2
129764	ACADS
129766	KIF22
129768	LTBP3
129769	TNIP3
129778	B3GNT5
129788	ALG5
129797	PLP1
129808	PPRC1
129811	ASH2L
129812	DARS
129829	RND3
129834	SEMG1
129835	ABCA13
129845	SLC36A3
129851	FAM159A
129855	OR5P3
129856	NXPH2
129877	SLC39A2
129885	MTA3
129886	HERPUD2
129890	TUBA3C
129897	NCBP1
129911	VPS26B
129918	CLDN10
129922	IGF2
129926	SDAD1
129930	OR2A12
129934	CCDC97
129936	FAM21A
129943	NEU2
129947	ANKRD30A
129951	PHACTR4
129972	PXMP2
129974	ADAMDEC1
129975	OLFM4
129980	IP6K1
129985	SLC25A40
129999	PIK3C2B
130007	CNNM2
130009	PKD2
130014	PRKCA
130047	ZNF394
130048	ZNF576
130052	TRPC4AP
130053	SDHAF3
130055	TCEAL7
130061	CCT6B
130067	OR4C3
130092	LGALS7
130113	RBM26
130116	CEP250
130122	CTDSPL
130135	SIAH1
130150	C6orf89
130160	SMU1
130161	ATP2C1
130163	MPI
130164	COX6C
130169	SH2D3A
130180	ZNF22
130196	CPED1
130209	GC
130217	DPY19L2P2
130234	GGA3
130238	RAD51B
130259	HCCS
130267	EIF3J
130268	NOTCH2
130269	WT1
130276	PSG9
130284	MINA
130286	CCDC142
130287	GABRE
130288	WDR7
130291	GPR174
130297	CDCA8
130304	NT5DC1
130306	CCDC60
130312	GRPEL2
130314	ZNF689
130316	SLC16A6
130322	IL1B
130323	LAX1
130326	RBL2
130328	DHX33
130335	KIF13B
130349	UBL3
130350	EDA
130362	TDG
130367	TBR1
130369	CHSY1
130373	ADAM32
130379	CSN3
130394	AP5S1
130396	MBL2
130399	CKS1B
130400	SERINC3
130401	FGF18
130410	HMGN5
130411	FAM53B
130435	DYRK2
130443	HINT1
130462	HSPA14
130465	CDC6
130483	CLEC5A
130487	RAB11FIP4
130490	DHX32
130493	CLINT1
130495	FAM19A2
130497	OR4A47
130500	ARMC10
130502	MBP
130505	CDH1
130525	SPRY4
130534	SMCO4
130538	TAF12
130541	PALLD
130560	NLRP3
130575	PTTG2
130576	GSDMB
130579	SPACA9
130598	SNX21
130602	ANKRD27
130624	SPC25
130634	ALG6
130642	CNTD1
130643	PROCR
130644	MOB1A
130652	MRPL3
130657	DPPA2
130673	PCDH9
130675	TEX2
130677	IFIT2
130678	PA2G4
130681	NDST3
130690	SRXN1
130706	CLPP
130710	SLC25A29
130712	GRHPR
130720	WFDC5
130722	NAPB
130734	BIRC7
130747	RPL29
130750	BEND5
130755	SULT1C4
130759	MAP1A
130761	C16orf54
130769	MYO3B
130778	GRAMD1C
130779	DYNLRB2
130781	PMCH
130789	CLEC3A
130794	KATNAL2
130812	SMARCA2
130826	CXorf36
130833	DEFA5
130854	DCLRE1C
130858	ZNF574
130862	CRCP
130870	BPIFB3
130884	NCAM1
130913	GCNT3
130916	MS4A12
130921	FEZ1
130933	RHOU
130937	RPS15A
130950	WNT7B
130951	PTBP2
130955	TNK2
130956	RNF220
130985	LHX8
130989	TOR1A
130995	PHKB
131002	CHD8
131009	LEKR1
131020	RAB6B
131021	ZMYM4
131028	CDC14B
131033	DDX58
131054	TPT1
131059	PLEKHF2
131064	ZNF429
131072	ELP3
131082	CNOT4
131092	CDK3
131093	FSD2
131117	SECISBP2L
131123	SLC2A5
131125	HIBADH
131148	POLR3H
131149	IFI30
131163	TRIM34
131190	LAT2
131198	PDE6A
131216	BID
131242	PCDHGA1
131252	MAPK4
131259	HLA-DQA1
131260	ADD1
131265	HSPE1
131287	ISLR2
131307	VGLL4
131316	GPHN
131318	FAM135A
131320	KCNMB3
131321	TEAD1
131332	TCAF1
131337	GRINA
131346	TMEM209
131347	HIST2H2BE
131358	CDKN2B
131361	SH3GLB2
131364	PRAMEF2
131365	PCGF1
131372	GUCY1B3
131399	XPR1
131401	STIL
131407	UTS2R
131410	CRX
131425	WFDC12
131428	MBD3L1
131440	OR8D2
131445	LY6E
131459	MORN5
131473	RASGEF1B
131475	PRSS8
131479	PLEKHA7
131480	HNRNPLL
131500	ELMO1
131512	TMEM107
131513	IL1RL1
131521	FMO1
131534	CD180
131538	DNAJB6
131540	APCDD1
131543	NAB1
131551	SLC3A2
131558	FAT1
131567	CETN2
131581	MED1
131594	FGD5
131595	PTN
131599	CDH23
131603	SH3RF2
131604	LARP1B
131617	APLP1
131619	MYL2
131628	MTURN
131641	LAMA3
131642	IRAK1BP1
131648	KCNQ5
131650	CWH43
131658	CYP2E1
131659	GABRR2
131665	SLC25A30
131667	KIF24
131671	DRD5
131673	PRAF2
131675	PDE4B
131677	SHISA4
131680	HOXB5
131688	LSM7
131693	E4F1
131694	C19orf43
131706	CRKL
131715	FAM122B
131734	LYSMD4
131735	IL22RA2
131758	RANGAP1
131781	MEN1
131792	LRRC75B
131799	SYNJ2
131820	DDX27
131855	GPR75
131856	RANGRF
131863	IL17D
131873	APBB2
131889	ASB11
131899	DACH1
131901	RPS20
131913	MXD3
131915	CCL3
131917	SF3A3
131924	SP8
131928	KMT2B
131931	ICAM3
131936	VPS25
131957	PRR34
131962	HPS4
131965	EMC10
131968	ZNF789
131972	BUD13
131975	ING1
131983	CLEC4C
131985	RTCA
131996	FGF20
132006	TRA2A
132007	TNP1
132011	CCDC43
132027	IL18
132030	CMKLR1
132032	ACTG2
132033	EIF3H
132046	CISH
132049	RHBDF2
132053	RNF121
132057	HIST1H2AC
132060	TMEM127
132086	VRTN
132093	ACAD9
132104	ANKRD54
132109	U2AF2
132134	TNFRSF13C
132137	CST5
132143	ZNF665
132155	MYL7
132159	DDHD1
132162	HIST1H4B
132165	IFNA13
132173	DIRC1
132186	CHRDL1
132190	AP3S1
132194	ITGA6
132195	C3orf14
132198	RPS27A
132199	ACKR1
132203	ALDH18A1
132205	FMNL3
132208	KLHDC10
132214	STARD3
132221	YPEL5
132227	BRD7
132230	MAZ
132237	RHPN2
132240	ABHD10
132241	LONRF2
132242	WDR47
132261	ZPR1
132276	APOBEC3G
132281	PAGE4
132282	FGFBP1
132288	SLC20A2
132291	ATP1B4
132301	CHMP2A
132306	RAB39A
132312	SMCP
132315	TPSD1
132329	GTF2I
132348	WRAP53
132356	SLN
132362	TRIM51
132367	KCNH1
132369	GDI2
132380	ATP5SL
132381	SLC25A34
132401	DDX4
132403	C11orf71
132432	CCDC28B
132438	PICALM
132453	RAI14
132482	BCL11A
132485	PPP2R2C
132489	EPHX2
132491	CNTFR
132506	CAPZB
132521	NME7
132525	WDR49
132528	PDE10A
132542	MISP
132546	MTMR8
132549	FAM111B
132554	INSIG2
132559	DAPK1
132568	POLR2C
132572	PTER
132577	IL15RA
132590	TCHHL1
132592	TARS
132605	THBD
132610	KLHL9
132618	PTGES3
132620	FGR
132621	TKTL2
132622	ADGRV1
132629	MFAP3
132641	SHOC2
132642	LSM1
132644	RHBDL3
132648	TCP10
132653	NPEPPS
132657	MRAP
132658	FAM162A
132666	MYC
132668	ADD3
132671	GYPB
132706	PPOX
132709	UMPS
132722	ECE2
132733	RPS7
132735	UBQLN1
132742	MELTF
132744	IL24
132747	GCSH
132753	SSBP3
132773	DAXX
132783	ZBTB3
132795	RIPK1
132805	TSPAN32
132811	OR51B4
132812	ZNF165
132844	SLCO4A1
132870	POMP
132874	TRBV3-1
132878	CD22
132880	NUP98
132884	DHDH
132888	NEFM
132892	HIPK3
132901	GGA2
132906	LIMS2
132913	MRPL17
132917	MRPL4
132926	APOBEC3C
132929	CAPN1
132930	NME5
132931	PDZD8
132937	PHF8
132981	CRAMP1
132987	RLN2
132989	ISM2
133013	CHST4
133014	SCARA3
133035	COPS7B
133041	PSKH2
133054	ELL3
133071	ZNF585A
133096	ZNF335
133100	CCL20
133117	MS4A15
133129	CALCR
133131	PGLYRP1
133132	ASNSD1
133133	SLK
133142	MAD2L2
133148	NDUFS5
133193	IFIH1
133195	ADAM2
133200	PREX2
133206	BRPF3
133209	RAP2C
133219	RAD51B
133221	ESAM
133236	RAD54L2
133237	KNL1
133241	KIF2B
133244	ABCF2
133261	RFX5
133302	CBLB
133312	CDKL1
133316	SLC25A27
133317	KLK9
133333	SRGN
133345	SLC39A7
133346	CYC1
133347	GSTK1
133352	TFG
133364	MGARP
133365	FFAR2
133372	ASCL3
133376	ZNF576
133385	RAB9B
133386	FBXL12
133393	DMC1
133394	GLYATL2
133397	TMEM136
133411	ADAM11
133413	PEPD
133424	ENTPD8
133431	TFE3
133450	LATS1
133468	GOLPH3
133475	KRTAP3-1
133487	COL26A1
133488	ISCA1
133491	KLK13
133496	ARL8A
133501	EXPH5
133505	FAM189A2
133510	USP54
133511	CEBPE
133543	ATP2A3
133551	EGFLAM
133553	LRRC17
133558	TMEM63C
133565	H6PD
133574	FRAT1
133590	GSTT2
133592	POLR2H
133594	SCOC
133600	ZNF331
133604	CD44
133608	CHST9
133610	ISG15
133626	AATF
133640	EVA1A
133654	TP73
133657	PAK6
133658	TTBK1
133662	IGFLR1
133664	SP5
133672	ERVW-1
133679	ACER1
133690	OSR2
133710	CUL4A
133721	ZFP69B
133722	USP34
133732	AFTPH
133736	PPP2R3B
133742	PLPP3
133743	AZIN2
133751	ZP1
133756	TSGA13
133759	GSTM2
133761	C3orf52
133766	P2RY8
133788	NPR3
133794	TACO1
133807	MYH6
133819	RPL19
133823	SALL3
133849	PYY
133861	MTSS1L
133862	PRRT1
133876	ACOT7
133891	RHOT2
133903	UBE2L3
133906	TGFBI
133919	KRT84
133921	GGT7
133923	PBXIP1
133924	DNMT3B
133925	CYTH3
133933	ACTRT2
133936	C1orf115
133942	NRSN2
133968	MPV17L2
133973	SULT1C2
133979	KLHL30
133986	MEIS2
133990	DRC3
133995	FAM91A1
134009	CDH12
134014	ST3GAL3
134015	ZNF565
134017	MCC
134023	GTF2B
134027	RASGEF1C
134034	MAGEB2
134044	CRISP2
134052	CTPS1
134055	COX7C
134061	DCDC2
134065	STAG2
134083	UGCG
134084	BACH2
134095	SLCO2B1
134100	ONECUT2
134108	LOXL3
134119	OR10H1
134128	MYH11
134130	MRPL35
134134	MYOG
134149	LPCAT3
134150	COQ8B
134154	CWC22
134168	RPS14
134187	MS4A3
134208	CDH4
134212	PRICKLE2
134218	MRE11A
134223	GPRC5C
134224	ST6GALNAC2
134225	ZG16B
134230	GTF2H4
134233	CHRNA4
134236	GNL1
134237	SBDS
134244	SMG7
134248	LARP4B
134259	DNAAF1
134260	PCBP4
134262	CCIN
134265	LYZL1
134269	DPM3
134277	ZCCHC3
134280	SPRY3
134286	RRM2
134287	TMPRSS5
134294	PLBD2
134295	CREBRF
134303	NOD1
134305	ARPC1B
134309	CHMP6
134316	RAET1E
134321	LHFPL2
134330	SEMA3B
134341	ADAMTS7
134344	YBX2
134357	FBXO8
134359	LGALS12
134376	PEF1
134377	RCBTB1
134379	PLA2R1
134383	CHD1
134385	PPM1L
134387	OLFML2B
134408	ERBIN
134430	ATPIF1
134436	S1PR3
134437	TAF1C
134443	AKAP14
134444	GOLM1
134459	RAB20
134467	CKAP4
134472	ZBTB9
134482	HGH1
134496	PCNX1
134498	SLIRP
134501	XKR8
134508	PDE1A
134522	ALDH3B2
134523	SPINT1
134526	TRIM33
134530	SKP1
134531	RORA
134550	ZNF287
134551	SERPINI1
134562	SHROOM3
134565	PPP2R5A
134585	BAGE
134586	CYP3A7
134601	TMEM163
134602	LRG1
134611	DMKN
134614	CCDC127
134617	ADGRG6
134635	CDKL4
134636	PROC
134657	LONP1
134659	KIF6
134667	CNOT10
134672	LAT
134677	CCDC191
134683	ETV3
134692	TIMP1
134696	PRTFDC1
134700	TMOD2
134706	BNC2
134713	PLA2G2A
134716	RBM23
134740	FKBP1B
134746	PTH
134753	GSG2
134760	FGFRL1
134780	BLOC1S1
134790	PTGER3
134821	PPP4C
134828	ZNF747
134829	INGX
134831	HHIPL1
134842	MRPL48
134845	NAV2
134846	FAM122C
134853	PURG
134864	SLC25A44
134869	AGPAT3
134875	TMEM86A
134877	MRPL52
134886	TMEM203
134895	SEC16B
134897	PCYT1B
134901	SYCP2
134903	CTBP2
134910	CAMP
134942	P2RX1
134949	SPATA16
134950	AVL9
134964	MSH3
134981	TSPYL4
134984	MRPL19
134997	RELA
135001	CATSPER1
135004	GPR27
135005	FGF21
135007	KCNJ5
135015	ADAMTS10
135020	CCDC86
135034	RARA
135048	STRADB
135060	SLC35D1
135074	FOXE1
135075	PADI1
135077	RBBP8NL
135080	WWOX
135086	CYP1A1
135091	USP2
135095	EPHB1
135104	B3GNTL1
135105	SPTBN5
135111	PDCD10
135116	PACS2
135127	ZNF687
135130	CDCA5
135135	PIK3C2A
135139	RNF25
135157	MAPKAPK3
135162	MRPL33
135171	ATAD2
135186	ATP11C
135191	ZNF839
135202	RPL4
135224	DGKQ
135228	SPI1
135233	SUPV3L1
135234	CRIP1
135238	RELB
135249	PFDN5
135268	MAVS
135285	STT3A
135288	GBP6
135293	CCL8
135302	TOP2A
135309	C1QTNF3
135310	C20orf144
135316	VDR
135323	THEMIS
135333	SLAMF7
135336	CYP2C19
135343	BDKRB2
135356	MLLT1
135368	SOWAHA
135372	COX7A2
135382	MRM3
135386	CSMD2
135387	GADD45GIP1
135410	APPL2
135413	DEFB129
135414	SPAG17
135420	MMP11
135421	GRN
135425	IGHMBP2
135433	MARVELD3
135435	DMXL2
135437	COLQ
135438	ZNF584
135443	TCEAL1
135453	AVPR1B
135454	CD52
135455	TMEM161A
135458	CITED2
135473	CFAP53
135487	EPB41L4A
135492	MLX
135494	IL12RB2
135507	CLOCK
135509	GPR84
135510	CREB3L2
135512	SPRYD4
135517	ADARB1
135524	BRSK1
135544	GAS2L1
135546	KCNJ11
135547	SLMAP
135567	PREPL
135570	TMEM44
135597	KCNK3
135603	SLC35E4
135605	TTYH1
135619	ATF6B
135625	SFI1
135630	C11orf49
135639	QARS
135643	RPS27L
135647	TTLL6
135648	SYT16
135656	NPDC1
135660	SLC12A4
135689	VSTM4
135701	ADAMTS17
135704	CSNK2B
135724	MEGF11
135738	GABRP
135746	RACGAP1
135754	C10orf107
135763	ZNF425
135769	PITX3
135778	BOK
135784	CYTH4
135791	RLBP1
135801	RAB9A
135806	RNF113A
135807	ANAPC1
135809	LTB4R
135810	LRCH4
135812	HOXD11
135832	ILDR1
135833	RPL6
135840	ELL
135848	ECI1
135850	NTN1
135851	REN
135856	EXOC3L1
135861	EIF1AD
135865	ATP2B3
135899	HOXC11
135900	ISCA1
135914	FOXC2
135915	FOXA2
135917	SEPT4
135918	RBM25
135922	OSBPL7
135929	ALG8
135930	SMOC2
135934	ADAMTS12
135936	SLC22A2
135945	FAM167A
135952	FBXL6
135957	SLC6A18
135963	LETM2
135972	DOK5
135973	SH3TC1
135983	WDR61
136002	STAT1
136006	SHBG
136008	ARID4A
136010	DEFB126
136013	MAP3K2
136033	MCTP1
136035	ACCS
136049	D2HGDH
136062	SCRT1
136063	RDH8
136076	CAPN11
136109	EFCAB11
136111	KRTAP17-1
136112	WDR83OS
136133	ARHGAP26
136156	SERPINF2
136165	USHBP1
136178	GEMIN8
136187	LENG9
136196	LARS2
136199	EFCAB13
136201	CCR2
136206	CSF3R
136207	SERPINF1
136211	ADCYAP1R1
136220	MRPL12
136224	GLS2
136229	PIGO
136242	DDT
136245	NBPF14
136254	UBXN11
136269	NTMT1
136270	SMARCE1
136271	C1orf116
136272	CCDC7
136273	TIPIN
136287	OSCAR
136288	RANBP10
136293	SHARPIN
136294	TXNRD2
136295	CCDC116
136297	PCDHA11
136298	CCDC155
136300	TYW1
136308	ABCD4
136311	MRPL37
136315	BGLAP
136318	CHST8
136330	HSPA2
136386	FN1
136426	CORO2A
136430	SEPW1
136439	TRIM67
136440	RHBG
136442	DDX56
136444	BRSK2
136461	PFKFB4
136465	OR8A1
136473	TIMM8A
136474	UNC5CL
136477	VPS37A
136478	CDHR2
136497	P2RX3
136502	NSUN4
136504	LBHD1
136517	MAMDC4
136522	TMEM18
136536	AZGP1
136548	DYNLRB1
136557	ZNRD1
136570	COL4A3
136571	INTS3
136572	ATF6
136576	FSHB
136578	SUMO3
136580	PRICKLE3
136586	C7orf43
136595	DCTPP1
136601	MARCH9
136614	ACTA1
136625	TMEM47
136646	ANTXR1
136648	LOXL2
136651	DPP10
136652	RAB11FIP4
136661	SLC39A5
136663	HEATR6
136670	RUNX1
136671	FYCO1
136673	ZNF100
136701	MASP2
136715	PDIA2
136723	PCSK4
136724	ANO5
136743	NCOA1
136748	SPRR3
136761	PRTN3
136764	KAT2A
136765	MMP16
136788	ALX4
136803	ONECUT1
136844	EIF5B
136848	PARK7
136853	CHRM3
136854	EMID1
136860	TCEAL2
136865	WWC1
136879	DCAF11
136889	CSNK1G1
136897	SNIP1
136898	MFSD14B
136902	HSPA13
136906	BLOC1S4
136918	STX4
136922	NOX3
136923	RSPO3
136927	NOVA1
136928	TIGD6
136939	CCDC84
136952	EGFR
136965	CACNB2
136978	ADAMTS5
136995	C2orf16
136996	MARS
137001	LRIG3
137024	ACOT13
137034	BEX1
137044	VNN1
137055	MAP6
137059	AFG3L2
137064	AMDHD2
137071	CUX2
137076	C17orf49
137081	BTN3A2
137086	ANAPC13
137096	TCTN2
137101	ZNF791
137105	CNTNAP4
137136	GULP1
137143	TBC1D10C
137145	RS1
137150	TOX4
137154	NKAIN2
137159	KRTAP3-3
137164	RNF19B
137165	CSRP2
137172	CYHR1
137184	ZFPM2
137191	ATP10A
137199	NUP62
137200	QRFPR
137204	ELFN2
137233	SNRK
137237	ATG2B
137238	KCNH2
137251	GFOD1
137259	TAF7L
137261	SLC22A5
137265	C3orf67
137266	PI16
137281	CAPZA1
137286	UPF1
137292	CDKN1A
137302	SCAP
137305	TAGLN3
137311	TULP1
137314	CCDC71L
137317	SCFD2
137322	SEZ6L2
137323	CCNB3
137355	RUNDC3B
137362	CANX
137363	INO80C
137371	PRKDC
137372	OR56B1
137374	DOLPP1
137377	ESX1
137383	ZCWPW1
137388	PPM1D
137396	OCM2
137403	GRM7
137407	USP3
137428	MAML1
137431	DMD
137435	MRPS10
137437	SNCAIP
137438	HBG2
137449	TSPAN6
137452	TTC38
137468	TTC23L
137488	NMD3
137496	OR4B1
137498	FBXL3
137501	FBXO21
137503	DFFA
137521	ITGAE
137522	OR52A5
137528	DCTD
137530	CER1
137540	RAB39B
137543	HYDIN
137546	WNT16
137555	URI1
137556	NAA16
137559	AGL
137563	ACAT2
137567	ZNF443
137591	KCNA1
137614	CHID1
137616	GMDS
137620	UBTF
137623	RNFT1
137630	NDUFB3
137640	PKNOX1
137648	PIM1
137654	TMEM126B
137656	MKI67
137657	ACTR3B
137659	ABHD6
137680	RPL39
137683	URGCP
137690	IL3
137695	SHTN1
137704	PARD6G
137709	HDAC5
137724	ATP10D
137725	CSTB
137737	MECR
137738	UCP1
137759	TUBE1
137763	FAM69B
137785	SP140
137795	FBXO34
137796	BCKDK
137801	PSMB1
137815	HPDL
137828	ERLIN2
137834	MYO5C
137837	GAS2L3
137843	DRC7
137850	HHATL
137875	TROAP
137887	C12orf54
137888	SLC32A1
137894	DUSP9
137897	TNFRSF12A
137904	TCHP
137907	SMARCC2
137911	WDFY3
137919	IRAK2
137923	CERS2
137924	FRAS1
137937	CSTF2
137942	MGST1
137968	OCRL
137970	XKR7
137978	PLXDC2
137980	SAE1
137981	RPS6KA1
137986	IL13RA1
138012	MALSU1
138013	PYROXD1
138016	PQLC1
138018	MAPK1
138026	KIR3DL1
138036	RIC8B
138045	MDFI
138065	INMT
138098	RNFT2
138101	ZBED6CL
138108	LHX3
138121	C1D
138122	C1orf64
138127	SCUBE2
138129	PLOD3
138137	HACL1
138148	MGAM
138157	APOBEC2
138160	PIK3CG
138172	C9orf3
138177	PGM2L1
138178	OR4S1
138183	SLC26A1
138185	PCK2
138186	SLC25A10
138193	P2RX7
138195	IGKC
138197	PGAM5
138203	RGS20
138213	DSTN
138245	OR4F15
138257	HCN3
138269	POLR2F
138281	RXRG
138287	HIST1H2BJ
138307	SPRED2
138321	CCL21
138336	NEK10
138342	MKS1
138344	PLEKHN1
138352	RCC2
138355	BSND
138366	SERPINA12
138374	UROC1
138381	TRAF5
138389	PIK3R2
138406	SOX30
138407	ADAMTSL4
138411	MRPL16
138425	TRPV5
138432	TMEFF1
138451	DPP8
138455	NCKAP5
138473	FPGT
138479	ABI1
138481	CNN3
138497	XKR9
138515	CD74
138519	TTC37
138526	RPL7
138543	HACD3
138549	KLF12
138553	ATRX
138575	ACPT
138581	TMCC2
138602	MXI1
138606	OTUD5
138609	APLNR
138615	SEC61A2
138620	APOBEC3B
138631	DHX15
138633	RHOD
138642	POLR1A
138654	MR1
138669	OR8G2
138685	MAD2L1
138686	ATP8A1
138688	MDGA2
138689	RANBP17
138691	OR5AK2
138696	LRIG1
138702	PTPN11
138703	OXSR1
138722	EPHA8
138735	IRF6
138737	PLXNA1
138738	CEP76
138742	UROD
138744	JKAMP
138753	DNHD1
138764	PAPLN
138768	STX11
138781	CDH17
138789	HIF1A
138794	SLC38A2
138798	ZNF644
138799	BIN2
138803	MRPS26
138808	C10orf35
138818	TET1
138830	TNFRSF10C
138839	SARAF
138847	ZNF44
138851	CNOT2
138852	PARM1
138864	FRAS1
138869	TMEM135
138870	ELMOD1
138873	HPS3
138876	ZNF185
138880	MRPL39
138890	PPL
138895	SGPP2
138904	SLC15A3
138911	PCDHB6
138914	BECN1
138921	ACTB
138923	PIAS2
138929	STK39
138947	PSMG2
138962	BST1
138964	PGK1
138971	MDN1
138995	PKM
139001	HADH
139004	TMEM14B
139007	LARP7
139008	LOC400590
139011	RDH10
139014	ADIPOR2
139025	GFRAL
139029	GPR15
139039	DUS4L
139042	UBE2N
139052	VAPA
139053	AIP
139060	SCGB1D1
139068	ARAP2
139069	PHACTR2
139072	NONO
139073	MPZ
139074	PSG7
139075	PHLPP1
139091	RBMX2
139103	RNASE1
139124	OR5A1
139126	RIDA
139128	HTR1A
139130	NEXN
139135	NCAN
139136	C1QL4
139142	ZNF232
139154	IQCK
139158	EVI2B
139162	TIMM8A
139170	EYA1
139177	LOC81691
139178	KIAA0753
139183	FAM49B
139188	CCAR1
139192	ACKR3
139199	CDC23
139206	SNRPB2
139212	SYT4
139228	TIMM9
139236	GOSR2
139242	PPP1R11
139262	ZNF706
139282	GAP43
139289	WFDC10B
139295	MARK3
139296	CAGE1
139299	PDE2A
139305	TERF2IP
139312	CCDC96
139315	CPXM2
139326	ITGA4
139346	ISL2
139356	MRPS23
139359	ZRANB3
139373	PLEKHA1
139374	EDIL3
139377	ALB
139378	SOCS5
139386	DIP2C
139431	SLCO1B1
139438	SIGLEC7
139445	CDC34
139446	ALOX15
139449	TMEM115
139453	C16orf89
139455	LCT
139466	APRT
139471	CHMP3
139480	AGXT2
139484	DTX1
139485	KCNMA1
139490	DPP9
139494	WNT5A
139495	MXRA5
139501	EIF4G1
139505	GOLGA7B
139519	SEMA6B
139521	CHDH
139522	PLA2G2D
139546	ZIC1
139550	DLGAP1
139587	MDP1
139589	MTX1
139600	USP9Y
139640	CCDC87
139645	PDZK1
139659	ADAMTS15
139666	MUS81
139679	ZNF415
139683	IQSEC2
139692	SLC25A46
139693	LIPT1
139697	GJD2
139703	SPRR1A
139705	CASP14
139707	RAP1A
139725	NRXN3
139736	RGL2
139737	AS3MT
139741	PARVB
139743	C1orf43
139755	KCTD1
139782	PRSS21
139787	TFDP1
139791	RNASE6
139799	MAP2K1
139804	TRAT1
139818	YIF1A
139819	RAB25
139821	GCC1
139826	RMDN2
139830	ERV3-1
139841	HOMEZ
139844	LXN
139850	FABP2
139854	PBLD
139859	C1orf174
139868	IL36B
139869	KBTBD7
139874	HBEGF
139875	SYMPK
139877	B4GALNT2
139881	HIST2H2AA3
139888	SPACA5
139889	CCDC54
139900	F13B
139901	MORC4
139922	CALCB
139923	SYNE1
139930	AMBRA1
139945	TRIML1
139967	ZFYVE19
139972	HIST1H3E
139973	GAPDHS
139980	STRIP2
139986	MBNL3
139999	MEA1
140007	HECTD3
140015	FRMD3
140040	PLD6
140044	TRIM44
140054	SRPX2
140076	ACOT8
140087	PI4K2A
140100	RSPRY1
140114	SLC22A17
140124	EEF1G
140129	ARHGAP32
140136	PLEKHG5
140187	NOCT
140197	SLC25A45
140209	TMEM234
140210	ZBED3
140215	WBP11
140226	VASP
140228	C11orf16
140235	RGS12
140242	HKR1
140250	RHPN1
140257	NFIC
140258	FCN3
140272	C19orf33
140284	VTCN1
140314	TTC3
140316	RAN
140323	OR8B12
140324	COX8C
140341	PANK3
140350	SMG9
140355	OTOP3
140363	SYNPR
140364	FSTL1
140373	SLC10A7
140378	KCNG3
140397	ZFP2
140401	IL17B
140410	SPPL2B
140411	HSPB3
140413	PHYKPL
140425	GPER1
140429	CAV2
140439	POP7
140440	SPINK2
140443	RTN4RL1
140445	FOXK2
140473	SPRTN
140486	ITLN2
140492	ADAM7
140495	PRLR
140496	ARL4A
140507	SNX32
140541	ART5
140544	CPVL
140559	HBE1
140566	ABCA2
140569	CETP
140593	GRSF1
140597	ENSA
140613	ARID5A
140616	DUSP23
140620	JAML
140625	DPEP1
140632	MEF2D
140649	GAA
140651	KCNA7
140661	BHMT
140664	SUV39H1
140702	RIPK3
140708	ACAT1
140721	SP100
140724	RXFP1
140727	USP48
140734	LEAP2
140760	FCHO1
140765	MORN1
140780	OPN3
140785	KISS1R
140786	CHST7
140793	COL10A1
140797	ERP29
140819	TAOK2
140842	SHROOM4
140845	EOGT
140876	CNNM1
140879	PLGRKT
140884	ZNF213
140897	SNX21
140900	PRAM1
140906	HIPK2
140913	MRPS30
140920	CCDC65
140943	HTR6
140953	DDC
140961	TM4SF5
140962	CRYZL1
140969	AMIGO3
140974	CYB561D2
140979	PLS1
140981	FSCN3
140988	SLC25A22
140995	ZNF263
140996	HOOK3
141001	TRAPPC3
141002	NPAS1
141003	GPR88
141012	COL18A1
141019	LBX1
141023	SMYD2
141029	EIF4B
141034	SMPX
141044	KIAA1456
141049	WDR75
141053	MAGED4B
141059	SPSB4
141060	KLHL10
141062	ADGRD1
141065	CCDC15
141071	TJAP1
141080	POLDIP3
141093	DPP7
141108	GSE1
141122	KYAT1
141131	PRB4
141136	ARHGEF2
141143	GALE
141151	MMP3
141154	SPTB
141167	HMCES
141176	PERP
141183	TCEB1
141188	VPS13B
141190	HOXB13
141194	RABGAP1L
141197	LOC100128885
141201	XXYLT1
141204	SNAI1
141227	CXorf40A
141235	DNAAF5
141237	PPP2R1B
141241	SI
141243	FAM71D
141257	TRIM45
141263	TLE2
141279	WNT6
141280	ATXN2
141298	SEC31A
141301	MED14
141302	SAG
141313	FANCB
141331	GPA33
141333	CHI3L1
141341	STK4
141342	ST13
141381	FAIM2
141383	YAF2
141391	CABYR
141393	CREM
141394	ICOS
141406	CXCR5
141421	PCDHB1
141422	EDF1
141428	AGO4
141429	PRKRIP1
141444	ZNF155
141446	PCDHB11
141447	RPS9
141449	DENND2D
141457	MSH4
141460	CAPN3
141471	EDA
141493	SPAG8
141498	GLIS1
141516	ABCC8
141523	OCM2
141533	TRIM38
141539	OR12D2
141544	METTL22
141545	SLC2A14
141557	NFIB
141563	BARHL2
141572	ZP3
141574	CMTM3
141575	LOXL4
141586	KCNT2
141589	IRF8
141592	ASTN1
141595	TREML2
141609	TMSB4X
141616	ASB3
141635	SOSTDC1
141639	KRT16
141649	ARMC9
141661	MROH8
141668	WISP2
141676	VPS37B
141679	TUBG2
141684	WDR13
141686	C1orf106
141688	ADAMTS16
141689	CCND1
141701	RETN
141706	CYSRT1
141711	KLF8
141720	VCP
141734	CHD3
141737	CARMIL1
141743	ADCK1
141760	C1orf50
141761	SQRDL
141774	PPEF2
141777	SLC16A5
141780	IFT122
141796	APOA5
141803	RPS5
141815	RPL24
141824	MCUB
141826	ZNF710
141828	KAT7
141829	SGK3
141843	PSTPIP2
141844	THEG
141854	CA11
141858	FMN2
141862	PPIG
141868	BVES
141874	TMSB15A
141887	CFAP70
141890	WFDC8
141891	GALNT15
141898	FAM177A1
141900	DDIAS
141903	PCOLCE2
141908	ECI2
141912	FAM122A
141916	RAB37
141957	ZNF343
141960	SSNA1
141963	CACNA2D4
141969	JAM2
141970	UNC5D
141972	CGREF1
141978	RBBP7
141979	RGS3
141980	LYAR
141983	LIMA1
141984	HOXC10
141988	CREG1
141995	GSDMA
141999	IGLL1
142009	TESK1
142028	SLC9B1
142039	PARP6
142051	HSPB1
142053	RABGEF1
142065	CRLF2
142068	GH1
142072	CIPC
142089	TMOD4
142092	SLC14A2
142098	FAM172A
142100	RHOQ
142102	NDUFAF3
142105	DPH1
142113	CARD6
142116	CSRNP2
142119	TSPAN18
142122	PDZD2
142124	GOLGA3
142146	GAS1
142147	CYP4F22
142198	CACNG5
142200	UPK1A
142201	LRP1
142204	ZPBP2
142209	IRF1
142210	RIN1
142218	OR52L1
142225	DPYSL5
142230	PUSL1
142233	SLC6A8
142235	ENO2
142237	MMP12
142242	GPR45
142256	MAMLD1
142257	IL2RG
142262	CD79A
142266	PLAGL2
142268	PTCH2
142269	EIF1AX
142316	HSD11B1
142323	DDRGK1
142364	IRF3
142370	CD300LB
142376	MGAT3
142379	C12orf10
142397	BNC1
142416	SLC38A6
142421	SGF29
142433	FAM32A
142436	HMOX1
142438	POLDIP2
142444	SLAMF6
142447	MANBA
142455	GAL3ST3
142459	ROPN1
142463	ORM2
142470	NGEF
142471	DNAJC8
142473	MED22
142475	HSD17B10
142487	B4GALT1
142495	HOXA1
142499	AJUBA
142523	HAVCR1
142524	SP4
142525	ATP2A2
142526	ADH4
142534	WHSC1
142541	LIG4
142557	GALNT8
142559	CASKIN1
142562	TRIM31
142563	MAPK3
142580	CEP135
142587	SMARCD3
142594	LRRC40
142595	RAP2B
142603	SNAI2
142616	LAMTOR3
142626	TSNAX
142638	SIN3A
142644	SAT1
142657	GDI1
142663	DLG5
142665	MPP3
142678	RBM4
142688	PDCD2L
142695	MYOZ3
142705	ABCB6
142710	FAM186B
142716	CYP2W1
142719	SNCB
142722	TAC3
142723	TRIM48
142747	EIF3B
142748	MAT1A
142752	SIX3
142757	GALK1
142759	IRF7
142768	CADM4
142769	G6PD
142790	TGFB3
142791	CNTNAP1
142793	IGLV6-57
142800	KCNH5
142815	NDUFS7
142817	NICN1
142827	DUSP8
142828	PRPH
142840	NCDN
142863	EDC4
142874	RHOBTB2
142887	KRTAP4-2
142889	NPHP1
142890	TTN
142892	KIRREL
142901	DIAPH2
142902	SLX4
142906	NOTCH2
142909	PILRA
142916	MYO1E
142923	OR1L8
142934	RAB11FIP2
142936	HSBP1
142957	NRG2
142958	MAFG
142965	PTPN1
142986	PKMYT1
142993	MEIS3
143008	FXYD7
143012	BORCS8-MEF2B
143032	DGAT1
143036	ZNF408
143043	EVA1B
143047	CANT1
143052	ZNF423
143062	LINC00680
143065	HSPB6
143078	C9orf142
143083	CARHSP1
143089	FBXL16
143096	GCFC2
143100	VWA5A
143102	DUSP16
143103	RABGGTA
143109	NLE1
143111	GPT2
143113	SYK
143121	DRAP1
143127	SNRNP27
143128	OR52K2
143136	CALN1
143143	BTN3A1
143147	ADCYAP1
143151	NF2
143158	DROSHA
143169	MAP4K2
143174	OR52B6
143175	ZMIZ2
143181	ANKRD55
143205	FKBP4
143207	MRPS6
143208	DCTN4
143209	OR51A7
143216	MYOZ3
143228	MTMR6
143238	CSE1L
143239	IL32
143242	MRGBP
143243	PROM2
143246	NVL
143249	RBFOX1
143257	DDOST
143263	FAM138D
143270	CLUH
143271	IRX4
143273	MAL
143283	NEURL1
143286	LTC4S
143287	AQP8
143288	CSF3
143290	TMEM54
143296	PYGO1
143297	KCNE3
143298	MRPS12
143310	WBP1L
143319	PCSK1N
143322	CDC42EP5
143383	TAF10
143388	PLD3
143393	ZNF804A
143400	PNPLA1
143403	GEMIN5
143413	MTFR2
143414	TEKT4
143427	POU3F3
143436	PTPN18
143438	CCDC120
143439	PUS3
143443	GNG7
143449	SEMA3F
143454	PTHLH
143456	FOXP4
143457	MARCKSL1
143461	SLC39A3
143495	ZNF426
143499	CPA5
143501	ZNF397
143507	CPM
143517	ZNF800
143521	OR2AG1
143528	TUBB1
143529	ZNF431
143538	TPM3
143539	NAA30
143546	CHGA
143548	NEIL1
143553	PPP1R15A
143554	TTR
143556	HSF4
143558	IFNAR1
143560	MAP3K13
143563	CSNK2A2
143564	IZUMO1
143569	ASGR2
143589	ARHGDIB
143608	SH3GL2
143615	NRGN
143619	THEM6
143621	NIT1
143630	TBC1D20
143640	C5orf22
143642	BAZ2A
143643	DEFB4A
143651	UBE2C
143671	COX6B2
143688	FEZF2
143690	GADD45G
143717	TAPBP
143719	SPATA25
143730	PIP5K1A
143732	PPP1R1A
143739	PLK3
143740	PGF
143742	SF1
143748	IL9
143768	NECAB2
143783	EXD1
143788	TRIM13
143792	CDSN
143799	RERE
143817	LTBR
143827	RAB11FIP5
143828	MED22
143831	TNC
143852	PDCD6IP
143854	NUTF2
143857	KANK3
143862	SLC35B3
143873	RPS12
143874	PLA2G16
143887	DAB2IP
143895	CCNF
143899	RGMA
143920	IPO8
143933	TMCC3
143936	MFSD4A
143938	SLC13A2
143946	RRNAD1
143959	SYNGR1
143961	P2RY4
143968	NWD1
143978	CASK
143984	OR4D1
143989	EXO1
143991	ABL2
143996	CYTIP
143997	SCG5
143998	SFRP1
144001	BAX
144005	DUSP2
144014	RNF44
144023	RERGL
144028	CIDEC
144040	PCGF2
144041	INF2
144049	BTG1
144058	AURKAIP1
144084	CEP170
144110	SGCG
144113	FOSB
144116	IL1RAPL2
144117	COLGALT1
144128	HDGF
144134	FTHL17
144135	OAS2
144138	VIP
144148	PDCD4
144160	PAFAH2
144166	LSM10
144168	BNIP3L
144171	STXBP3
144172	CXCL9
144177	ZMAT2
144182	CST3
144197	SKI
144207	INSR
144212	SPATC1L
144215	BATF3
144218	PIGT
144221	TAF15
144229	GPR35
144230	CSNK1G2
144235	EHD1
144241	GNPTG
144244	DCAF7
144248	CRTAC1
144256	ATIC
144258	LYPD6
144261	TMEM211
144265	HIST1H2AL
144266	ACTR6
144268	LDLRAD3
144273	ATP2A1
144280	HSPB7
144302	SLC35G5
144309	RPL8
144327	NFYA
144329	GINS4
144333	PRM2
144335	ZNF593
144345	SALL4
144351	MARVELD1
144362	RXFP3
144371	KRT14
144373	ACSBG1
144379	FBXO18
144389	BLCAP
144392	RASL12
144399	PLA2G16
144404	SERPING1
144405	CEP131
144408	ZNHIT2
144419	ZNRF4
144438	MRGBP
144446	USP2
144451	CYP26C1
144454	HBZ
144477	COPRS
144487	SNRPD2
144495	ATG16L2
144497	APBA3
144499	TEPSIN
144503	MAPK8IP3
144528	CSMD2
144537	INO80
144542	TCF7L2
144547	CFL1
144551	CCDC171
144559	CMTR1
144561	RBM17
144565	TMEM158
144569	MT1F
144571	ZDHHC8
144577	C9orf24
144581	EEF1A2
144588	MFGE8
144595	GATB
144600	TFPI2
144601	DDAH1
144614	USF2
144618	DRD2
144621	MARS2
144634	GTPBP2
144645	ZNF521
144660	TSPAN4
144661	LRP3
144669	TMEM9B
144670	LRRC3
144688	MOSPD1
144694	CACNG1
144696	GAL3ST1
144711	MRPL27
144715	TTC1
144716	PDX1
144726	ATXN1
144730	FAM57A
144742	DIP2A
144765	MANF
144771	TMEM183A
144791	PGBD2
144802	KRTAP2-4
144812	LRRC47
144826	ZNF23
144829	TF
144833	COQ8A
144837	PDDC1
144845	BCL11B
144848	PAX3
144866	KCNK7
144872	FN3KRP
144873	TFAP2B
144878	FAM65C
144879	ATG12
144881	ZFPM1
144894	CTSW
144901	VASN
144903	SLC16A14
144908	ACO2
144919	VGLL4
144932	DNAI1
144935	UCP3
144937	ZBBX
144941	HOXA4
144959	SRR
144979	CDCA7L
144980	CLK4
144981	CAMK1D
144984	UBL5
144985	ETV2
144993	POLR2A
144994	FYB
144998	PSMA7
145013	ARFRP1
145018	SHE
145023	ULK4P3
145025	EDARADD
145041	GBP1
145042	MCRIP1
145045	PREX1
145049	BAIAP2L1
145053	FBXO40
145056	MACROD2
145059	KCNB2
145066	MOB3B
145069	BIRC2
145078	STARD8
145091	SPDYA
145093	RAP1B
145100	CACNG2
145107	ADAMTS6
145132	PPP1CC
145146	PIK3R5
145150	MESDC1
145155	CDC7
145157	AMMECR1
145160	ANKRD49
145164	DYNLL2
145171	GTPBP6
145190	MRPL32
145191	STMN3
145197	ADCY4
145203	NT5C3A
145205	TBC1D31
145214	C10orf53
145225	SLC30A7
145228	ITGA5
145230	VARS
145236	CRISP3
145241	HTR2A
145263	TSN
145266	IQCC
145269	SLC44A1
145275	GNPDA1
145287	ORC1
145294	IFNW1
145309	ZFYVE9
145312	CRBN
145319	ADAMTS2
145324	ZNF16
145326	ZNF786
145338	EHHADH
145340	SLC6A5
145349	NCF2
145353	PHYHIPL
145357	RPP40
145359	NEBL
145360	KCNJ6
145370	DIDO1
145376	PAK4
145379	TBC1D5
145387	METTL7B
145388	CELA3A
145412	CPSF6
145415	CALML6
145429	MRPL46
145438	SSH3
145447	EPHB4
145458	ANXA9
145481	RNF10
145483	PTGER1
145487	GPAM
145499	ETNK2
145500	CFAP43
145509	KRTAP3-2
145520	RAB11A
145525	GPR87
145548	TMEM106C
145550	S100A11
145553	CBR3
145554	GALT
145556	TAP2
145559	ERCC8
145581	ALG3
145583	GYPC
145587	ACTL6A
145597	NPLOC4
145606	MBD6
145611	LUZP1
145623	BPI
145624	RSPH1
145632	GCLM
145655	ZNF654
145660	FAM192A
145670	BEND7
145675	KRT5
145677	SOAT2
145682	CDH15
145693	DIO3
145696	DCLRE1A
145705	ZDHHC23
145714	SNX22
145721	PARVA
145738	TFAP4
145751	ARHGAP9
145753	PPAN
145754	IL27RA
145760	PRKAR2A
145761	KANSL2
145763	TMEM143
145778	RAB14
145784	MS4A7
145796	ZNF320
145797	C19orf24
145807	MED26
145818	TOMM40
145823	TRPV4
145829	ERMAP
145831	ESPNL
145835	NUDT16L1
145851	BTAF1
145856	KCNK13
145859	PLA2G1B
145867	ZNF592
145871	CCND3
145872	MED13L
145879	C7orf34
145891	HIPK4
145893	UBE3B
145910	IL1RAPL2
145914	NUDT12
145918	C11orf80
145919	MMP7
145920	RPL41
145923	SLURP1
145935	FAM83E
145937	FAM174B
145940	ASMT
145947	ADCK2
145949	NFAT5
145956	GLYATL1
145959	ST6GAL1
145980	GRAMD3
145983	TACC1
145987	CCDC178
145990	TGFB1I1
145991	ZNF3
146003	GLYCTK
146012	C6orf62
146019	PAM
146037	FDCSP
146055	PPP2R5B
146058	MMP2
146065	PSD3
146066	NMRK1
146073	ZMPSTE24
146076	FLVCR1
146084	EXOSC6
146098	PTTG1IP
146101	G3BP1
146110	PSMA1
146111	PACSIN1
146112	ABCD2
146114	LNX2
146115	LNPEP
146130	TINF2
146137	CDR2L
146180	L3HYPDH
146183	FAM46D
146218	OR1G1
146224	OR6N1
146229	VPS45
146234	EHMT2
146237	OSCP1
146250	FABP3
146264	INPPL1
146270	AGAP3
146289	DDX3X
146299	SIRT5
146302	P2RX5
146305	DENND6B
146311	IFITM2
146323	SECTM1
146324	SPANXC
146329	WASF2
146330	RNPS1
146331	RPP21
146332	BRD4
146341	FXYD2
146364	SLC14A2
146370	NPPC
146373	NLGN4X
146376	MT3
146400	ENTPD5
146430	TMED5
146435	HSPBP1
146438	PATJ
146446	CASP6
146451	PROKR1
146467	SOS1
146472	NUP107
146475	DEGS1
146482	SH2B2
146508	SMYD5
146510	BAX
146512	PARP4
146514	PDLIM2
146521	DOK7
146527	ENDOG
146532	BATF
146533	YPEL2
146543	ROBO4
146548	SMARCB1
146550	SRMS
146556	KRBA1
146560	SURF1
146568	VAX2
146578	CAMTA2
146580	NKX2-5
146582	NSUN2
146586	TSC22D3
146593	ACADVL
146597	EMC2
146598	PODNL1
146599	MED15
146625	FEV
146650	SCRN3
146652	ATP2C2
146656	PUM1
146661	ADD1
146663	KANK1
146666	SAA2
146701	CDH16
146706	OXR1
146709	UBA6
146711	TMEM8A
146721	ISY1
146722	GUCA2A
146727	GPR176
146745	PATE1
146753	ARL14EP
146754	SCLT1
146756	MANEAL
146768	EDC3
146772	ENPP2
146773	USP29
146795	KRT35
146796	SCRIB
146810	FAM222A
146818	PCSK7
146832	OLIG2
146841	KBTBD4
146843	GSTM3
146885	POMT2
146890	NTN5
146893	GPD1L
146894	RIT1
146897	PRKCDBP
146904	LDLRAP1
146906	ADH1B
146916	F3
146920	POGZ
146922	CASP1
146938	TP53INP1
146947	CERCAM
146949	C11orf87
146959	ACSS3
146963	LONRF3
146973	DBNDD2
146990	SLC2A1
146996	HAPLN3
147040	TCF19
147046	NARS
147050	MOB1B
147056	MYBPC2
147058	KCNIP4
147061	HS3ST4
147065	NUDT1
147073	ZNF562
147075	MSLN
147078	LARGE1
147079	TCIRG1
147091	OR52N2
147102	HS3ST3B1
147105	CAPN13
147106	PDRG1
147107	KERA
147109	NOL7
147111	FBN1
147112	GPS2
147118	RALGPS2
147121	LOR
147124	VGLL1
147125	ATP5S
147130	NAV1
147135	CENPU
147139	MCL1
147143	RAPGEF5
147144	CHPF2
147148	LRTM1
147154	CFAP45
147178	DOPEY1
147186	USH1G
147222	C12orf40
147224	VSIG1
147250	TRADD
147263	NECTIN4
147271	SLCO1B7
147272	HTR1D
147273	RAB1B
147278	LRIT1
147282	PNP
147289	POLR3F
147290	MET
147293	LPAR2
147295	SUMF1
147296	TMEM263
147300	CSNK1G3
147307	PLEKHO2
147309	COL22A1
147312	ZBTB41
147314	EIF3L
147316	POU2F3
147327	TNFRSF25
147339	SHQ1
147343	OR51I2
147346	DEFA3
147353	EGR1
147355	SOX13
147379	TTF2
147381	AOC2
147395	TSPOAP1
147399	CLEC4D
147403	ZNF583
147420	COPG1
147423	TAS2R1
147436	MAP2
147437	SYNGR3
147448	CEBPA
147451	MST1R
147458	TAT
147463	CYBA
147486	ZNF34
147491	PIGS
147492	NCOA2
147495	ST3GAL5
147505	DYRK4
147521	TPI1
147522	TBXA2R
147524	SCN11A
147526	RBM24
147532	GOLGA7
147539	PPARGC1A
147546	TEC
147548	PPIA
147557	APOL4
147560	SCYL2
147567	GLCE
147573	B4GALT5
147578	CLIC2
147584	NTNG2
147592	CCDC50
147595	ZNF614
147604	POLD3
147610	ZNF696
147612	EXOC6
147628	ESR1
147632	FBXL20
147634	AKAP9
147646	IGF2BP2
147679	NPC1L1
147692	ATG4C
147693	RPL23
147703	NOS1
147704	GALNTL5
147708	HCRTR2
147729	GKAP1
147730	RBM19
147731	ABLIM2
147739	DGKB
147749	CRP
147764	OGG1
147767	VARS2
147770	PGLYRP4
147772	HAPLN4
147778	RBMXL1
147793	IL20
147806	NUF2
147822	LATS2
147826	FGF9
147845	OTOF
147846	ANKRD2
147853	PACRG
147879	HNF4A
147885	HLA-DRB3
147888	CDH7
147893	REPS1
147906	ARX
147912	RCAN3
147917	LSMEM2
147920	CPEB1
147923	MYDGF
147928	GDPD5
147930	MKNK2
147933	GLIS2
147936	SLC7A1
147942	S1PR4
147950	KCNQ2
147956	CRYGN
147960	NAE1
147962	LACE1
147966	SHPRH
147967	PIK3C2G
147976	TMPRSS3
147978	FAM84B
148010	DNAJC3
148027	EMC8
148029	NSDHL
148034	PROP1
148045	SEPT12
148049	CACFD1
148051	PELI2
148053	ADI1
148054	PHLDA1
148058	RECQL
148065	GLRX
148072	GPN2
148103	ACTL6B
148113	GART
148114	TRIT1
148116	PLXNA3
148128	CD7
148133	GPR68
148139	RPS17
148144	TM7SF2
148146	DEF8
148149	STK11
148151	BBS5
148152	SOX1
148153	DUSP4
148161	DNAJB3
148163	PPP1R16A
148166	CDCA2
148167	SLC1A3
148171	POLR2G
148186	STMN3
148221	MAGOH
148222	RPL41
148227	WDR45B
148230	RMND1
148241	METTL5
148242	HSPA1B
148249	FGA
148252	TFAP2A
148258	CPT1A
148260	TLE6
148266	TMEM266
148271	GABRA5
148282	GREM1
148299	WDR25
148303	DHX30
148308	PLA2G12B
148325	SLC7A9
148352	ZCCHC6
148356	SH3RF1
148362	OGN
148364	GPRC5B
148374	MAP1LC3C
148379	ZAP70
148396	TAF1D
148417	ADAM33
148419	MYBPC3
148428	EFNA3
148430	DENND6B
148434	FZD9
148435	F2RL1
148473	PTPN22
148494	ADRA2C
148500	BRD8
148503	NAB2
148511	SFN
148513	PRELP
148526	TMPRSS9
148527	ESCO1
148541	RAB3C
148547	TBC1D14
148562	PMS2
148565	NDUFB8
148571	FAM160A2
148590	C1QL2
148600	EGLN1
148604	TSC2
148609	POLE3
148619	ARHGEF10
148620	SLC44A4
148630	AGT
148634	PPCS
148637	MYO1C
148644	CHRNA1
148650	PLOD1
148672	SNRPA
148677	NKD2
148685	PSTPIP1
148686	ZNF787
148696	JUNB
148721	CWF19L1
148728	C6orf25
148730	REM1
148731	KIAA1324
148734	MESP1
148741	DNASE1L2
148743	C1QTNF4
148761	NKX3-2
148762	CPNE7
148768	TRAF3
148769	VAT1
148770	MGLL
148771	RENBP
148791	TOB2
148792	GABBR2
148804	SOX21
148806	SRCAP
148824	MOGAT3
148827	FGF22
148829	SHOX
148843	ULBP3
148844	DYM
148862	BHLHE23
148877	HIST4H4
148882	TRRAP
148901	SNX20
148905	CD70
148916	TRIM35
148924	YPEL3
148927	PHAX
148928	PECR
148933	ABHD1
148940	HIST1H2BD
148943	GAMT
148949	CCDC187
148952	HAUS1
148957	OSBP2
148963	NR0B1
148971	C1orf112
148980	OR2M5
148981	CPLX1
148983	GDF10
148987	GDF5
148997	GPX7
149010	NME3
149014	FLYWCH1
149020	MTNR1A
149049	FBLN1
149051	NKX6-1
149059	SCGB1D4
149065	FAM86C1
149070	UTF1
149073	C17orf50
149090	ERICH1
149095	KRTAP8-1
149099	SVIL
149125	HSD17B7
149127	HOXD1
149130	HNRNPM
149133	SOD2
149134	LMNB2
149145	WDR34
149150	ANO7
149151	C1QTNF8
149158	RRAD
149181	CCDC94
149192	CXCL1
149211	PC
149212	LSM6
149216	DAO
149230	NOTCH3
149248	HAGH
149250	ZNF671
149251	SLC6A2
149252	IKZF3
149253	RASSF9
149260	PLA2G6
149270	KDM4D
149282	PLBD1
149300	KAZN
149301	LCA5L
149303	CCDC8
149331	IL27
149339	CUEDC1
149340	PKN1
149342	DHX29
149347	PDIK1L
149351	AMIGO1
149353	DEPDC5
149354	SUN5
149386	C7orf50
149389	ABAT
149391	NHLH2
149395	UBE2L6
149399	PACRGL
149402	FCF1
149404	KLHL12
149414	RPLP0
149416	ZFP64
149419	OCLM
149425	FAM58A
149429	SFMBT1
149431	FOXJ3
149434	STXBP1
149435	PHYHIP
149438	BIN1
149439	ST8SIA5
149440	CADM3
149461	RACK1
149469	OPN4
149473	FAM50A
149486	GRIN1
149494	EXOC3L1
149497	ATG101
149504	NSL1
149508	DNAH7
149512	OR6B3
149525	TRAPPC10
149542	DVL1
149553	PPP1R9B
149581	SLC22A1
149582	VPS13C
149591	RHOB
149612	HIST1H1E
149623	FAM83C
149642	NCL
149653	KIFC3
149672	NOL3
149674	ANO7
149705	NMRAL1
149707	SLC19A1
149716	DGKZ
149721	CCDC90B
149730	C1QTNF2
149738	CASZ1
149740	PYGO2
149750	PVR
149755	ST6GALNAC6
149758	SSBP4
149759	NAPSA
149764	EGLN2
149768	FAM187B
149780	DUS1L
149785	CRB3
149793	TPST2
149805	FRZB
149808	LST1
149811	MRPL49
149817	SLC1A7
149818	CACNG8
149825	LEF1
149826	METTL3
149827	TGOLN2
149837	MYBBP1A
149852	AKT1
149856	FOXN4
149869	C1QTNF7
149874	ADAMTS6
149878	HAPLN2
149880	TPMT
149882	KRT37
149912	CUTA
149917	OAS1
149921	RBP1
149923	HYDIN
149932	PPM1F
149934	TRMT2A
149943	REV1
149944	MRM1
149945	UCP3
149974	WRNIP1
149984	ZBED1
149986	UAP1L1
149988	POMC
149994	LAMA2
149997	NXF3
149998	MKL2
149999	SLC44A5
150003	GBA
150009	SRP19
150010	ENTPD1
150022	SPATC1
150024	HDAC1
150029	FAM117A
150031	ITGAL
150036	GRK5
150037	LYZL6
150045	EP300
150052	GALNT1
150053	KIAA1161
150062	WHSC1
150074	CAMKK1
150078	INTS7
150079	POC1A
150087	QDPR
150090	GPX5
150094	YTHDF3
150104	FGF7
150106	STEAP1
150112	EHD1
150130	DLL1
150137	FABP4
150142	LY6G5C
150147	ABCG8
150159	CDKN2D
150161	RCE1
150170	SLC25A1
150174	NRN1L
150179	JDP2
150184	SPEF1
150191	PTPN9
150207	OPN1SW
150213	EARS2
150219	NRARP
150230	SCARF2
150233	PEX2
150241	NCK1
150245	VAV2
150246	ZNF446
150251	CLEC4F
150254	MSRB2
150259	SYT3
150264	SLC16A11
150292	CISD1
150299	NDUFB10
150301	SSC4D
150303	TMEM53
150305	LARGE2
150307	STRADA
150309	CDC123
150310	PHTF1
150318	KNDC1
150320	GPALPP1
150324	GNA15
150332	FLJ42627
150336	MDGA1
150353	IGFBP6
150358	MAFK
150360	MPDU1
150368	IFNLR1
150377	OR2B11
150381	C1QC
150385	WFDC6
150387	PYGL
150399	IL10RA
150410	COL17A1
150424	GLTP
150425	PSEN2
150432	UBALD1
150454	ARVCF
150457	WNT10A
150463	ZNF420
150470	AGT
150476	MYCBPAP
150486	NT5C3B
150489	SIRT4
150494	SYNE3
150497	CBFA2T3
150503	CLN3
150510	ILKAP
150516	TXNDC15
150521	CTBP1
150528	DLX4
150535	ENKUR
150545	ZNF28
150548	N4BP2L2
150554	SMYD3
150557	FAAH
150558	EDNRB
150564	LAMTOR1
150567	DAB2
150569	PLEKHA3
150576	NSF
150578	PKD2L1
150591	ALKBH5
150602	KRT77
150607	DNAJC11
150608	TMEM71
150611	HSD17B11
150616	WDR60
150620	SNAP29
150628	ATXN3
150647	PPARA
150652	ARTN
150667	MAGED1
150670	CD1C
150673	DTD1
150693	MPP4
150696	MPC2
150701	CASP5
150703	EPS8L3
150705	PRDM10
150727	LCE2B
150749	TRIB1
150758	B9D2
150761	ABHD11
150768	NUP133
150769	GYPE
150776	LUC7L2
150785	PRKACG
150789	PPP1R17
150790	S100A16
150810	LARP6
150811	PFDN1
150817	HN1L
150819	RPL7A
150820	OR7A5
150849	IFNA14
150855	ALDH8A1
150867	CCKBR
150872	SMARCAD1
150891	PLEKHO1
150893	SNX16
150896	TARDBP
150907	OR2B3
150919	SLC2A10
150921	POLD2
150924	LY86
150934	LYRM7
150942	CORO6
150955	FNTB
150962	CFAP61
150963	CFD
150965	POMGNT1
150981	ZC2HC1C
150996	NDUFA13
150999	OR8J1
151000	CEBPD
151002	UNC93B1
151005	CA9
151011	CRYBB1
151014	NUDT13
151027	CHI3L2
151033	STX10
151042	CHRNA10
151049	MLLT11
151050	OR14C36
151054	RPRD1A
151056	MFAP4
151060	STRIP1
151061	YIPF5
151062	MRPL42
151068	ZNF684
151071	ZFAT
151072	RPP30
151080	APH1A
151082	BCKDHA
151095	SLITRK3
151098	ARL2
151107	LRBA
151108	ASNS
151113	LSG1
151118	CCL16
151125	PKLR
151128	STAU2
151130	PLEC
151133	NRBF2
151138	FZD5
151139	UBIAD1
151148	SUV39H2
151149	ZNF317
151150	COG4
151155	PRND
151156	CHFR
151167	GPR37L1
151168	MTX1
151173	SIGLEC6
151186	TSKS
151187	TAS1R1
151189	FEM1A
151191	PCID2
151192	CCNI
151197	F12
151216	OR9G4
151218	C7orf62
151219	PRDM13
151221	JAGN1
151259	PDGFRA
151268	PSAT1
151294	HHAT
151302	GPR52
151308	MRPS9
151336	FANCD2
151341	COMMD10
151349	MDGA1
151377	RNF103
151390	PRKG1
151391	LGALS8
151402	PPM1M
151417	SPG20
151419	C19orf25
151426	VPS41
151439	LIMK2
151469	ADGRG5
151472	OXCT1
151475	PCDHA4
151476	TAZ
151483	KIAA1191
151514	SYVN1
151529	ZC3H10
151530	FKTN
151531	DBN1
151549	CCT5
151550	KIAA0196
151575	AFAP1L1
151579	ST3GAL1
151600	MDP1
151627	LGALSL
151651	CTSH
151652	UBQLN3
151662	OR51E2
151665	PRRT3
151669	SLC13A5
151688	RWDD2A
151695	HNRNPH1
151697	KRT85
151708	GLDN
151718	DEFB127
151722	ITM2B
151724	BCL6
151733	XRN1
151759	SCD
151768	TMEM241
151770	TSLP
151778	TAP1
151779	ANP32A
151792	EPCAM
151793	B3GAT2
151816	TULP4
151827	ITPRIP
151830	OR10G3
151835	LGALS1
151841	PIP5KL1
151843	NCOR1
151844	ATP6V1B2
151849	CYB5R4
151855	PPA2
151858	TUT1
151863	CHST1
151864	TDP1
151867	SSRP1
151877	KCNIP3
151904	CERK
151907	WFIKKN2
151912	LMTK2
151914	RPS6KC1
151931	SEMA4G
151939	THSD4
151941	TRIM68
151955	KLHL26
151956	CSRNP1
151962	DEFB118
151970	ZFYVE26
151989	EVX1
152002	GPR26
152023	EBI3
152027	IQCA1
152031	ESRRB
152041	GALNS
152050	CCDC113
152057	NUP93
152058	MKNK2
152068	DCHS2
152069	THAP7
152070	ADGRG2
152076	MMP14
152081	SPTBN4
152085	CD5
152087	TFR2
152091	RFTN2
152119	LRRC31
152127	QPCT
152134	PGGHG
152140	FBXO2
152145	RPSA
152147	SLC25A39
152148	DNAJB5
152149	CACNG3
152152	PRG4
152158	EGFL7
152164	TAF11
152186	RFC2
152190	SLC6A12
152193	LIPC
152202	C7orf26
152213	ANKZF1
152215	MED25
152221	POU4F2
152222	TTLL2
152232	SLC8B1
152243	SMIM7
152248	WASH1
152261	C7orf69
152262	ATP6V1F
152281	CTTN
152289	SLC30A3
152311	COPS6
152319	ADGRF1
152323	TLX3
152328	GSS
152339	FAM171B
152345	RPN2
152354	HPX
152363	RPS6KA5
152367	PCDHB13
152376	EMP3
152384	ADAMTSL4
152387	CAB39L
152393	LRIF1
152396	ANGEL1
152406	HSPB9
152410	SSSCA1
152440	OR2A2
152463	PLCL2
152470	SWSAP1
152476	FUBP1
152479	IDI2
152483	EXOSC3
152491	SLU7
152498	GTF2H5
152507	NOTCH4
152508	SPATS1
152511	SLC7A5
152515	TBRG4
152522	KRT15
152537	LCN9
152539	PSEN1
152541	TULP3
152561	KCNN4
152567	IFI27
152569	ELMOD3
152585	HEXIM2
152588	RPS3A
152593	FAM19A3
152616	MMP25
152620	C21orf58
152627	PYGB
152631	PRDM2
152636	NXPH3
152650	ANKRD13D
152660	CD6
152666	LAYN
152680	LINGO4
152700	KCND3
152718	ACTN3
152725	PLAT
152727	SLC35A2
152734	YWHAZ
152735	MPP2
152747	CELA2B
152749	KCNQ4
152777	TSEN34
152779	IRS2
152780	IL13
152791	C14orf1
152794	KIR2DL3
152802	TCERG1L
152803	C1QTNF5
152809	PPEF1
152811	OR10H5
152816	GRK6
152817	OLR1
152820	SLAMF7
152831	OXCT2
152836	KRTAP4-7
152841	ACRBP
152842	OR51T1
152848	APOC4
152850	LHX6
152852	FOXM1
152856	TMEM45B
152864	VPS8
152873	DDX39B
152882	CTF1
152891	GCNT1
152906	LMNTD2
152911	STRIP2
152928	CLIC3
152931	ARHGAP27
152934	HDDC3
152936	SLC43A1
152949	B3GNT4
152957	CLDN1
152994	KCNG2
152997	RAB8A
153002	RPS10
153005	JMY
153018	KRT75
153019	NELFB
153036	PPP2R2D
153055	NUP205
153070	KHDC1
153072	STIP1
153082	LHX1
153090	CMTM1
153102	NTSR2
153110	C5orf38
153112	RAD54L
153119	SDHA
153143	TRIO
153147	KIAA0556
153152	SYCE1
153155	C11orf84
153157	KCNK4
153160	SLFNL1
153166	TNFRSF13B
153167	MID1IP1
153178	STRN4
153182	CNTNAP3
153188	ULK1
153207	LRFN3
153208	RPS9
153215	LRRC29
153243	EIF1B
153274	FGF11
153280	PRKCD
153282	TNFSF10
153297	FCER1G
153302	EOMES
153336	ZZEF1
153339	CRACR2A
153341	LECT2
153369	SOX3
153383	CPNE4
153385	PARS2
153395	POT1
153406	C21orf62
153407	FOXH1
153410	RHOV
153421	CREB3L1
153433	TSPAN17
153434	PIAS4
153454	GTF2F2
153464	CABLES1
153472	MYBPH
153476	NDRG2
153482	HRH2
153496	MYOM2
153516	PITHD1
153528	NLRP4
153529	C1orf61
153533	METTL18
153542	LGR6
153543	PLEKHA6
153544	NAPA
153552	RTTN
153554	BTNL8
153560	DDX49
153570	GADL1
153575	PPP3CC
153586	CLEC12A
153595	HCRTR1
153599	OR8K5
153602	FBXL18
153609	CLDN5
153619	SLC5A9
153620	LSM2
153627	SCEL
153630	CDIP1
153650	CACNA1B
153651	CLDN15
153653	PTPN5
153663	FBXO9
153678	TRPS1
153684	NAT8
153694	HCLS1
153697	PAQR7
153698	TRMT5
153718	DTYMK
153737	RASL11B
153742	GRIK1
153745	ZNF470
153747	SCN2A
153748	MCPH1
153753	ELOVL5
153763	TEX11
153780	SNRPD3
153788	LPIN1
153789	DNMT3A
153800	TRIM14
153812	COMMD4
153821	COASY
153830	PKD1L1
153845	MTMR10
153852	TTC39C
153856	SPINK5
153864	PLD4
153865	FMO3
153870	RAB38
153888	BHLHB9
153898	TTC39C
153907	GPD2
153914	OXT
153942	PIGQ
153949	MDH2
153960	PSMC2
153977	DPCD
153981	KIAA0319L
153988	ZBTB8OS
153995	CCDC130
154019	SEC14L4
154022	FAM167B
154033	LBP
154044	XPO7
154060	IKZF2
154064	MYH4
154071	IARS
154086	NUMBL
154089	MUC13
154091	MYL1
154100	SPATA2
154101	FRAS1
154111	HDAC10
154112	NCR2
154117	LRRC15
154130	ODAM
154143	C5orf46
154154	MRPL28
154165	SPATS2L
154179	C15orf39
154223	GBE1
154230	TREM1
154237	ANKLE1
154243	FRMD3
154251	LRTOMT
154265	DLC1
154269	OR5D18
154286	FASN
154297	NTF4
154301	GOLT1B
154319	SLC22A14
154326	S100A6
154339	IGFALS
154341	HOXC6
154353	IMPG2
154356	RALY
154357	ZNF133
154366	LEFTY2
154370	CRLF1
154374	SEMA3A
154377	CST8
154387	MLLT6
154399	ABR
154407	ZER1
154409	POU6F2
154410	MYBL2
154419	GABARAP
154423	ERCC3
154428	CRYAA
154434	AMIGO2
154437	LRP6
154443	GUCA1C
154444	JAK3
154445	LSR
154446	HCRT
154452	MCHR2
154453	ACTL8
154454	XRCC1
154456	ZCCHC2
154469	DPEP3
154482	CYYR1
154486	ARPC3
154498	HEXIM1
154506	MYH9
154513	KBTBD3
154517	ATP5G3
154522	COX11
154524	PRSS3
154543	ANKRD13C
154562	HYPK
154577	TMEM248
154578	ROMO1
154587	ODF3
154597	C10orf25
154605	C15orf57
154607	FXYD5
154609	ZNF135
154619	GTF3C4
154628	HS3ST1
154632	OGFOD3
154643	DACH2
154654	WDR66
154655	CNFN
154657	HOXB8
154662	MITD1
154663	BIRC3
154668	TMEM19
154673	RABGAP1L
154682	CD244
154689	OR4E2
154691	CLSPN
154694	CFI
154695	ZIC2
154699	RCN3
154711	GEMIN7
154728	NDST4
154743	TMEM61
154754	FRAS1
154759	LRP5
154770	GHRL
154773	CACNA1F
154777	GPR12
154779	TSEN15
154782	POU1F1
154787	DGCR8
154789	TUBGCP6
154792	GALM
154797	RAB15
154821	APOBEC1
154826	NOX5
154827	FDFT1
154829	IMPACT
154837	NREP
154839	APBB1
154844	TRIM16
154852	SHANK2
154858	KMT2E
154860	TSPAN13
154864	PCSK6
154870	MLC1
154892	KCNAB3
154895	CPA4
154897	SLC2A4RG
154903	KIF1A
154907	CTGF
154909	LPCAT4
154912	MRPL38
154915	DCTN5
154923	COL7A1
154928	TPGS1
154932	GRN
154935	ALKBH6
154937	TMEM38A
154938	LYPD6
154949	ASB4
154955	SLC47A2
154961	ZSCAN32
154962	NFYC
154973	SPTBN1
154978	OR2H2
154981	MTCL1
154988	ASCC3
154991	CCDC24
155029	PLPPR2
155041	FGF8
155047	MEST
155063	PGM1
155071	PRLH
155084	FBXO6
155094	QRICH2
155100	MAN2B1
155112	DKC1
155118	CBX2
155126	CEP120
155137	RD3
155145	VPS33B
155153	TWF2
155157	RARS
155160	CALB1
155169	SPDEF
155172	RILP
155177	KIF12
155197	MYRIP
155205	PTMS
155212	ICAM2
155218	KMT5B
155226	POLL
155234	CSF2
155235	UBR4
155242	POLR1E
155256	HSH2D
155257	TRIM46
155263	TCTEX1D1
155269	ATP5B
155276	SGTB
155302	HDAC3
155303	SLC27A4
155309	SHROOM1
155313	PRSS22
155319	FASTK
155330	LOC388882
155350	LMBR1L
155352	MRGPRX4
155355	RSPO3
155357	SSPN
155361	RUFY1
155366	GABRG1
155372	WISP1
155373	AKAP7
155376	WDR81
155387	TNFRSF8
155390	KDM2B
155406	FAM90A1
155410	HMGN1
155411	IL17A
155417	DENND2A
155422	FNTA
155423	P2RY11
155439	HOMER3
155462	MMRN2
155477	RAB3B
155479	RTN3
155485	KCNIP2
155488	BAMBI
155495	ASB7
155506	MAN2B1
155508	TIMM10
155523	CTSK
155534	ZDHHC13
155553	PPP1R2
155555	ACTRT1
155556	IGKV2D-26
155565	ASIC1
155568	CLEC16A
155570	WDYHV1
155575	RGS7
155581	CEP131
155598	NDUFV2
155604	ADAMTS18
155606	CERS4
155607	C11orf68
155621	CACNG6
155630	ANKMY1
155638	NAT1
155649	CDH20
155654	EYA3
155660	SRSF9
155665	PDXK
155671	ARSE
155673	MYOCD
155675	LGR4
155682	DENND1C
155708	GMNN
155712	SHC3
155718	SH3PXD2A
155724	KRT81
155740	APOE
155747	CYP11B2
155754	SEMA4A
155780	ANK2
155781	SLC17A1
155785	SH3BP4
155786	RNASET2
155792	MPST
155794	ANKRD13B
155797	MED11
155832	GJC1
155848	PRADC1
155850	S100A4
155851	HOXD13
155853	CLDN11
155869	PLA2G15
155879	PXMP4
155891	PPT1
155892	ASAP1
155893	ABCB9
155900	ALS2CL
155915	ABCA7
155937	IRGQ
155941	HIC1
155945	TIMM23
155957	NR1H3
155962	FOLR3
155965	TDRD6
155968	SRF
155970	SMIM14
155980	SH3RF2
156007	DOCK7
156009	CDH8
156010	ELFN2
156013	RWDD1
156016	UNC5B
156017	TMEM105
156018	CCNG1
156019	DUOX1
156020	RARRES2
156029	PCMTD2
156030	TXNDC12
156039	OR10X1
156051	KRTCAP3
156072	LILRA4
156073	NCOA3
156083	GABRG3
156092	RPL3L
156100	AHCYL2
156109	OR10C1
156116	EI24
156119	PSMB10
156126	COA5
156133	GPR32
156146	AP5B1
156149	GCK
156167	YBX3
156170	RYR1
156186	ARRDC4
156190	IFNG
156192	FARS2
156211	TNFRSF10D
156212	ZC3H8
156213	EPN3
156215	ALYREF
156219	LSM12
156236	RRP8
156250	ADORA3
156267	RGN
156268	PCDHB16
156269	PHYHD1
156297	AGPAT4
156300	DPP6
156304	PSMB2
156311	INS
156320	DEAF1
156325	INTS4
156331	AFF3
156333	FGF13
156343	TCL1A
156345	CHERP
156348	CDPF1
156350	AUTS2
156372	MERTK
156377	TREX1
156379	SLC39A6
156417	SLC52A3
156421	RDH11
156432	PIF1
156433	SDPR
156435	PHC1
156437	GRB2
156446	SLC12A8
156448	BUB1B
156474	EPHB6
156490	HOXA1
156493	SOCS3
156494	CDK10
156496	KLHDC4
156497	RALBP1
156507	BOD1
156511	ME1
156519	CLDN4
156523	SYT8
156527	XBP1
156535	ZNRF1
156536	PHB
156539	OSBPL3
156541	ADAMTS14
156543	OR2T10
156554	TPRKB
156570	PPAT
156571	PGM5
156576	ZBTB49
156577	ALPK2
156579	LOXL1
156580	BRF2
156585	FAM151A
156600	RALYL
156602	TBL1XR1
156604	CHIA
156607	SLC19A3
156624	REEP1
156640	RPS2
156641	DIXDC1
156649	RUNDC3B
156659	ARF4
156660	ITIH1
156662	GET4
156671	BCL2
156705	SLC15A2
156722	PNMA1
156729	AP4B1
156730	RHEBL1
156731	HAS1
156745	ZNF304
156746	CHST10
156754	SLC10A2
156757	VCX2
156761	RAB18
156763	STAG3
156772	CHRNA9
156775	OAZ3
156790	COL2A1
156792	MELK
156794	SYPL1
156807	RABGAP1
156811	SLC37A4
156822	CHST13
156829	ACYP2
156837	AMMECR1L
156849	SAE1
156864	KLF5
156869	DYRK1A
156873	TMEM147
156893	GPR173
156895	TMEM50B
156901	ALS2
156918	MICU1
156921	POLG2
156938	SETBP1
156950	PRPF8
156951	PTPN20
156956	CACYBP
156964	TMEM97
156986	PIGA
157002	DDX47
157004	NEK4
157008	ABHD14B
157022	PLAC8
157027	PLA1A
157032	TBCCD1
157038	MFSD10
157046	KPNA2
157050	SLC22A7
157060	SERTAD4
157073	CHRNB3
157083	FAM65B
157084	ERBB3
157095	OR10J1
157102	PLAC8
157110	IQCF1
157126	ZMYM3
157137	LANCL2
157143	UBAC1
157162	KRT222
157165	HINT3
157169	GPR1
157178	ZNF134
157188	FAM134B
157193	RAB10
157194	BUB1
157195	KRT1
157198	WDR27
157201	FOXI1
157206	CSNK1D
157207	TCAF2
157216	DECR1
157221	TMEM133
157225	PCNT
157237	ELL2
157242	UXT
157244	DYNAP
157246	NAV1
157248	SCRT2
157258	SLC6A17
157269	SLC5A10
157271	FMO2
157276	TAL2
157279	ZNF14
157302	ZDHHC14
157311	SZT2
157327	VIPAS39
157336	NHLRC2
157337	BCAP29
157338	RARRES1
157342	RSRP1
157348	MIER3
157350	KRT72
157361	PREX2
157377	GOSR1
157387	EGLN3
157388	RAPGEF1
157389	TJP2
157398	M1AP
157404	MTHFS
157406	KCNB1
157407	PELP1
157408	KCNV2
157410	MEX3D
157425	SNTG2
157432	ITGA9
157436	CLCN7
157439	IFT43
157450	KLK7
157464	HSD17B1
157486	ALKBH4
157489	POLD4
157503	KDM4A
157517	CTDSP1
157518	COX5A
157520	MAN2C1
157527	XAF1
157528	GP5
157534	THAP11
157540	PRKAB1
157543	SLC25A23
157545	SREBF2
157547	FZD2
157555	TRAIP
157556	EXOSC5
157563	DCST2
157569	CD164L2
157571	EPPIN
157572	PSPN
157574	LHB
157577	MSMO1
157587	OVOL1
157593	LMAN2
157596	UNC13B
157602	COMMD9
157605	CPNE6
157608	RPS25
157617	RAB34
157622	LMX1A
157627	TOLLIP
157636	SLC35F3
157638	ATP6V0B
157644	MMP21
157646	ZNHIT1
157665	RLIM
157685	UBA3
157688	SUPT20H
157699	ALS2CR12
157702	NDUFV3
157712	CAMK1
157725	PPP1R3C
157727	EXTL1
157732	ABHD17A
157734	ANKDD1A
157737	LRRC71
157745	DQX1
157755	OSMR
157759	RIMKLA
157769	POU5F1
157770	MAP3K15
157771	GBX2
157775	UTS2
157780	SLC26A2
157786	CLEC11A
157795	CD109
157796	NUBP2
157799	ZNF625
157802	SEC31B
157804	RBM4B
157820	C10orf76
157822	NADK2
157828	SLC6A17
157845	MRPL47
157846	FGFBP3
157859	UQCRH
157862	TAP2
157865	SYT14
157868	ST18
157883	NAPG
157895	SH3BGRL
157905	RNF40
157917	AURKA
157921	PAOX
157922	SST
157928	MICAL1
157937	IL2RB
157941	C3orf18
157942	NUAK2
157943	VEGFA
157957	GNAI3
157963	CSPG4
157979	RNF145
157982	RNF186
157985	AICDA
157990	IFNAR2
158011	LOC729461
158015	SLC22A9
158049	VWA8
158058	MFSD1
158062	CCDC14
158064	KLHL25
158067	TP53BP2
158072	OR52K1
158073	ACY1
158076	KLK4
158079	LTB4R2
158083	PCNP
158090	TGFB2
158091	VIMP
158112	ATG4A
158115	CSTF3
158124	DENND4A
158134	KMT5C
158140	IL22
158142	WFS1
158143	CELF1
158147	IPO4
158174	ZNF514
158198	C12orf29
158210	HACD3
158216	PLAG1
158219	C2CD2
158223	SRR
158227	BRAF
158230	ARHGAP6
158237	GPX6
158239	TRPC1
158257	SRSF1
158258	TLN2
158259	CRB3
158262	F2R
158269	TP53
158272	ARHGEF26
158276	XPC
158279	MAN1A1
158281	CEP192
158289	TRIML1
158297	TAAR9
158303	CCDC38
158312	LEPROTL1
158320	GALC
158321	CSNK2A1
158322	EFCAB6
158330	GSTZ1
158336	WNT9B
158350	MAT2A
158352	EDN3
158366	VEZT
158378	PMEPA1
158386	EPN2
158397	ST6GALNAC5
158398	CDK12
158400	EPC2
158402	APIP
158404	VWA7
158406	CKS1B
158409	ARL17A
158421	IFI27L1
158425	RPRD1B
158426	GAB1
158427	MED31
158432	ZNF17
158439	TCF20
158446	STAP1
158453	SLC35A1
158467	CSF1R
158472	HIST1H4A
158490	RSPH10B
158495	DDR2
158499	RIBC2
158501	MMP8
158513	PRDX2
158523	PAFAH1B1
158532	DCAF8
158533	MECOM
158538	PHIP
158554	MSANTD2
158556	TAL1
158557	SYS1
158561	AZIN1
158562	MOK
158569	TMEM204
158589	OR6V1
158590	VAMP7
158596	E2F4
158597	AMPH
158604	SORT1
158606	ABT1
158607	GABARAPL1
158610	TRIM24
158620	HNRNPDL
158624	SCGB3A1
158627	TYSND1
158637	APOBEC3H
158641	CMTM7
158651	RAD51
158652	CD81
158653	MATR3
158654	CYB5D2
158655	C2orf40
158656	CDS2
158661	KDM4B
158664	XAB2
158666	CHST14
158678	CREB3L3
158687	PCBP2
158699	STAT4
158702	CA5B
158708	SLC25A38
158718	PGR
158721	TMEM145
158722	PIPOX
158728	PSMD12
158737	CDK13
158739	GOLGA4
158749	UGT2A1
158756	RBM39
158761	ICAM4
158765	RAD9A
158766	SCGB2A2
158770	TMEM65
158771	GLMP
158772	MOB2
158784	RUNDC1
158787	FAM129A
158792	SPIRE1
158798	C4orf26
158803	ALOX15B
158810	DGCR2
158811	APBB3
158812	NRM
158825	KIF3C
158845	SAV1
158846	GPR171
158867	TPP1
158869	EIF3M
158873	IPCEF1
158876	CNPY2
158887	SLC27A3
158891	GRIA4
158894	RRAGB
158904	RPS21
158923	RTP1
158935	OSBPL2
158936	EDDM3B
158938	SCNN1A
158949	TMTC4
158950	SGK1
158959	UGT2B17
158962	OR5K1
158963	SGCA
158966	ART4
158974	ZNF282
158990	EXOSC10
159012	NAF1
159013	AP2B1
159032	ATP7A
159046	LGALS9
159066	CCDC125
159086	ZNF212
159094	PZP
159107	DDA1
159112	LBR
159115	GCSAM
159119	AKTIP
159122	CNGB3
159127	DAP
159141	CMC1
159147	CCND2
159149	RPL35A
159154	ARSD
159155	PPHLN1
159195	EIF4G2
159207	PHF20L1
159208	UTP11
159218	CUZD1
159220	FAM64A
159222	NKIRAS1
159231	TAGAP
159269	NOL9
159271	KLK15
159273	PNLIPRP3
159274	ACVR1B
159277	HOXD12
159281	CCNA1
159288	MIP
159298	GLT8D1
159300	GPR183
159303	RPS27
159319	LRP8
159327	MMGT1
159341	EN1
159351	KDELR2
159358	ANKRD23
159364	HYDIN
159365	PABPC3
159371	THOC5
159379	ACR
159380	MTBP
159381	SLC25A15
159382	HLTF
159391	FFAR3
159394	CX3CL1
159398	NPAS3
159400	BRDT
159402	GPR83
159411	SYT10
159423	ESRP1
159434	VIPR1
159446	ALKBH3
159448	PARL
159450	TESMIN
159454	ECE1
159460	GNRH2
159465	CCL27
159466	DEF6
159477	ESYT3
159482	LY96
159507	ZBTB12
159511	GNG3
159537	BFSP1
159544	GP1BA
159545	ZNF250
159546	OTOA
159555	MIDN
159556	SPAM1
159559	HMGN2
159563	NPHP3
159573	ZC3H13
159576	STX3
159579	SSX1
159590	MAGEA4
159594	DRAM1
159602	S100A12
159604	SPATA4
159616	MOB3A
159617	ARMC7
159629	ZNF334
159630	EGFL6
159636	ZNF211
159644	GBA3
159653	NDUFAF5
159658	GTF2A2
159670	CD53
159687	AIF1
159693	VPS13B
159694	LRCH1
159695	ATRAID
159718	POLR2D
159721	KCNA10
159723	ST13
159727	HERC5
159729	POLR2B
159731	TUBB6
159736	ARL6IP1
159739	LPCAT2
159756	LCN1
159760	PIP4K2B
159761	DLL4
159770	DGKA
159775	SLC17A4
159777	EPO
159786	SLF2
159790	C1orf27
159794	ANGPT4
159795	TAS2R4
159800	EEF2
159805	TIAM1
159810	AMER2
159820	FAAP24
159831	PFDN1
159839	FRAS1
159841	BCAR1
159842	LRRFIP2
159844	IL11
159850	SYNRG
159861	ST14
159863	CSMD3
159865	SLC37A1
159867	GJA10
159870	SLC37A2
159875	ZEB2
159877	LRRC37B
159897	KATNBL1
159900	FAM71B
159901	CCL2
159909	C1RL
159912	ZRANB2
159934	PSMA2
159936	NSMF
159938	COX4I1
159940	DGAT2L6
159948	OR3A2
159953	ZNF777
159962	EPHA1
159964	C9orf131
159965	USP26
159966	HEMGN
159972	OOSP2
159978	TBKBP1
159987	CLDN20
159991	IGF1R
160000	ESYT3
160014	RNF138
160021	GNAS
160030	SRD5A3
160035	POLR3GL
160050	OTP
160054	KIR2DL3
160071	TXLNG
160102	NPY
160104	PRMT8
160111	B2M
160113	PRKCD
160118	A2ML1
160124	FGF10
160128	RPS6KL1
160141	PHC1
160158	CCL5
160161	PDSS2
160171	HPF1
160182	SGIP1
160193	NXN
160195	BDH2
160209	TFEB
160220	KRT24
160222	KBTBD8
160223	RBM33
160229	RAMP2
160249	CHRAC1
160252	PLIN3
160257	DDIT4
160258	ZSCAN20
160259	IFNA4
160263	HIST1H2BH
160271	CEBPB
160273	ZADH2
160280	CCL17
160290	SYNE1
160297	IL1R1
160299	ZNF784
160304	RAB40A
160314	DBNL
160319	ERG
160328	AGAP2
160329	ILK
160343	RNF128
160358	CHRNA7
160373	SYCE1
160378	ADPRH
160381	CUL7
160382	DIP2A
160397	ZC2HC1C
160403	NXF5
160405	SIGLEC5
160407	IER3IP1
160408	SYT12
160416	PIWIL3
160430	SFXN1
160438	ZNF276
160439	UBR2
160454	SMC4
160478	CTC1
160486	ITGB3BP
160490	HSP90AA1
160498	ZBTB12
160503	BFSP1
160507	MYH7
160510	TCN2
160517	FAHD2B
160518	EIF5
160538	DNAL1
160544	ATRIP
160545	CCDC12
160562	NTS
160563	TMEM2
160573	COQ6
160577	KIF23
160580	NEFL
160595	FLYWCH2
160600	TMA7
160608	PLEKHH2
160610	PRG3
160618	FAM160B2
160620	HPR
160621	ZBTB48
160632	SRP68
160637	PITPNA
160645	ZFP3
160660	C6orf58
160673	USO1
160679	ATF2
160697	MBD2
160701	WDR6
160712	CENPM
160733	CYP2A6
160741	RFX4
160743	ZFP36L1
160758	CASQ2
160762	FBN3
160774	SAP18
160776	ARPC5L
160779	STAT3
160791	FER
160795	SLC9A3R2
160822	PFKFB1
160832	A1BG
160834	CLASRP
160842	FLOT1
160844	DGUOK
160853	CYP2A7
160860	SLC25A3
160876	ADAMTS9
160885	MAGEC2
160892	CTTNBP2
160893	SMC3
160902	TBX5
160911	EPS8L1
160917	IGFL2
160921	ALKBH2
160922	SMIM11A
160925	PTPN3
160927	NMNAT2
160935	ACSF2
160938	TGM1
160942	CXCR2
160951	PARP1
160965	FRMPD4
160966	DPY19L3
160973	HMBS
160979	KLK3
160985	CLCC1
161007	COX17
161015	PDCD1
161022	SCRN2
161026	FAM3A
161027	ETS2
161035	ADGRE2
161042	GALNT9
161046	WNT3
161051	PHF20L1
161054	DCAF6
161055	KLHL41
161072	ANKRD42
161075	F9
161077	DUS2
161081	KIRREL2
161127	FIZ1
161150	CDC20
161154	TEX28
161157	GLTSCR2
161158	C11orf63
161166	PROZ
161183	PTGFRN
161198	FAH
161212	GPNMB
161216	BAIAP2
161219	MPP1
161234	STK32A
161252	FGF19
161254	NIPBL
161261	HHEX
161267	CDH24
161271	HEXA
161300	AACS
161303	ZXDC
161306	TMEM165
161318	MPDZ
161323	ATP6V1A
161333	IFI16
161340	PAFAH1B2
161342	JAKMIP2
161347	ACE2
161349	COL24A1
161352	DUSP3
161379	HIGD1A
161404	ASF1B
161406	TPD52L2
161408	HSPH1
161427	KIF1B
161429	OR7D4
161435	SCN3A
161441	BRD3
161443	TFCP2
161462	IFNA1
161470	TWSG1
161476	MC3R
161477	SCRG1
161510	PPWD1
161511	ERCC6
161532	LMF1
161534	PSD4
161539	CLCF1
161540	ZMYND11
161543	DSCAM
161550	NSF
161565	TYR
161567	PAPOLG
161587	TPBG
161608	IGFBP2
161618	CDX2
161620	SULT1C3
161632	ME2
161642	SPATS2
161646	C14orf119
161668	KHDRBS2
161671	PTPN21
161674	UST
161702	RCOR3
161710	CRYM
161729	BTN2A1
161734	CLIC4
161743	NDUFAF4
161744	SRPRA
161752	QPRT
161753	TBL1X
161757	ABO
161767	EDA2R
161779	BMP4
161783	SLC43A2
161798	GPSM2
161804	DMAP1
161807	DPYSL4
161818	EIF4H
161819	EXOSC7
161831	GALR1
161838	PDDC1
161841	HAMP
161850	TPGS2
161851	NAP1L4
161857	PIGC
161864	POLA2
161888	OCEL1
161890	ERN1
161892	COX6A2
161897	APOA1
161914	LRRC57
161937	DIEXF
161959	PTPRS
161967	CD8B
161973	PVRIG
161974	CARD16
161986	ANKS1B
161995	DCUN1D1
162002	XYLT2
162005	PANX3
162007	INSL6
162024	TBCK
162053	COA4
162054	BEGAIN
162087	GCH1
162095	PRR3
162098	IQGAP2
162100	THAP5
162103	RPS18
162105	RPL9
162118	SHPRH
162119	G0S2
162128	HMGN3
162138	SMARCA5
162141	TFDP2
162146	KRT31
162153	SAFB
162160	NDUFS8
162161	EBF1
162164	IL5RA
162170	WWP2
162174	SH3GL1
162176	BLVRB
162178	BCAT2
162185	CDC42EP1
162197	C1QB
162201	TMEM52
162210	THY1
162212	MFAP2
162222	HELZ2
162223	GSK3A
162225	HLA-DOA
162227	CYLD
162231	CDK5RAP3
162236	HSPB2
162240	DNASE1
162244	COMMD5
162248	ALDH1A1
162251	ZFHX3
162261	AGAP4
162270	MATN1
162273	CCBE1
162279	SPOCD1
162282	CCDC47
162286	ZFAND2B
162287	HPS6
162296	ODF2L
162303	ZPBP
162313	ILDR1
162314	MAGEA5
162321	SCARB2
162334	GLP2R
162336	PTPRD
162340	TSSK6
162345	AIRE
162353	MRPL14
162356	FAM163A
162363	SPON1
162366	HES4
162368	NFIX
162380	CDH18
162382	HIST1H2AB
162386	AKAP13
162387	LGI1
162389	PHKG1
162393	ZAR1
162394	LDHC
162396	ZMYND19
162405	SORBS2
162407	SMARCC2
162415	GPC1
162429	SPINK1
162431	GPR6
162444	COPS5
162446	FABP1
162451	NR1I3
162453	FN3K
162467	RPL27
162469	COQ8B
162470	NDUFC2
162475	C6orf1
162476	FANCD2OS
162479	ROM1
162492	RNF220
162498	EFNB2
162501	WDR44
162511	CLMN
162516	AKR1B1
162520	GDPD3
162525	REG1A
162548	EFEMP2
162550	PRSS27
162554	GSTCD
162558	RRM1
162569	MGAT5B
162584	RELL2
162588	LRRC56
162589	RASL10A
162593	RALGAPA1
162604	IRF9
162611	CD59
162617	RPL6
162637	AKTIP
162643	LRRC32
162651	TSR2
162656	DLGAP4
162663	PVALB
162667	STAG1
162674	B3GNT6
162683	SLC8A2
162696	TIGD5
162701	SH3BP1
162702	PIGH
162713	LHX5
162718	OBSCN
162719	SCAND1
162722	ATP5S
162727	CERCAM
162733	ERCC2
162741	EBPL
162743	C20orf24
162748	ADGRG6
162757	AVPR2
162758	ACAP3
162764	IRX5
162777	DLK2
162796	RHBDD3
162807	GMPPB
162809	RBKS
162813	FGF6
162817	CPAMD8
162818	EDEM1
162832	RADIL
162841	TBC1D9
162845	CYP8B1
162851	MSTO1
162854	PRR5L
162862	C11orf24
162866	NDUFB11
162874	CLASP1
162878	ARRDC1
162887	WDR41
162891	IMP3
162894	TMEM108
162896	CD38
162898	BAAT
162909	MMP13
162911	THBS1
162936	RPA1
162941	ZDHHC24
162944	AKIP1
162961	MYO10
162965	LTBP4
162975	GLI4
162982	BMP2K
162989	CCL28
162995	DYRK1B
162998	CUTC
163001	SLC25A37
163014	LAMTOR4
163024	HIF3A
163028	HIST1H3C
163034	SPAG16
163040	LECT1
163051	APOBR
163054	CYP2J2
163064	FCAR
163073	PSG9
163083	PREX2
163084	VOPP1
163094	FAM3D
163096	LARS
163099	RYR3
163104	MYO7A
163112	WBP2
163115	PRSS55
163121	GINS2
163129	SERGEF
163142	C1QBP
163148	GNAL
163151	SULT1A2
163165	CHCHD10
163166	MLF2
163168	MFF
163177	NEU3
163194	NCF4
163198	UPK3A
163199	SAPCD2
163201	KRIT1
163204	DUOX2
163210	CCDC141
163213	STAB1
163215	CHRNB4
163223	RILPL1
163234	STAP2
163241	IL6
163244	SAR1B
163252	PPBP
163269	IMMP2L
163281	SPAST
163287	MOXD1
163290	SERHL2
163292	MKL2
163293	BTG4
163294	SMURF1
163302	ZNF224
163309	FRA10AC1
163315	AP2S1
163342	PRM2
163352	MYCL
163360	TEKT1
163365	TPO
163367	C9orf64
163372	TYW1
163373	RPL21
163375	CGA
163377	NOTUM
163388	GIMAP1
163393	C1orf186
163396	CAMKK2
163399	PAK1
163400	FBXO17
163408	SIAH2
163412	RPL23A
163416	ATP5H
163418	ALDH7A1
163441	TPM2
163456	NCKAP5
163460	YKT6
163473	ITIH3
163480	HP
163503	KRT74
163509	DDIT3
163513	GBP2
163516	GSTT1
163518	CCT8L2
163526	ZFYVE27
163535	GPR50
163547	SERPINB3
163551	PNKD
163558	CABP1
163567	LTA
163568	STAT5A
163583	PRR14
163587	FLNB
163596	WNT8A
163612	IER2
163619	CLDN7
163630	CLDN16
163638	ATXN7L1
163648	SMAGP
163649	UTP18
163657	SYNGAP1
163663	F5
163670	AK7
163671	TMEM171
163676	NDUFAF7
163681	SRI
163690	NKAPL
163691	OR5P2
163698	ZNF782
163702	LAD1
163709	ZSCAN9
163714	CHAT
163725	TRIM11
163728	UTP6
163732	MTHFD1L
163733	SLC4A7
163740	TCAF1
163741	CACNA1A
163744	NRP2
163754	CAMSAP2
163758	TMC8
163795	NTAN1
163797	MYO19
163800	C22orf15
163804	TINAGL1
163807	ZNF296
163808	OLA1
163821	DMTN
163829	CLDN17
163842	TBX19
163843	C11orf58
163849	GRM5
163850	HACD1
163861	FGD6
163865	RNF125
163884	MRPS11
163899	HS6ST3
163917	FLNA
163920	UHRF2
163939	ANKFY1
163944	RPS16
163955	APEH
163961	LIN37
163964	COQ2
163966	ADTRP
163968	EFCAB3
163975	RARRES3
163993	XAGE2
163994	RBM10
164001	ZNF106
164008	CLDN14
164015	BTK
164016	SLC4A4
164029	ENTPD6
164038	SEZ6L
164042	ZNF410
164053	PDE4D
164069	MSL2
164074	IDO1
164075	MZF1
164088	SMAD3
164097	CCDC83
164104	RXRA
164115	TRABD
164123	NAV2
164133	ARHGAP39
164152	FAM134A
164172	FKBPL
164174	ZNF680
164177	MBTPS2
164182	MYEF2
164190	NODAL
164195	HLA-G
164213	PDHA2
164224	PAGR1
164225	PPP1R12C
164226	CDH22
164230	STAT6
164232	NF1
164243	VIPR2
164250	C6orf106
164265	EVL
164267	TUBB4A
164270	MRPS2
164271	MCM7
164277	COX4I2
164286	NARF
164291	CXXC1
164292	WWTR1
164313	SLC4A2
164326	BRF1
164334	TNFRSF14
164335	PDE4C
164341	KHK
164356	WNK1
164357	TK1
164384	DMRT3
164385	TPPP3
164386	HIRIP3
164401	PMEPA1
164404	MCTP2
164408	BCL9L
164416	PHLDB3
164432	SDHAP1
164435	MYD88
164436	RPL5
164449	KIF1BP
164457	NXF1
164460	TESC
164468	COPS7A
164471	GON4L
164480	PCYT2
164486	MLEC
164487	HIVEP3
164497	CREB1
164503	MED19
164510	ALG14
164523	FHL3
164526	ELK3
164529	PTGES3L-AARSD1
164530	ANO8
164531	APOL3
164545	FGF3
164555	ATOH7
164558	ASMTL
164561	AANAT
164563	CENPJ
164566	SERTAD2
164568	KEL
164569	NR2F1
164570	BCAS1
164589	NCR1
164604	OPA3
164607	CPXM1
164611	WNT7A
164622	SERTM1
164634	RASSF8
164636	OR1E2
164637	ZNF76
164643	ANKRD12
164651	MPHOSPH9
164668	LACC1
164685	DDX51
164692	B4GALNT3
164694	GAR1
164701	DLG3
164703	SAMD11
164714	SELENBP1
164716	BCL3
164721	RPS6KB2
164725	FAP
164731	RABEP2
164732	SCN3B
164733	CAMKK2
164746	LGALS13
164750	C1orf56
164756	UNC45B
164765	ARHGEF38
164771	SEPT9
164773	CRCT1
164779	CD300A
164780	CST2
164784	EEF1D
164787	CSPG5
164803	CENPO
164817	CHCHD5
164821	DHX9
164822	NUDT15
164828	SEC23B
164835	CA2
164837	TRIM39
164838	C4orf22
164845	PCDH1
164847	IGSF11
164849	ADNP2
164857	TXNRD1
164860	NR1D1
164864	ACOT11
164875	TBC1D22B
164884	CHODL
164886	FNDC4
164887	ZMYM6
164911	RAC2
164917	FAM83F
164920	CROCC
164922	KDM1A
164925	DACT3
164927	RPL18
164929	RTKN
164935	FTCD
164940	ABHD16B
164958	OTUD7B
164963	DNAH2
164984	TRIM40
165002	PRKX
165005	NPRL2
165022	TMEM190
165034	IL22RA1
165055	ADORA1
165057	GPR107
165061	SP6
165064	MTCH2
165073	TRAF7
165076	CSDE1
165119	CLDN18
165129	TRIM10
165131	SMC1A
165150	TTTY5
165155	AIPL1
165164	OR6X1
165166	CIITA
165177	LYST
165198	CDK5R1
165200	UCP2
165204	OR2Z1
165215	GAL3ST2
165227	TNFAIP6
165230	ZBTB4
165236	LSP1
165243	PSD
165257	CKAP5
165279	MGME1
165286	TEAD4
165289	AGTR2
165294	LRRC42
165302	EIF4EBP1
165331	DENND4A
165334	RBAK
165337	GHRHR
165338	JUND
165343	ABCD1
165344	ADAM15
165347	HARBI1
165349	UTP23
165359	DYNC1H1
165360	CLPTM1
165362	EMILIN1
165369	MAPK8IP2
165379	TOR1B
165381	RHBDL2
165396	DOCK1
165397	GOLGB1
165400	MUCL1
165404	MCAT
165409	MCAM
165411	COMMD2
165414	RASAL1
165415	ATP5I
165425	CENPE
165435	FAM111A
165436	C3orf67
165438	ZNF540
165440	MTA2
165456	TXNDC9
165464	IL36A
165469	B3GALT1
165471	PAPSS2
165480	TSNARE1
165482	DKK1
165502	TMCO4
165515	DST
165531	MRPL21
165534	CD40
165541	S100P
165546	TSSC1
165552	CNGA3
165557	SNX18
165568	DHX57
165573	GAPVD1
165585	NDUFS2
165587	LPCAT1
165594	COQ10A
165607	SLC11A1
165620	MOGAT1
165626	SNX2
165632	PPARD
165636	LIFR
165643	TTC31
165653	KCNJ8
165654	ZNF611
165658	G2E3
165668	NPL
165678	C8orf33
165684	BTN1A1
165720	RPS6KA3
165731	TEX43
165738	DHRS12
165746	OR56B4
165748	LMX1B
165750	FAM149A
165754	CYP4F8
165769	TCEAL3
165776	FAM175A
165779	INPP5E
165786	NAGLU
165787	HNF4G
165789	NUDT9
165796	MRPS14
165806	SERPINA3
165817	HSPB8
165820	OR13C9
165824	TNFSF11
165825	OGT
165836	AOAH
165838	TFCP2
165842	GPAA1
165844	TAF8
165852	ZSCAN5A
165862	ARHGEF11
165865	BRI3BP
165866	HBB
165870	UTS2
165885	ESD
165886	UHRF1
165901	SEMA5A
165911	SLC40A1
165933	MTMR14
165944	PPP5C
165950	TTF1
165955	RGS4
165963	TRMT1L
165973	HLA-DRA
165976	TIGAR
165979	SPINK4
165983	TACC3
165987	CACNB4
165998	NCSTN
166010	PRKAR1B
166020	CYR61
166030	UBE2D2
166034	PPP1R16B
166043	EGFLAM
166044	MRGPRX2
166046	DNAJB1
166048	ENTPD7
166052	APLN
166056	HOXD10
166062	NPR1
166068	TM9SF3
166071	GIGYF1
166079	TRPV3
166085	KRT36
166101	ITGB7
166102	DDX10
166108	UTP3
166111	CD248
166116	CPT1C
166122	CAMK2N2
166132	MAK16
166136	RAB2B
166145	NT5DC2
166163	HLA-E
166166	C1orf116
166170	FLCN
166173	MFSD5
166190	TNS1
166191	OR10H3
166193	FOXP2
166195	TSPAN15
166197	TC2N
166201	ZNF366
166204	RBSN
166212	ZDHHC11
166213	PDE12
166215	FOXR1
166216	TBC1D13
166226	FBXL5
166233	CES4A
166246	FADS1
166248	AR
166256	ACTR10
166261	KRTAP4-12
166271	RPL3
166277	FBXO24
166278	AHR
166285	SLF2
166293	ITIH4
166305	ARPC2
166306	PRKCI
166313	G6PC3
166314	PRPF19
166315	RSPH6A
166339	WIPI2
166341	PDILT
166344	ATAD2B
166370	POU5F2
166377	ZNF428
166383	HTR4
166386	ANGPTL1
166387	CDCA2
166388	ADAD1
166394	CABP4
166395	TTC32
166396	RPS6KC1
166399	LLPH
166400	NSUN5
166402	CASC1
166404	ADAMTS6
166408	AGPAT4
166412	DNAJC10
166415	IL1RN
166428	UIMC1
166429	PLSCR3
166432	NMNAT2
166470	CNOT10
166474	SKP2
166478	PSKH1
166481	CD2BP2
166489	ZNF587
166505	SPAG17
166514	CABIN1
166515	RTN4IP1
166519	CKMT1B
166535	HSF2
166536	SNAPC5
166544	CELF1
166549	CNDP2
166558	SCAF1
166559	CCDC85B
166561	EIF4ENIF1
166562	GUCY2F
166567	RNASEH1
166572	CERS3
166580	PIANP
166581	FLT3LG
166587	DIRAS3
166592	FGD4
166596	PAQR8
166635	F2
166638	IYD
166651	SHD
166663	GNPDA2
166671	CENPBD1
166681	CAPRIN1
166683	KATNAL1
166684	TRAPPC9
166688	COX14
166695	XYLB
166712	DICER1
166714	PTPN11
166717	DNAJB1
166727	SLC34A2
166732	HERC2
166744	DHX40
166747	OSER1
166760	ABL1
166769	LRP5L
166773	EFNB1
166777	CCER1
166780	COPS2
166782	SCN9A
166787	CDC42BPA
166802	ASNS
166813	TNNI2
166823	KDM3B
166843	DCP2
166846	MRPL30
166865	TMEM255A
166876	VCL
166888	NCOA5
166896	TMA16
166903	GP2
166918	DPEP2
166920	JSRP1
166928	NISCH
166933	ZNF385A
166946	ATF4
166957	B3GALT5
166975	MCM5
166985	TRIP6
166994	CHMP5
166999	CDH13
167003	SRSF2
167013	ZWINT
167030	NFS1
167033	DNASE1L1
167035	PRPF18
167047	ACSBG2
167052	RNGTT
167055	KIAA1468
167073	CBLL1
167077	GABPA
167079	CDA
167093	IRF5
167095	NUP210L
167100	PLPP5
167105	MYPN
167114	RALGPS2
167121	ASCC3
167128	ARHGEF12
167138	UBE2G2
167147	PITX2
167151	HOXB2
167166	XPNPEP3
167168	CXCR6
167173	GNL2
167179	HYDIN
167195	RANBP3L
167201	VPS13A
167203	NDUFS6
167208	CD55
167218	CDKAL1
167219	RFXAP
167225	PLCH1
167226	DNASE1L3
167233	FAR2
167234	NRK
167237	FAM19A5
167244	RNF166
167254	PHACTR1
167258	SVOPL
167268	SIX6
167280	GLMN
167292	CHUK
167294	ERCC4
167298	F8
167300	ROBO1
167305	SLC39A11
167308	CRY1
167313	ANK3
167316	MATN2
167321	CALM3
167324	ACRC
167329	MORC3
167335	TNNT1
167342	HRK
167343	C10orf11
167353	L1CAM
167358	MPLKIP
167368	OPRPN
167369	SEC14L2
167377	GPR22
167384	SRRM2
167385	SOX15
167389	CTLA4
167391	EFCC1
167403	SYN2
167428	RPL28
167436	DDX20
167437	CCL7
167438	GBP7
167440	HSPA6
167444	PRR4
167460	CASC4
167463	TAOK3
167465	POLR3A
167468	TFB2M
167469	WFDC2
167471	SLC22A18AS
167473	YTHDC1
167477	KIAA1804
167492	POLI
167495	DNM1
167499	NOP14
167505	GNG2
167507	CMTM5
167511	GAL
167512	HIST1H3F
167529	ICA1
167549	LMBRD1
167552	HIST1H2AH
167559	IRF2
167566	LHFPL5
167571	USP46
167575	ABI3
167576	GLTSCR1
167585	LRRC8A
167600	TMEM257
167604	SLC25A5
167606	XPO4
167608	DNAJC12
167621	ZNF281
167627	LYSMD2
167635	ASS1
167637	BMI1
167654	ATP5C1
167659	CLCA2
167664	SNAPC1
167667	GRASP
167669	CA1
167690	CEP68
167693	PCDHGC4
167695	MYO1D
167701	CDK9
167716	IFNGR2
167726	AHCTF1
167728	EIF3F
167731	MAML2
167735	GABPB2
167738	SS18
167743	VSTM2L
167744	ENDOV
167755	COPA
167759	ARNTL
167763	C1orf101
167768	MIOX
167773	ACVR2A
167802	C9orf43
167807	A2M
167820	AKAP11
167836	SF3B1
167847	HCFC1R1
167859	TLL2
167862	USP7
167863	PM20D1
167868	MAD2L1BP
167875	LCN15
167891	GALNT2
167899	TMX2
167908	DNAJC9
167910	MUC15
167946	HAS3
167947	RPS6KL1
167948	FAM172A
167953	MOSPD3
167958	HSFX1
167968	RBFOX1
167986	LDHB
167987	ESRP2
167993	TIMM23
167996	RPUSD1
167997	ZNF195
168002	RPL10A
168006	ZNF549
168022	TRAFD1
168024	PRKRA
168026	ZNF530
168030	PLEKHA8
168032	CHRNA2
168033	ADGRL3
168047	GEN1
168048	RSG1
168061	ANO9
168063	ING3
168068	ACP6
168075	EMX2
168077	FXR2
168081	PCDHA4
168086	TBC1D10B
168091	ORMDL3
168093	KLHL7
168099	GALNT6
168106	BCKDHB
168127	PTGS1
168129	PBX3
168130	LALBA
168144	TMEM184C
168148	DBF4
168153	SPO11
168160	VPS36
168162	WDR62
168169	LRRC28
168173	TRAM2
168176	GNRH1
168192	DNAJB11
168194	KRT20
168202	SQSTM1
168208	MAP4K3
168210	THADA
168213	HLA-DRB1
168224	KIRREL3
168229	MUSK
168230	FSD1
168268	KCTD3
168271	KLHL1
168289	SLC16A10
168292	FUT6
168350	PGBD1
168361	TRMT61A
168370	GOLIM4
168375	IPPK
168383	CTSG
168384	CXCR1
168386	LONRF2
168389	FCHO2
168393	FLRT1
168402	LACTB2
168407	TMEM59L
168414	CFB
168425	TLN1
168426	ODF4
168429	RIBC1
168434	CLEC12B
168436	CD74
168448	AP2M1
168452	TMEM125
168454	NABP2
168470	ZYX
168473	IFI35
168478	C1orf35
168498	DAPK3
168505	SMPDL3A
168528	ATR
168534	PICK1
168543	C2orf50
168544	SPIN3
168546	PPP2R5C
168561	NR2E3
168564	ASB8
168565	CDKN2AIP
168572	DNAI2
168588	ZCRB1
168589	RP9
168596	LRFN4
168607	EPHA5
168643	SLC28A3
168667	PEX6
168681	ATP12A
168682	ERAP2
168683	CCDC13
168696	TSEN2
168708	STUB1
168709	PXN
168717	TMPRSS4
168721	MB21D2
168722	BCL2L11
168727	ZSCAN26
168731	ZNF26
168735	HMHB1
168741	TNFAIP3
168751	RNF219
168754	OSBPL1A
168773	HOXC9
168774	ADGRF1
168775	WSB1
168787	FANCE
168788	FAM173A
168789	ZNF174
168794	SLC26A11
168798	SPAM1
168804	WDR90
168813	OGDHL
168815	USP20
168819	RDX
168822	HS6ST1
168826	SYT7
168840	HPGD
168842	MRPL58
168843	DCSTAMP
168845	IL17RA
168859	HDAC4
168861	TMEM208
168863	TXK
168871	HLCS
168872	BST2
168879	BZW2
168882	WNT9A
168904	TRNT1
168908	HS6ST2
168914	MPHOSPH8
168915	TUBB4B
168924	RHOJ
168946	DERL2
168951	MAP3K3
168952	FAM110B
168964	GUSBP11
168970	PTPRN
169001	FSHR
169003	SFRP4
169039	ARFIP1
169041	KPNA3
169049	HEYL
169051	MEX3B
169064	MED21
169068	CRLS1
169075	ARMCX2
169078	TRIM62
169086	PEX11A
169106	APOL1
169116	KLK2
169119	FZD4
169123	ACTN4
169125	TTC30B
169133	MRAP2
169158	LHX9
169168	LYL1
169171	CCDC88A
169183	APC
169184	MEDAG
169185	MTNR1B
169187	WSB2
169191	C5orf24
169202	CT55
169205	DIS3L2
169211	FAM178B
169212	NLK
169215	FTMT
169221	VDAC3
169226	THBS2
169230	DNAL4
169234	CCDC51
169243	DHRS7
169245	CARTPT
169248	PPFIA2
169257	ATOH1
169261	NAXD
169275	TCTE1
169278	DNAJA3
169279	ARID3A
169282	UBAP1
169292	NAP1L3
169298	EEA1
169301	TRIM36
169302	KPNA5
169311	IPMK
169314	RPA2
169324	GRIN2A
169331	L1TD1
169345	NUDCD3
169363	ATOX1
169367	EOGT
169378	PDZD3
169382	APOBEC3A
169383	SERAC1
169385	XPO5
169392	RB1CC1
169395	OXR1
169402	PCDHB5
169414	SULF1
169429	FBXO25
169440	SPEN
169455	SURF4
169462	PPFIA1
169469	SLC1A1
169472	BMP10
169477	ELP2
169478	EXOC8
169496	MRI1
169499	ANLN
169512	TMEM141
169515	ZNF529
169525	H2AFY
169526	SPON2
169529	MRPS25
169538	GPR20
169560	HIST1H2BE
169562	S1PR2
169568	LCAT
169571	CCNB2
169575	TRPV6
169601	MTFR1
169607	MTDH
169608	DIP2B
169614	CPD
169616	DOCK2
169620	NOB1
169622	ZZEF1
169629	TEKT3
169639	DCTN6
169642	BIRC8
169646	ZDHHC6
169647	IKZF1
169650	SLC15A1
169657	DALRD3
169663	ANO3
169670	TCEB3C
169674	PSMD9
169676	UBE3A
169679	SPTLC3
169680	GABRA3
169689	MB
169704	TRPM3
169714	TRGV7
169718	NELFE
169723	PBK
169750	STAMBP
169754	FAM45A
169760	TAOK1
169761	IL18BP
169776	OPHN1
169779	NPBWR2
169781	NCOR2
169783	ZDHHC9
169792	USP54
169799	PCDHB8
169809	GSTA5
169815	TARBP1
169828	OLIG1
169837	CRYGD
169845	TIMM22
169848	SIPA1L2
169853	NKX3-1
169864	FNDC11
169872	CCT4
169875	FSCN1
169878	ZBTB32
169880	MIB2
169895	DPCR1
169898	RNF2
169900	TTC26
169935	CYP11B1
169945	NDRG1
169947	ZNRF2
169949	LAMTOR2
169951	RPS18
169952	BBS7
169954	SNX6
169970	SSMEM1
169981	IGSF9
169984	SEPP1
169985	SPRYD3
169987	NXF2
169988	UBE2W
169990	ZDHHC7
169995	CCNO
170016	C1QA
170018	CCL18
170034	TOX
170038	HEBP2
170041	NPC1
170046	GPHB5
170049	GTF2F1
170057	TTC25
170063	MAMSTR
170069	ALOX5AP
170090	DSP
170092	MAU2
170093	IGFBP7
170096	TMEM176A
170099	C3orf36
170102	PMVK
170108	PPIAL4A
170116	NXNL2
170127	PPM1E
170165	GUCY1A3
170167	TNFSF8
170177	BARX1
170191	SOD1
170196	SCYL2
170202	TRAPPC12
170211	IGFBP5
170215	NRG2
170220	PCDHA1
170227	AGFG2
170231	TRIM52
170235	AKR1A1
170242	TBK1
170246	CELF6
170247	PDE3B
170264	PGLYRP3
170266	PDLIM4
170281	PSMB7
170285	SNCA
170287	RNASET2
170320	IGDCC3
170327	APMAP
170332	TMTC2
170337	VEGFC
170351	NEIL2
170352	CYP4F3
170354	MRPS18A
170355	FZD7
170362	ZNF598
170365	NFAM1
170374	TNK2
170380	PUS7L
170381	ZNF746
170405	KCTD11
170408	TMEM27
170410	ZFPL1
170411	CFLAR
170412	COMTD1
170419	PIGQ
170422	CEP250
170428	LY9
170455	ACVRL1
170458	NFKBID
170461	ZNF385B
170466	CDK5R2
170467	SNAPIN
170468	VILL
170489	MDN1
170495	HVCN1
170501	GUK1
170503	ASCL2
170508	ABCC6
170515	OR6Y1
170532	CD226
170538	CRISPLD2
170540	GMCL1
170547	SERPINB7
170548	SLC39A4
170551	C22orf29
170559	CRYL1
170566	ILDR2
170584	EVA1C
170585	DMRTB1
170593	ELMO3
170611	EFNA2
170630	SRGAP3
170653	CTNNBIP1
170657	SLC30A8
170658	CMTR2
170661	LCN6
170664	ANGPTL6
170667	IGSF1
170669	PPP1CB
170685	TCTE3
170697	DDX41
170698	LOC100288911
170701	ARSA
170705	CLEC17A
170722	EXOSC8
170733	WHRN
170734	NQO2
170748	ABCB5
170749	TGFB1
170756	WNK4
170759	CNTN2
170767	POLD1
170769	ZNF438
170781	TKT
170784	FAM9C
170786	VPREB1
170793	RPS25
170799	SCO1
170804	LHFPL4
170808	PTGIR
170823	IFITM3
170831	MFSD2A
170833	LRRC27
170835	NYX
170843	NEK8
170844	GNLY
170848	SUDS3
170849	GNAT1
170858	PAX2
170863	SLC25A51
170864	HAND1
170869	BRD4
170870	CDC37
170876	PHF5A
170883	LMF2
170890	TLX2
170892	BANF1
170927	CACNA1I
170943	BTBD2
170951	SMOX
170961	HBS1L
170968	KDM4C
170984	C1orf216
170985	MMP10
170987	SGPP1
170989	ZNF217
170995	ADAMTS8
170997	P3H3
171006	PSAP
171014	STIM1
171021	DEXI
171023	IFT57
171026	TMEM230
171037	ALDH3A2
171045	PHOSPHO2
171047	CLPSL1
171053	TMEM199
171056	CRTAP
171063	SYTL3
171070	SH3GLB1
171071	CEP83
171075	C11orf31
171090	PIWIL2
171103	GALNT3
171110	KEAP1
171118	CHPF
171123	EXOC2
171124	ITM2A
171126	SCAMP4
171131	KCNH6
171132	RAP1GAP2
171149	MYL6B
171150	UBE2F
171151	ZNF628
171154	NEUROG1
171160	GNAI2
171165	WDR1
171166	NAA38
171168	TRAPPC6A
171170	ECEL1
171172	GNAQ
171197	PTPN20
171198	SCHIP1
171202	SIVA1
171206	MYO1F
171212	XCR1
171223	ATP13A2
171224	FAM120A
171228	VKORC1
171246	IBA57
171247	TSPAN7
171248	KIAA1841
171254	CDC25A
171258	CYB5R3
171265	HMGN2
171273	GPCPD1
171290	BLNK
171293	CHTF18
171300	OR2S2
171301	MAP2K3
171313	FLRT2
171314	NUP153
171335	LINGO2
171336	THAP12
171338	CTRC
171339	ATXN7L2
171352	GUSB
171381	MAATS1
171385	ARFGEF2
171400	LAPTM4B
171414	GIT1
171420	KLHL21
171425	EHD4
171426	SYTL1
171427	KCNA5
171433	SLC5A2
171438	TMEM179B
171440	ZW10
171463	PLA2G4C
171464	RRP12
171467	NUDT8
171488	ODF2
171503	ZDHHC16
171508	PIEZO2
171509	PDHB
171525	BGN
171526	SIK1
171533	C1orf109
171539	MT1G
171548	CHST2
171551	KCNC3
171555	CALML3
171568	PISD
171570	YME1L1
171575	SLC24A2
171576	EPS15
171578	BSN
171579	ZNF324B
171580	VAMP3
171586	PTPRG
171589	ZFX
171600	HYDIN
171602	USHBP1
171603	DOK4
171604	WDR78
171625	PGM2
171651	C4BPB
171663	MYL4
171671	WNT3A
171678	OR8J3
171680	CSN2
171686	BRAT1
171687	NUP35
171689	ALPPL2
171691	RASSF4
171693	RAD51D
171701	DNAJB6
171706	TMEM117
171709	HR
171710	ARL6IP4
171712	TNNC2
171718	RRAS2
171756	CHKA
171757	C14orf79
171762	APH1B
171774	TUBA8
171778	IGLL1
171779	CD8A
171786	RIOK1
171791	PPAN
171807	SLC13A4
171812	DPM1
171815	FRMD8
171824	VPS4B
171827	FUT9
171828	DFFB
171874	ZBTB47
171900	KAZALD1
171918	VGLL2
171927	MMP19
171928	SPIRE2
171931	CHRNB2
171934	GUCY2D
171937	EEF1A1
171943	AK5
171944	PER2
171964	UCN
171965	LTC4S
171968	PPP1R3F
171974	GAS6
171985	PPP1R7
171995	SLC4A9
172008	TCEANC2
172020	NRBF2
172029	B3GAT3
172051	MATN4
172064	PHPT1
172069	CES2
172081	FAM120A
172083	RDM1
172084	CCDC138
172111	CITED4
172112	FXN
172114	KCNC1
172117	PDZK1IP1
172124	CACNG7
172153	INO80B
172158	ZNF667
172164	WNT5B
172165	FAM206A
172171	EPPK1
172172	MOCS1
172174	HPS1
172176	DUSP4
172180	CENPB
172181	RTP2
172191	GRAMD1A
172192	TMED1
172196	C8orf82
172218	TBX1
172219	ZNF333
172227	ZDHHC18
172240	ZCCHC7
172247	PEX5L
172250	IDUA
172273	VWA1
172274	FAM46C
172275	ADGRG1
172276	TFF2
172281	SCARF1
172285	INF2
172287	WDR3
172288	SUSD2
172291	BANP
172292	CD37
172296	TAGLN2
172299	FSTL3
172303	ATP6V0C
172307	HIST2H2AB
172316	LPO
172320	HRAS
172324	FBXO7
172334	STXBP6
172335	SEL1L3
172356	CUL3
172360	TMED8
172361	ZKSCAN7
172364	SBF1
172367	ZSCAN18
172369	RERG
172392	C7orf31
172396	FAM19A4
172414	UBL4B
172419	C15orf41
172451	DISC1
172454	SIKE1
172455	DLD
172458	GPRC5C
172462	COL11A1
172468	THEMIS2
172470	CNOT1
172479	FERMT1
172487	DCC
172495	GIT2
172499	SART1
172513	PALM
172519	SNCG
172527	GRK4
172536	TERF1
172546	NEIL3
172547	GHRH
172553	PHKA1
172558	CPSF1
172568	L3MBTL4
172572	TAGLN
172619	HLA-DOB
172625	IL20RB
172636	RASSF2
172664	CBX4
172671	PCDHB14
172673	GLI2
172674	VAC14
172676	MAGEE1
172677	DSCAML1
172684	TNFRSF9
172690	ANKH
172712	RLN3
172716	CLCN4
172725	KCTD18
172727	ANXA3
172733	ENC1
172735	CTSL
172752	FBXO34
172753	SPHKAP
172755	ZNHIT3
172762	MIIP
172773	ARRDC3
172779	SORD
172784	TTLL11
172786	NOVA2
172798	PHRF1
172800	FOXRED2
172824	TSC22D4
172828	BOLA3
172882	GALR3
172885	NEUROG3
172909	CTSE
172928	CDC42EP4
172937	P4HA1
172942	PYROXD2
172944	TMEM140
172950	CCR10
172951	CARM1
172963	DAZAP2
172975	GRID2
172976	SLC18A3
172982	PTGIR
172984	TMEM198
172993	ACOX2
173000	ZNF750
173001	BAG6
173004	ADAMTS13
173015	ZC3HAV1L
173022	CD151
173025	RGS16
173037	IL34
173038	SAMD15
173042	DHX37
173051	CUL2
173056	LAG3
173060	ATP2A1
173063	GNA12
173071	NRG1
173072	MT1X
173074	BCL9L
173075	GRIN2D
173076	S1PR5
173078	C8orf34
173085	BBS2
173087	GDF7
173089	SLC5A6
173095	DSN1
173099	SRSF5
173107	GRB7
173111	MTFP1
173113	DPYSL2
173119	CYSLTR1
173120	DNAJA2
173125	OR1J4
173146	DLX5
173149	HMGB4
173154	SEC23IP
173162	COLGALT2
173173	SRRT
173175	HNF1A
173179	LY6H
173188	COG6
173211	DDR1
173212	GSTA4
173221	LAMA1
173229	APOB
173234	COX7A1
173237	ACVR1C
173244	CRHR1
173247	PTBP3
173256	TMEM70
173260	PATZ1
173269	ZNF418
173286	MRPS33
173288	ABCC9
173291	SBNO2
173294	ANKRD37
173301	PODN
173308	MAS1L
173310	GBP4
173312	PDE4DIP
173319	OR5I1
173333	TMEM145
173337	CNKSR3
173339	NRBP1
173342	RASSF5
173352	SCP2
173356	CLCN1
173362	AKAP8L
173366	C19orf53
173374	APPL1
173378	GNL3L
173381	UNC119
173384	PLK2
173387	SSTR1
173391	DNAJB12
173408	CXCL2
173416	NPPB
173420	GPR61
173428	NANP
173430	CNST
173432	METTL4
173434	ALDOB
173449	CLTB
173450	TRAP1
173455	GTPBP10
173470	THUMPD2
173477	PSG2
173482	SALL2
173497	PTPN22
173499	PPIP5K2
173500	PHF13
173502	SP2
173504	RSPH4A
173505	PWWP2B
173514	RPS6KA2
173518	CTDSP2
173526	YIPF3
173538	PCDHGC5
173549	IKZF5
173551	MROH8
173555	HMGN2
173580	TRMT1
173584	ARL10
173585	PCDHA5
173591	TMC8
173592	TNFRSF18
173605	CUL9
173633	APC2
173642	KIAA1024
173650	ASXL1
173663	FAM133B
173676	GORASP2
173690	CLDND2
173692	MFSD6
173693	TMEM216
173700	CCNC
173701	POLR2E
173703	ODF2
173713	KRTAP9-4
173733	ATP5H
173735	NAPRT
173748	BCHE
173749	GNG5
173753	GJA5
173757	UFM1
173769	SOX14
173777	CTNNBL1
173780	S100A1
173781	AK8
173782	LAIR1
173785	TAMM41
173797	EML3
173815	ZSWIM1
173824	MMP24
173838	GGT5
173844	MIF
173846	GPRASP1
173855	OR13J1
173863	SLC17A5
173876	MBOAT2
173878	RAP1GAP
173887	LZTS1
173891	ESPN
173892	H1FOO
173895	SNX16
173899	SLC35D2
173909	EMP2
173910	ZNF280D
173916	SPACA7
173918	PRLHR
173920	TBC1D10A
173923	FANK1
173925	TBATA
173927	PCLO
173930	NACC1
173946	NKPD1
173960	ZHX3
173964	ELF2
173970	R3HDM1
173972	NUDT3
173982	EXOC3
173987	P2RY2
173988	C2orf88
173993	TM2D1
173994	HAO1
173997	MASP1
174000	SNX24
174008	PKP3
174015	GSTTP2
174022	PIGZ
174034	GGA1
174035	SLC17A2
174040	GHDC
174051	NR0B2
174056	APOL6
174068	SPDYC
174085	MYO1G
174088	OR51B5
174089	DNAH11
174118	LIPJ
174119	MT1B
174121	FUOM
174130	CECR6
174137	FAM96B
174139	UGT2B11
174153	GOLT1A
174178	LSS
174184	DMD
174186	FAM13A
174192	CRYGC
174197	PCGF3
174199	CAPN12
174201	DOCK9
174203	ABAT
174206	NDUFA4L2
174214	HIGD1B
174230	TNF
174233	UXT
174241	PPIL1
174242	SDHAF2
174250	ORMDL1
174254	PYCARD
174269	SRSF6
174278	IFNB1
174286	TRAPPC8
174290	FAM124A
174312	OGDH
174313	DFNA5
174314	TH
174320	TUBGCP4
174321	GPR139
174330	ZNF488
174338	PDE1B
174347	C8A
174351	CHAF1B
174354	WDR91
174358	TRMT112
174376	MAP1LC3A
174386	AK1
174388	NSG1
174392	THBS4
174393	U2AF1L4
174404	SCNM1
174406	TSPAN10
174409	TMEM5
174416	MYOC
174420	NOP2
174432	SPATA6
174455	HAVCR2
174460	MORF4L2
174461	CNIH1
174470	SIGMAR1
174472	PDYN
174485	SPOPL
174492	YY1
174493	FPR2
174494	KCTD5
174497	ADRB3
174499	PIGP
174510	SIN3B
174516	CCDC112
174526	FAM20A
174531	FANCA
174533	NOL12
174536	HIST1H3I
174543	SPSB1
174547	CDCP1
174552	TMEM245
174555	CEPT1
174556	KLF2
174568	SLC51A
174573	IGF2R
174576	GLB1
174579	EVI2A
174593	YY1AP1
174597	GTPBP8
174605	GGH
174614	ZNF569
174625	C16orf87
174632	OCA2
174638	SLC6A20
174652	VNN2
174653	BTBD8
174654	METTL17
174658	FOXG1
174663	PRUNE1
174671	OR51L1
174672	FPGS
174680	HNRNPD
174684	UBE2Z
174697	WDR49
174706	ST6GALNAC1
174713	ITPR2
174714	NDUFB2
174717	C14orf105
174725	CIZ1
174727	VIT
174731	HMGCR
174736	VGF
174740	TRIM2
174742	EFL1
174754	PAPOLA
174755	FAM53C
174757	CFAP43
174760	PFDN2
174774	RNF139
174782	MLN
174790	TMSB4Y
174796	ZNF75A
174797	GTSE1
174798	EZR
174805	NDUFA12
174810	ESM1
174832	FBXL13
174841	RUVBL2
174850	MYO18B
174868	ZNF653
174874	KIAA0430
174875	BCL2A1
174881	CCDC69
174889	CNTRL
174894	KCNK16
174895	RIOK3
174906	IPO13
174907	CDC27
174927	CMTM8
174935	ARSK
174945	CD40LG
174956	MACF1
174974	SOX30
174993	SEMA3E
174998	NSMCE3
175000	TM9SF2
175009	PPFIBP1
175018	CACNA2D2
175029	HDAC7
175030	UBXN1
175038	ZHX2
175040	ATP5G1
175042	SIPA1
175047	FKBP8
175055	C22orf34
175060	C10orf120
175091	LCP1
175097	AKAP1
175105	STOML3
175122	TUBA1B
175133	FBL
175134	DNM3
175144	PQLC3
175147	GLUL
175153	GJA3
175160	SUCO
175170	FCMR
175188	C2orf49
175193	SLC24A5
175200	PELI3
175201	BAALC
175211	ATP5J
175225	NFKBIE
175233	TIMM17B
175256	STX5
175262	XRN2
175266	MREG
175270	SPATC1
175289	COMT
175296	BCL2L2
175300	ACYP1
175316	GTPBP1
175324	GAPDH
175353	RTN3
175356	RRAGC
175359	RTP4
175369	SDK1
175373	STARD6
175376	SSR4
175380	CA6
175386	PUM3
175404	RPTOR
175413	SLC9A5
175415	TMEM95
175418	CENPP
175422	PRMT5
175425	ARRDC2
175426	BCORL1
175436	SFTPD
175442	TMEM14C
175443	METTL13
175461	MYOZ1
175469	THYN1
175472	NMNAT3
175473	PIH1D3
175485	PJA1
175486	ST8SIA3
175491	BRD2
175492	ATXN7
175499	PM20D2
175513	MED8
175514	AMTN
175521	TBCE
175527	JAK1
175533	ELF5
175556	UPP2
175560	LRRC18
175564	ARCN1
175569	TMC6
175573	APOC1
175587	ZNF337
175602	QDPR
175604	A4GALT
175622	CA10
175637	FOXP3
175647	SLC20A1
175657	GPRIN1
175663	TSSK2
175669	TOPORS
175672	DGCR6L
175675	MAPKAPK5
175688	HYI
175696	HEBP1
175705	TBC1D31
175715	SLC39A1
175721	SCGB2A1
175728	CYP4F12
175735	TTLL7
175741	SELPLG
175759	TRPM2
175766	RWDD4
175788	SORBS3
175789	SOGA1
175790	KCTD17
175795	SSH2
175800	SPN
175805	SLC2A12
175806	ARHGEF16
175815	WBSCR17
175816	RNPC3
175817	SUPT16H
175839	SLC50A1
175841	CNKSR1
175848	GINS4
175860	C6orf25
175863	ZNF77
175864	SLC35F6
175867	RPS17
175877	EPHA7
175882	PDE6G
175887	PLTP
175900	PGLS
175901	TBXAS1
175902	RAB40C
175904	TRIM47
175914	ZNF773
175937	RCVRN
175938	UBE2Q1
175957	KIAA0922
175960	TMEM196
175966	SMOC1
175969	PLCB3
175988	RPS2
176007	ORC4
176014	ASIC2
176026	MYLK3
176032	TM4SF1
176036	PARP10
176066	IFI44
176067	ASB5
176082	PLOD2
176083	SERINC2
176097	SLC25A12
176107	ADGRB1
176117	ZNF491
176124	KMT2D
176143	KLHL34
176146	CDC14A
176147	ADCY10
176148	CDH19
176153	TSPAN9
176158	SEPT1
176162	SOGA1
176165	ZNF202
176172	PLPPR3
176187	GP6
176188	GOLGA2
176191	PRAP1
176192	CDC26
176195	BOP1
176204	RPAP2
176213	CNPY4
176222	PLP2
176228	NDRG2
176231	LILRA5
176233	VPS11
176241	MYOD1
176248	HARS
176259	FICD
176265	S100A5
176266	CLCNKB
176279	PPP1R14A
176280	FAM114A1
176284	OR52I2
176286	ASPHD1
176287	MADD
176290	CFAP58
176291	KAT14
176301	TTPA
176304	PNMA3
176306	MIR1-1HG
176314	RAPSN
176321	TMEM151A
176322	NOTCH2NL
176329	COX18
176334	ZNF599
176352	SLC26A6
176362	KAT6A
176377	MYH7B
176378	CLNK
176382	MRPL10
176402	HNRNPAB
176404	ALS2CR12
176410	KXD1
176416	PPP2R5E
176420	SUPT3H
176429	CD163
176430	MRPL46
176436	CD5L
176437	PRM1
176440	OGFR
176449	UCMA
176456	SUFU
176460	DTNB
176466	ZNF219
176499	SNPH
176510	DOK3
176541	CCDC25
176542	VPS52
176550	KDM5C
176573	CCDC115
176580	CGGBP1
176584	MMP20
176590	ABHD16A
176591	C7orf49
176592	KIAA0232
176593	GRWD1
176596	DNMT3L
176598	MED16
176620	ZNF2
176622	RILPL2
176623	LAMB3
176624	DERL1
176640	EVPL
176645	CETN1
176646	LRRC43
176649	CEP126
176652	PDZRN4
176658	MGEA5
176665	ARMCX5
176675	RABL6
176679	LAMB2
176681	TEX264
176706	C10orf95
176714	KRT78
176727	TNPO1
176730	OR52I1
176736	SPATA3
176743	GYG2
176788	CDADC1
176789	OR4X2
176792	COL9A3
176798	TREM2
176810	ENPP6
176815	FEN1
176824	TRPM3
176827	ATP1A1
176828	GCKR
176832	SOX6
176841	SLC9A4
176856	CCNYL1
176882	TPH1
176886	INPP5D
176899	CXCL8
176933	RCAN2
176937	ZNF215
176952	WDR18
176962	CALB2
176965	GALNT18
176969	ALX1
176980	GORASP1
176983	HES1
176984	KIF7
176989	E2F7
177000	GSTO2
177011	OR2V2
177019	ITGAM
177026	APH1A
177035	CCT3
177043	ALG9
177046	RAET1G
177051	YEATS4
177055	TAF1
177061	TIMM50
177080	ADSSL1
177086	TSPYL2
177089	VDAC2
177090	RNF111
177094	DMRTA1
177098	SELT
177127	UBB
177128	DNAJC28
177129	CYP2F1
177130	PARP11
177137	OBP2B
177138	OBP2A
177141	CTIF
177142	GRK1
177144	IMPA2
177147	ZNF184
177176	CD200R1
177183	RMI1
177184	PTGDR2
177186	GJA9
177190	NRAP
177196	ACOT2
177198	PTMA
177207	CCS
177212	VPREB3
177216	CCDC129
177222	ZNF324
177223	TLDC1
177231	RAB3D
177238	LAPTM5
177240	HTATSF1
177241	VSIG2
177242	FAM109A
177244	OR1A2
177253	FAM63A
177272	ADAM23
177286	SCN7A
177287	LENEP
177289	GDAP1L1
177290	RTCB
177291	PFDN6
177302	SARS2
177308	SWT1
177316	BANF2
177334	PTPN11
177346	S1PR1
177348	SERPINA4
177349	C5AR2
177367	TSC22D1
177381	RGS6
177382	ARF5
177389	CXCL3
177393	SP3
177404	HMGB2
177405	SLAMF9
177407	TIA1
177410	SYT5
177412	PHLDB2
177413	DPYSL3
177416	MS4A5
177435	PLEKHH1
177441	MRPS27
177442	IFNA2
177445	IER5
177450	FAXC
177453	IFT46
177455	KIF18A
177465	PJA2
177467	ZBTB26
177472	ATP23
177490	CPSF3
177491	METAP2
177496	ZNF559
177512	RAB4B
177515	SEMA4F
177517	TBX22
177525	NUMB
177533	SLC22A25
177535	ACTN1
177538	IDS
177543	TNFSF13B
177547	ALDH2
177558	TMEM98
177566	RAB5A
177570	PRAC1
177578	OR2M3
177581	C1S
177585	RIN3
177586	SEMG2
177588	NR2C1
177599	PPIP5K1
177613	SSRP1
177615	NSMCE4A
177616	PIGG
177633	GPSM3
177636	BMP7
177639	GP1BB
177655	MGST3
177661	OPRK1
177666	IMP4
177687	ARL2BP
177707	GRAP
177710	GCGR
177717	PPCS
177719	PGS1
177734	SNX33
177738	GPATCH8
177741	NCAPH
177744	RHNO1
177749	TOP1MT
177753	PHB2
177757	EXOSC2
177764	PSMC3IP
177780	HSD17B13
177808	PHKG2
177811	E2F5
177814	SCN4B
177823	KLK8
177832	STMN3
177856	ZFAND3
177860	APOM
177864	IFI27L2
177868	CHMP4C
177871	MELTF
177872	YES1
177880	NR5A2
177900	MTX2
177907	NLRP7
177926	ZNF233
177950	C20orf141
177951	TEX30
177973	FILIP1L
177981	GIMAP5
177990	PARG
178007	ATP5L
178008	TMEM185A
178010	HK1
178029	CMA1
178031	TMEM40
178033	STK25
178041	TMIE
178043	PSPC1
178046	GLRA3
178047	GUCD1
178056	HIST1H4G
178062	MFSD13A
178063	SUCNR1
178067	FNDC3A
178077	NAP1L2
178078	TDGF1
178079	DET1
178083	PDE6H
178093	SEMA3D
178104	PMP22
178105	C10orf10
178112	SCAMP5
178121	GDA
178123	RAG2
178125	CMTM2
178131	CHMP1A
178133	NEMF
178135	DTWD2
178139	RGS19
178162	IL1RAPL1
178164	KDF1
178167	TNS3
178176	MAPKAPK2
178179	SEMA4B
178184	RAB26
178186	MFSD3
178187	EMC1
178191	NUMA1
178216	MYCN
178219	FAM105A
178221	KCNS2
178226	PRM3
178229	RANBP2
178232	RECQL4
178238	LMO4
178243	SPSB2
178244	THAP4
178275	ACSF3
178284	SLCO2A1
178298	MCFD2
178300	FSIP1
178301	CDK17
178306	CES3
178313	ETV4
178323	ASB2
178328	C8orf46
178330	FOXA1
178334	NUDT5
178353	MAGEA11
178355	CD8B
178360	EPAS1
178364	SCT
178372	SIMC1
178379	GLB1
178385	GPR19
178393	ZFYVE28
178408	PPP1R3D
178411	PAX1
178415	PDLIM3
178416	GLUD1
178419	FRMD1
178421	FOXRED1
178424	STK32B
178425	TCP10L
178497	IL37
178503	BPGM
178508	DEDD
178518	BIN1
178520	NPHP3
178523	SLC22A12
178526	PDIA6
178534	PSMD8
178564	B3GLCT
178569	GNG5
178575	NAXE
178580	RPL31
178585	VEPH1
178600	DNAJC14
178605	ARHGAP30
178610	CCDC38
178613	CACNG7
178622	TNS4
178637	FBXL7
178639	LRP10
178655	IL17RC
178656	POU2F2
178658	NEURL4
178671	UBL7
178673	TMEM129
178677	SELK
178683	TUBG1
178695	KIAA1328
178718	GIMAP6
178720	IGFBPL1
178728	KCNJ4
178729	NDEL1
178735	VPS13B
178744	SRPK3
178755	VRK1
178759	NRTN
178783	ERCC6L
178784	CDK5RAP1
178790	TNFRSF4
178796	CALML5
178803	PDLIM7
178804	PNPLA2
178805	LRFN2
178813	PITX1
178818	RRS1
178823	TMEM79
178824	ZNF226
178825	SGSH
178828	BCAM
178845	CD177
178857	PDZD7
178858	GNB2
178866	LRRC19
178868	BCL6B
178869	GPR135
178873	FAM181B
178884	PCSK5
178900	HOXC5
178904	YJEFN3
178907	ACAP3
178909	KPTN
178917	STMN1
178946	CD1A
178952	UPF2
178957	SPACA4
178974	WDR76
178980	FAM110A
178995	MRPS7
178998	TMEM45A
179003	EPRS
179008	RPL15
179010	HOXA5
179018	KAT6B
179020	WDR54
179021	MEF2C
179029	BCOR
179036	CLDN9
179037	ZNF473
179041	ZKSCAN3
179054	PRDX3
179056	NAGK
179061	FETUB
179065	TIMM8B
179073	HNRNPLL
179076	PRODH2
179081	MFSD4B
179084	ALPK1
179098	LYG1
179099	CDX4
179108	NRIP2
179110	RCC1
179123	DZIP1L
179124	ATXN3
179125	CDHR5
179130	RBBP5
179133	PON1
179141	INPP5K
179143	MCRS1
179145	IL17RC
179146	SHF
179147	HIST1H2AM
179149	HMOX2
179150	TNIP1
179159	IRX1
179164	TNFSF18
179179	BAIAP3
179190	DENND4C
179199	HES5
179213	NLGN3
179223	NTRK3
179226	SET
179237	EIF5A
179253	OR52R1
179254	SNX11
179268	USP18
179273	HCST
179286	SIX2
179287	TRMT44
179302	F2RL3
179303	POLA1
179318	KCNE4
179328	RUVBL1
179329	TYROBP
179368	PGGT1B
179370	TSPAN2
179398	CD69
179403	TIMD4
179404	BCAR3
179428	UNC13D
179438	ZC3H7B
179446	BNIP2
179451	TNFRSF19
179460	ISOC1
179468	GTPBP3
179484	NEK6
179489	AIF1L
179526	PNMAL1
179527	SIPA1L1
179534	WBSCR22
179538	TIMP3
179545	AES
179548	RFX3
179555	SLC2A8
179573	CCT2
179574	COX7A2L
179592	NHLH1
179599	OXCT2
179607	NAA35
179608	NAA50
179609	THG1L
179610	TROVE2
179616	RPE65
179628	EPX
179632	LMAN1
179645	TWISTNB
179647	ZNF597
179658	RBM41
179668	EMSY
179683	PSMA6
179687	ZNF442
179693	SNRNP35
179697	PKP1
179700	SLC1A4
179706	PI4KB
179709	MTERF4
179728	TOP1
179730	DIABLO
179739	ANKEF1
179746	CEP85
179748	CXorf38
179750	TDRKH
179765	DBF4B
179781	NLRC3
179788	ZNF566
179795	CBS
179796	TXN2
179802	NUDT6
179811	SLC13A3
179819	AKR7A3
179822	ZDHHC12
179827	ZFP36
179831	TMEM139
179834	NECTIN3
179835	GPR89B
179836	LGALS3
179837	DCP2
179855	RBM34
179860	TRMT10C
179862	KRI1
179869	SLC6A3
179870	SFXN3
179876	ZSCAN4
179882	RNF112
179899	CD47
179906	MSR1
179908	MRPL44
179911	SLAIN1
179914	ADPRHL2
179919	COQ4
179921	MROH9
179926	SIT1
179931	STX8
179932	MRPS22
179935	MAFF
179941	SIGLEC8
179962	PABPN1
179964	ADH7
179965	ACBD4
179966	RAMP1
179968	ZNF577
179970	DNAJB2
179975	SLC39A7
179985	RTN2
179986	LIG3
179991	AQP6
180013	ANKRD35
180026	TIGIT
180028	NDUFA7
180037	AIF1
180055	LAMC1
180057	WFDC10A
180058	PDGFRB
180063	CCT8L2
180064	BCL2
180066	TNNI1
180070	CDCA3
180071	C9orf3
180073	HTR3B
180086	ZDHHC11
180090	SLC35E4
180093	CDX1
180108	CCDC136
180115	CYP7A1
180118	ZMYND8
180122	RARG
180125	CCL25
180135	GNB3
180142	ANO7
180149	NLGN2
180157	PIK3R1
180173	POP5
180184	GMFG
180185	TMEM69
180186	MIS12
180191	TRIM23
180197	SUSD3
180198	DCAF17
180201	C20orf196
180202	CYP27A1
180208	NF2
180211	DDX42
180213	SLC23A2
180215	RAE1
180218	UTP20
180233	POLR2K
180242	FABP6
180243	LCE3E
180244	ETV7
180254	ZNF140
180269	DGKI
180278	IBTK
180287	PRPF39
180293	GPRC5A
180300	PIGP
180302	GLS
180305	LCTL
180319	MAP6D1
180328	CCDC171
180331	CCDC129
180333	MGST2
180334	ELMO2
180347	CHAMP1
180354	ABHD8
180359	CALR
180365	RRAS
180376	FMR1
180378	RBM42
180380	BIRC6
180389	AQP10
180395	TGFA
180403	TRPT1
180407	MAGOHB
180410	TTC8
180417	SPRY1
180419	GIPC2
180424	FNDC9
180426	FGF1
180427	GHITM
180432	SUGCT
180445	OPRL1
180458	SYNE1
180465	KLHL8
180472	SPATA17
180479	RPL13A
180481	UCKL1
180485	LIN28B
180489	TSSK1B
180498	CDKN2AIPNL
180500	DGCR14
180503	CCR5
180515	PTGES2
180535	ADH1B
180545	PIK3R6
180557	GLB1L
180560	LAPTM4B
180575	KRT82
180577	BIN3
180589	PFKL
180596	MLXIPL
180602	CRYBB3
180617	PTCH1
180626	PRC1
180636	REM2
180648	PRKAB2
180649	FAM173A
180651	NCKAP1L
180655	PCOLCE
180667	ARMCX4
180670	MTHFR
180671	LTB
180672	POU3F1
180695	SAMM50
180726	TLR6
180728	NUP88
180733	EDEM2
180740	ACSL5
180741	STYK1
180761	SLC16A8
180764	H2AFY2
180782	GNPTAB
180792	RRP36
180797	LUC7L
180800	PTPRCAP
180804	LIG1
180809	LENG8
180819	PLXNC1
180824	THAP8
180829	PMM1
180834	CALCA
180843	RGL1
180845	LDB1
180851	CYP2C19
180853	NKX2-3
180879	ILVBL
180882	CLEC4M
180885	GLTSCR1L
180896	NEMP1
180903	ADAM22
180917	LYPD5
180925	TEX261
180927	IZUMO1
180932	SLC25A26
180938	CCT7
180947	SLC17A6
180957	NEU1
180961	FAM198B
180976	UGT8
180992	SF3A1
180993	UBE2Z
180998	SLC2A3
181009	RPL7A
181035	FAM208A
181062	MAN1A2
181072	TJP1
181086	HAL
181097	TAGAP
181098	HIBCH
181105	DPM2
181112	ALDH16A1
181127	CES1
181150	SSR2
181154	LRP2BP
181160	PDPR
181161	PSRC1
181162	CES5A
181167	RIC8A
181169	OR2C1
181170	SLA2
181176	TREX2
181192	ESYT1
181193	ZNF330
181194	WASH3P
181200	DIRC2
181204	CWC27
181218	CDC42SE1
181231	MIOS
181238	MXD4
181242	OSBPL9
181244	CCDC121
181246	PRCP
181258	KMO
181263	PAICS
181268	KCND2
181273	SAR1A
181287	OR3A3
181292	RIF1
181293	SLC7A13
181294	KIAA1551
181312	QTRT2
181315	MAGEA10
181322	ZNF71
181329	KLHL17
181353	WDR20
181362	MEX3C
181366	ADD2
181391	PQLC3
181392	FAM160B2
181397	CALCOCO2
181402	GIPR
181405	B4GALT4
181412	UNC79
181457	RPSA
181474	CEBPZ
181477	UVSSA
181479	EMCN
181481	CIR1
181500	IPO7
181504	MAGEF1
181505	SLC45A2
181510	YTHDC2
181524	ZNF813
181539	MUTYH
181551	BRWD3
181558	GPR4
181563	LIMD2
181573	MAB21L2
181581	DUSP19
181586	OR2A5
181595	OR10A2
181605	CCDC124
181608	CORIN
181617	CREBL2
181628	FAM126A
181636	STK17A
181639	ACER2
181651	PIEZO1
181652	IVD
181661	RPL32
181667	MYT1
181670	POMK
181677	OR6K6
181685	ASPM
181691	CBFB
181692	BAIAP2L2
181713	COL13A1
181717	EPHB3
181718	NINJ1
181728	ALDH1A2
181731	PPY
181732	TNFSF4
181735	EVI5L
181736	TSPAN33
181746	HLA-DQB1
181752	CHRNB1
181754	PSMB6
181758	ATG3
181759	ZNF679
181785	ACHE
181789	FUZ
181792	DMBT1
181809	CAMKV
181829	PLEC
181845	LCMT1
181855	MAGEB3
181876	MTERF2
181879	MCF2L
181880	PTCRA
181886	NT5C1B
181893	OR52E4
181901	TMBIM6
181903	SLITRK2
181922	SNX15
181935	HPD
181937	TMX4
181938	RASGRF2
181950	MIF4GD
181955	DHH
181957	CHCHD7
181959	ANGPTL4
181976	COL5A3
181979	PUS10
181993	PLEKHG6
181994	SYAP1
181999	PPP1CA
182017	P3H4
182019	ARHGEF40
182021	PAK3
182022	CLDN15
182036	RNF168
182048	FAM221A
182050	UQCC1
182054	KIDINS220
182070	STAT3
182071	ACAP2
182075	BARD1
182080	MFSD11
182081	CYP26B1
182096	ZNF395
182100	GPD1
182110	ZNF496
182113	COG1
182118	FHOD1
182123	CLTCL1
182125	USP48
182131	MARCKS
182141	SLC7A8
182143	WDR74
182163	HYAL2
182166	TCEA2
182179	EFS
182181	DBNDD1
182184	ARIH1
182185	EZH2
182204	ARL6IP4
182212	GRIPAP1
182225	B4GALT7
182237	RGS13
182239	ARPC4
182241	AGPAT2
182253	CST6
182254	NINL
182264	GPR101
182266	KRT79
182277	NANS
182278	GPR146
182279	ABCB1
182284	GMIP
182292	NAALADL1
182294	CACNA1C
182297	ARF1
182305	MT1A
182307	QRICH1
182312	ARSF
182320	P2RX6
182329	SSBP2
182330	HABP2
182340	RBM14
182343	HMGB3
182360	OTOS
182363	COPE
182375	YME1L1
182382	PPM1J
182404	GDF15
182417	DUSP1
182432	TBX4
182434	ARL5B
182438	TERT
182445	RAB5B
182449	TMEM132A
182454	FBXO31
182462	ZFP42
182464	TBC1D8B
182466	ADCY9
182474	CA5A
182475	TRIM7
182480	PTCD2
182482	P4HA2
182508	UBE2H
182510	PPP4R4
182519	DPF3
182523	MMP26
182524	NRN1
182525	DBI
182538	INPP1
182550	GPBP1L1
182557	RNMT
182561	IFFO1
182569	TMTC1
182573	CNNM3
182574	MAP3K14
182582	PNOC
182584	TDRD9
182585	C6orf118
182595	BTBD6
182608	F11R
182612	VDAC1
182614	FUT2
182635	ESRRG
182638	PTPRO
182643	MS4A2
182644	ADAMTSL1
182648	BCL2L1
182651	FIGN
182654	USP44
182657	CTRL
182672	PUDP
182680	GABRB2
182686	ADH6
182688	ARFGAP3
182693	ERCC6L2
182714	ANGPTL3
182715	CEMIP
182728	GNG13
182741	GRP
182760	REP15
182763	TMEM62
182774	NME1
182776	ABCA8
182783	SDCBP
182792	MSI2
182794	TTI2
182816	SH3KBP1
182823	CYP2A13
182824	TCL1B
182825	NFATC2IP
182827	OAZ1
182828	UBXN2A
182832	SUMO1
182833	SERBP1
182840	LARP1B
182844	GOLPH3L
182853	ATMIN
182859	TRUB1
182864	NMNAT3
182873	SAMD13
182884	ZNF223
182898	DNASE2B
182902	PIP5K1C
182906	SPAG1
182917	ZFYVE1
182922	ICMT
182935	OPRM1
182939	OFD1
182950	SUZ12
182977	CYB5R2
182980	SPTLC1
182988	RFX2
182989	CRIM1
182993	SSBP1
182995	UNC45B
182997	TOMM70
183003	ZNF346
183013	PQBP1
183023	HSPB11
183028	RSAD1
183045	TPR
183052	PAQR6
183058	CTNNA2
183062	TPM4
183067	NLRP5
183094	NOV
183097	KCTD15
183102	GTF2E1
183103	CECR1
183112	TLL1
183128	CNOT11
183134	STX16
183146	CHRM4
183150	OXA1L
183157	EFNA1
183158	JADE2
183167	XPO6
183171	ETHE1
183176	SPAG9
183184	PPTC7
183186	NDUFV1
183190	KIFC2
183196	SUZ12
183198	RGS14
183203	LRCH3
183204	XPA
183205	FUT1
183209	CDK2
183211	PHYH
183220	MSMB
183223	UGT2B4
183227	SEC14L1
183231	RPL36
183235	PHLPP2
183236	FERMT2
183241	GIP
183245	ALG1
183246	HNRNPC
183248	ZBTB18
183249	IPO5
183256	TMEM80
183258	SLC35F2
183261	OTOR
183284	MED20
183300	NT5M
183313	SRBD1
183314	KCNQ1
183317	CHCHD1
183319	AP3S2
183321	PHF3
183323	CFTR
183335	CENPQ
183337	C11orf1
183353	SERPINB2
183356	BBOX1
183378	FOLR2
183381	EFR3A
183383	PRDM9
183390	ULK3
183393	IGSF10
183394	FAM133A
183403	IRS1
183404	EIF2S1
183410	LRRC75A
183413	ETFBKMT
183414	RNASE4
183415	ZKSCAN5
183425	SLC26A10
183429	FAAP100
183434	SLC7A2
183441	MSI2
183449	CKM
183453	FRAS1
183456	SRSF4
183458	MANEA
183473	C18orf25
183478	CCT8
183485	METTL1
183495	UBA7
183498	C6orf106
183511	PTP4A2
183516	HERPUD1
183517	TIMMDC1
183527	CAPG
183531	RHCE
183538	SYCP3
183555	LYRM4
183564	KRTAP1-5
183568	MDC1
183582	CTNNA3
183590	RGAG1
183592	ZP2
183596	AP4E1
183603	PPP1R26
183606	BORA
183615	SERTAD1
183616	SIRPA
183627	SNX1
183635	DENND5A
183641	SHC4
183645	ACTC1
183659	ZNF703
183666	MPG
183670	PDC
183675	CHORDC1
183680	NAT8B
183687	ROPN1L
183693	HNRNPA3
183700	PCDHAC1
183705	FCHSD2
183707	CX3CR1
183711	DYNC1I2
183719	GJA1
183721	NUS1
183726	CENPF
183727	KDM2A
183733	GATAD1
183742	SLC24A3
183743	RHOA
183747	DCTN3
183759	ITGAM
183763	UNC93A
183771	FOXF1
183774	TNFRSF17
183778	SLC25A25
183780	FBXO3
183782	MED12L
183788	LYPD6B
183791	MVB12B
183798	EIF3J
183799	LILRB5
183806	HIGD1A
183815	FAM188A
183828	LIN7A
183836	GPC6
183841	SCGB1C1
183842	PLS3
183854	DSEL
183855	RSPH10B
183856	OASL
183866	DDB1
183867	ATF4
183871	FAM98A
183885	ZNF136
183904	KRT33B
183912	DGKE
183928	MAGEA8
183932	MYLK2
183936	GFAP
183937	CSF2RA
183940	BTD
183942	TPRG1L
183957	RCC1L
183963	LILRB1
183965	ADAM9
183970	AP1S2
183976	EME1
183980	OR3A1
183982	SMPD4
183983	ADAMTSL1
183997	TASP1
184005	EMC7
184006	KLHL3
184007	RPS19
184009	PRX
184015	PRKCZ
184017	MACC1
184033	MAP3K7
184034	AMOTL1
184039	DMBX1
184050	PMPCA
184053	ANXA11
184060	PTPA
184069	PPARGC1B
184076	GMPR2
184079	MSANTD3
184090	RAD18
184098	PHF21A
184100	PSMG1
184102	ARF3
184103	ADCY7
184118	HYAL1
184123	MORC2
184142	TMEM259
184143	ZCCHC17
184147	NINJ2
184148	STC2
184157	SLC22A18
184158	PSMB9
184159	NPPA
184164	DAD1
184174	ALDH6A1
184175	CCDC26
184177	OSBPL6
184179	FRMD5
184207	SLC22A25
184216	SULT1E1
184220	PSMD1
184221	HRH1
184227	GOLGA7
184244	OR10R2
184267	ZFP30
184272	CNN1
184278	PNKP
184281	HIST1H3D
184285	HES6
184286	SKA3
184287	TTC22
184288	CALU
184290	MMP15
184298	GJA8
184301	KDELC2
184324	DNASE2
184337	CYTH2
184349	GAL3ST4
184350	CABYR
184360	RETNLB
184367	NAV1
184373	PDIA4
184380	RNF4
184396	EMG1
184425	CDKN1C
184429	TLX1
184432	ARFGAP2
184433	PATE1
184443	PRSS36
184453	AMH
184458	UBE2J2
184463	ZNF467
184486	NDUFB6
184488	MAN1B1
184495	TNFSF14
184497	C1orf168
184501	PIDD1
184507	AADAT
184519	ZSCAN21
184532	LMAN2L
184534	FSCB
184543	PCDHA7
184544	YPEL1
184548	ITGB4
184567	LRRN3
184569	OMP
184572	SF3B6
184579	FAM109B
184582	R3HDML
184605	SSUH2
184614	ACBD3
184625	GDPD4
184635	C16orf78
184636	IFT88
184645	PLVAP
184655	TLR8
184666	TMPRSS15
184667	SCGN
184681	PIGM
184691	TNFAIP8L1
184693	DYNLRB1
184694	SNCB
184696	GSC
184699	FH
184709	NKX6-2
184710	MYH14
184716	TRPM6
184722	DPF2
184729	PIGV
184730	BACE2
184732	C11orf54
184735	ADCK5
184739	SLX1B
184744	FBXO36
184746	SSTR4
184747	RPS29
184754	PIWIL1
184768	ZIC3
184778	SFRP5
184781	GRK1
184788	FAM234A
184793	CD9
184795	TIMP4
184798	PKNOX2
184815	KREMEN1
184838	TIPARP
184844	SUGP2
184846	IRAK3
184848	MPL
184851	ZYG11A
184855	EXOC7
184863	PSTK
184881	GK
184897	SFXN2
184915	DECR2
184923	RBM19
184926	PWP1
184933	CD99
184936	FADS2
184937	GLMN
184941	TYRO3
184959	MOCS3
184968	FIBCD1
184975	TSPYL6
184984	JAG2
185002	SYNGR4
185007	C16orf74
185016	TMEM220
185021	WDR92
185028	C16orf58
185031	TVP23C
185040	KLHL42
185042	GYG1
185065	XYLT1
185066	EIF6
185071	NR2F6
185083	ANXA6
185088	STRN3
185093	RNASET2
185100	TGIF2LY
185102	CYP2C8
185108	DUSP26
185114	TEAD2
185131	KLRC1
185136	NANOG
185137	NTN4
185138	DMRTC1
185142	CRMP1
185166	ACSL1
185187	LIX1
185195	CYP46A1
185199	COG2
185207	NOD2
185249	ERCC5
185250	C21orf2
185264	KCNN1
185286	BNIP1
185294	CALML4
185297	EPB41L4B
185299	NOC3L
185301	LYSMD1
185311	METAP1
185312	NUAK1
185319	COPZ2
185322	CYFIP1
185324	CCDC6
185340	CD27
185343	TMEM74B
185345	NF2
185353	IMPAD1
185369	COL4A1
185374	TRIM46
185378	HPCAL4
185381	GLT1D1
185410	SHFM1
185440	PDCD6
185443	UTY
185460	CDC42BPB
185464	NPAS2
185475	KRT83
185493	TYMP
185494	SPAG16
185495	KLF11
185501	SDSL
185509	C16orf54
185528	CLDN8
185558	ANKDD1A
185567	CHAC2
185568	PLA2G4A
185571	TRPM1
185573	ZNF682
185583	SUSD1
185593	FGD2
185595	JCHAIN
185612	MCM6
185626	IGKV2-29
185641	PFN4
185644	S100A14
185658	KIF3B
185669	DPY19L3
185676	TBCEL
185687	ATF3
185698	CIC
185701	MFN1
185703	GKN1
185712	GPR55
185721	REXO1
185723	OR2F2
185730	HINT2
185731	CALD1
185732	CCDC186
185733	CELA1
185743	PDXDC1
185745	ZSCAN10
185755	RASEF
185757	TRIM28
185760	CCDC106
185776	CACNG4
185779	CKLF
185792	WFDC3
185794	PHEX
185798	GABRB2
185802	COCH
185811	C21orf91
185816	GRIK2
185821	TRAF1
185825	HN1
185831	CARD11
185838	CLDN6
185846	CORO1B
185847	FHDC1
185850	CIB2
185851	IST1
185853	LGALS3BP
185855	PHLDA2
185859	ITGA7
185863	LRRN4CL
185870	RGR
185875	FRMD7
185876	SKIV2L
185881	SEPT7
185885	PIM2
185888	SPAG5
185900	ZRSR2
185906	RNF17
185914	DTNA
185920	CLDN2
185938	CHAD
185942	ZBTB11
185958	WNT4
185969	NEBL
185973	UBTD1
185974	LPAR5
185982	NPM3
185983	DIEXF
185984	WAPL
185991	OTUD7A
185996	C1orf21
185998	E2F8
186003	CHRM1
186009	IL1R2
186022	CLTB
186024	FAM214A
186044	CD163L1
186054	KCNE2
186057	OR1D5
186061	PNPLA5
186062	CLUL1
186068	KCNK12
186076	PRPH2
186085	YWHAE
186091	PLA2G2E
186092	APP
186099	NEO1
186112	ANKS1A
186114	SLC38A3
186130	NLRP11
186134	PBX2
186136	ABCG5
186148	CSTF1
186150	XIAP
186158	VTI1A
186169	RNF115
186170	STAR
186186	SIGIRR
186192	GANC
186208	GPD2
186213	ASCC2
186215	DNAJC7
186227	KRT12
186233	C3orf33
186240	TAF1L
186241	RAD51AP1
186250	MAMDC2
186251	UFC1
186266	PGM5
186281	WNK2
186288	LRRC2
186297	DLG4
186303	SPHK2
186316	C7
186318	HHIP
186334	GCN1
186340	DHRS7B
186353	CHAC1
186354	ZNF85
186356	ZNF610
186364	ARHGEF1
186366	RC3H2
186375	RBM6
186377	SPSB3
186379	ZNF511
186383	GRIA1
186385	WDR19
186405	MGAT4B
186406	FZR1
186415	TRMT61B
186418	ECHDC2
186426	SDC1
186433	RFXANK
186435	FPR1
186443	DHRS13
186446	CEND1
186453	CHCHD2
186454	CCR7
186460	OR52A1
186473	SLC16A1
186487	RDH16
186504	ARL13B
186512	GATA6
186517	LIPH
186519	PTPN14
186522	IQGAP3
186550	DHODH
186554	WNT10B
186571	LRRC61
186572	KIF16B
186585	LPA
186589	MAF
186593	WDR31
186598	MRPL17
186603	SRPRB
186608	HINFP
186640	OR52W1
186645	SLC7A14
186647	GDF3
186662	MOAP1
186670	PFN1
186684	PKIB
186697	PLSCR1
186701	PTPN4
186705	CD80
186722	FAM161B
186725	ALDH3A1
186730	KREMEN2
186731	NDUFB9
186736	PEX26
186744	S100G
186748	MRPL15
186760	RTEL1
186765	URM1
186772	TIMM21
186773	PTGDS
186776	NATD1
186779	MIEN1
186788	IKBKG
186790	YY2
186794	SLC25A41
186797	SOX17
186800	DCST1
186803	AHSG
186815	CFHR4
186817	NDC1
186825	SPP1
186829	BICD1
186835	ZZZ3
186841	ANP32B
186846	GAS2
186857	REEP6
186869	TMEM156
186871	CLNS1A
186894	TSHZ1
186897	C14orf169
186912	DTX2
186921	RDH14
186922	RNF19A
186923	PAPSS1
186929	HEY2
186930	RBBP6
186935	KLK6
186940	C19orf48
186944	THBS3
186955	SDF2
186957	BMPR2
186960	SLCO1C1
186965	ZNF75D
186980	SGF29
186981	DDX50
186988	CECR5
186989	DTX2
186996	WDFY2
186998	FRMD6
187002	EBAG9
187003	KRT39
187009	RASSF1
187011	DUSP10
187019	AKR1B10
187031	XRCC4
187062	CATSPERD
187064	MYL10
187070	TOMM7
187081	HAUS4
187082	GATA3
187088	RAB24
187105	EXTL3
187111	ZFP62
187114	ADRB1
187115	FGD3
187121	IL9R
187128	PAX6
187138	HOMER2
187144	FOXN2
187145	APBA2
187149	USP30
187155	SNRPE
187160	DSE
187161	FAM107B
187170	CENPI
187172	PGAM1
187182	TM6SF2
187193	SLC24A4
187195	SSU72
187207	ELAVL4
187225	SLC12A7
187235	GBA2
187236	CYTH1
187238	CEACAM3
187241	KLHDC8A
187247	TRMT10B
187251	RNF38
187253	ITIH2
187258	CACNA1C
187260	PTPRN2
187278	CERS6
187281	C4orf17
187283	BPIFA1
187286	CHGB
187290	C9orf3
187298	DYNC1I1
187311	TPGS2
187312	RETSAT
187321	CDH2
187337	NPTX1
187360	PIGH
187369	SEC11C
187380	BCAS3
187395	CLNK
187403	AIDA
187407	EDNRA
187409	PLPPR4
187410	IRX6
187413	SLC39A9
187418	LAMTOR5
187427	SP3
187430	ARMC2
187438	GLIPR1L1
187441	CDH12
187443	GNRHR
187446	RALBP1
187454	PTPRK
187456	HRASLS
187458	PSMA5
187463	RAB7A
187464	NAT16
187470	SUSD6
187471	OMA1
187480	TSNAXIP1
187510	DNALI1
187514	SOCS1
187518	RBM22
187532	COMMD6
187564	NR2C2
187586	OR5L2
187590	SHKBP1
187598	HM13
187603	BMI1
187604	CCDC102A
187621	MTCH1
187625	ITGB1
187636	TGM4
187656	NDUFS4
187660	ACP5
187661	BTBD10
187671	ELN
187672	RSF1
187677	PALD1
187682	AAAS
187691	ATG16L1
187694	NES
187699	SEMA3C
187707	MAD1L1
187717	MAGT1
187725	ITIH6
187739	SULT2B1
187742	PITPNM3
187744	NTRK1
187750	ISOC2
187757	DDX60
187766	ABHD5
187775	CYP27C1
187792	ACPP
187815	BCAP31
187818	ROGDI
187825	CCDC63
187829	MAP2K5
187844	SPINK7
187860	ZNF664
187873	SMAD1
187881	ERH
187916	SMAD4
187921	IRF4
187924	POLG
187925	ZNF354B
187937	RNF20
187953	ZNF688
187969	SAP30
187973	TMF1
187975	PCDHA3
187977	STRA8
187978	ASPRV1
187979	PCCB
187980	CSPP1
187987	RSU1
187988	FUT8
187998	UNC45A
188007	TRAF3IP3
188013	PRRG3
188014	CDH26
188018	TDRD7
188037	ABLIM3
188050	KDR
188051	CDH3
188075	SARM1
188077	SETX
188082	C14orf166
188097	BTF3L4
188103	MGST1
188107	TMEM14A
188108	GATA4
188118	EXOC5
188138	MIER2
188149	KIF15
188155	ENHO
188164	TBC1D23
188170	ARL11
188171	TMEM229B
188172	SLC5A1
188189	DSG1
188207	SYT15
188209	CCPG1
188213	NAA25
188227	APIP
188235	MOG
188240	RPL38
188263	BAZ1B
188265	DDO
188269	HEPACAM2
188270	ITPK1
188291	PLCG2
188301	WRN
188332	KLHL24
188337	TACR3
188340	ZBED4
188358	BRICD5
188379	YWHAH
188381	HMP19
188387	BMPER
188388	RPUSD2
188391	DPH7
188400	ST8SIA2
188404	NEDD1
188411	ANKRD11
188418	DMGDH
188430	C5orf30
188434	FA2H
188436	CPB2
188439	LIMD1
188449	HAX1
188450	NOA1
188454	TRMU
188455	GINM1
188457	MORN4
188463	GABRD
188464	ELF4
188471	FGFR1
188472	C8orf76
188477	DTX3L
188486	ABCC10
188493	ATP2B4
188497	ADSS
188502	CCDC81
188504	ELANE
188528	POSTN
188530	SEC61G
188543	POFUT1
188546	NAALADL2
188552	KDELR3
188590	ZCCHC12
188604	WDR73
188605	SNAP23
188607	PIGN
188608	SLC25A10
188609	GTF2E2
188614	LRRC23
188616	UQCRH
188631	RASGRP1
188632	TIMELESS
188640	MINPP1
188654	MTSS1
188659	SIRPB1
188666	OSGEPL1
188678	ERP27
188682	ZNF575
188684	PPP2CA
188686	MRPS15
188698	SUGCT
188699	NPY2R
188703	ARHGAP5
188708	DYRK3
188724	AEN
188733	CCR3
188735	RUVBL1
188736	VN1R1
188749	ZCCHC8
188754	FAT4
188773	RPL17
188783	KLRC4
188801	KLRG1
188807	CXCL5
188816	ZNF485
188826	SDCCAG8
188831	CMPK1
188838	PLD5
188840	PAIP1
188843	CDK8
188846	CTBS
188867	EPHX4
188871	PTPN13
188877	CCNE2
188901	KCNJ9
188922	TRIB2
188925	BMPR1B
188927	FAM151B
188934	NMB
188936	TIMM17A
188969	WFDC1
188985	RRM2B
188991	C1orf162
188996	MYOZ2
189009	WDR70
189042	MAGEA9
189055	AKAP3
189065	ADAM17
189070	EEF1G
189077	B3GALNT2
189081	TUSC2
189090	KLF4
189092	EIF4A1
189094	TPX2
189097	GAS7
189107	CEP57L1
189108	ISOC2
189121	SLC2A6
189125	UBASH3B
189139	COA1
189140	NDUFA1
189141	TMIGD1
189150	DTL
189157	CYP20A1
189160	CPOX
189180	SEZ6
189195	ADAMTS7
189197	ARPC1A
189219	SMAP2
189240	RING1
189249	ZNF214
189252	RBM46
189261	CCDC42
189269	LPAR6
189271	LNX1
189275	EFCAB14
189281	SPATA9
189284	TBCC
189298	NOP10
189299	HIST1H2BB
189312	RBM43
189316	ALPI
189327	PCDHB9
189353	TMEM35A
189365	MTHFD1
189366	HACD2
189372	CNGA1
189375	TGM6
189388	CFAP52
189401	AP5M1
189404	DCTN1
189406	MGAT1
189408	MIPEP
189411	DNM2
189412	ALDH9A1
189413	PHACTR1
189418	THYN1
189428	PALM2-AKAP2
189433	GPRASP2
189438	LYPLA1
189441	KIAA0922
189465	TNFRSF10B
189480	HMGXB4
189482	SLC5A3
189487	TAAR2
189490	NR3C2
189501	PKHD1
189503	DNAJC5B
189505	SMR3B
189513	ZNF180
189518	INTS7
189520	KCMF1
189521	TBL1XR1
189523	ICK
189524	VEZF1
189529	TMPRSS11D
189533	LYPLA2
189535	PSIP1
189538	PDGFC
189545	TSSK4
189546	SGTA
189547	DCANP1
189549	PRAMEF2
189554	HYAL4
189561	AHCYL1
189580	ACTR3
189583	GMEB1
189588	MCCC1
189609	TP53AIP1
189611	NOP56
189624	GTF2IRD1
189636	AP1S2
189650	NDUFA3
189680	SYNJ2BP
189681	ERLEC1
189684	RFPL1
189687	AHCY
189688	CLEC2D
189689	FGF17
189694	COCH
189700	MRPL51
189705	ANGPTL2
189708	SRY
189719	CEP70
189722	ASL
189728	ST6GALNAC3
189732	AGO3
189745	PHF6
189756	CUX1
189762	FAM91A1
189774	NIPAL2
189781	PRCC
189793	UQCRFS1
189814	VAMP5
189816	ABLIM1
189818	BRD9
189835	TMEM167B
189839	C1orf105
189841	SPATA22
189850	GLB1L2
189867	CLDND1
189870	ORC5
189875	ACADSB
189905	ADAT1
189906	ZNF7
189918	PQLC2
189919	WFIKKN1
189926	ACADL
189938	YWHAZ
189943	DOCK3
189947	PMFBP1
189953	SMC6
189964	TLR9
189973	OR1F1
189977	PBX1
189980	OR2T6
189981	OR8D1
189985	CBR4
189991	SHTN1
189992	FASTKD3
189995	GPR82
190011	MAP1B
190013	ZNF586
190014	SFRP2
190021	PPFIBP2
190023	TTC9B
190032	C3
190034	BABAM1
190050	EXT1
190056	CTSC
190068	ZNF45
190073	HIST1H2BK
190074	SLC4A1AP
190096	CCDC122
190099	FANCI
190109	HOXA13
190128	ZNF205
190142	TRAPPC11
190148	PLEKHM1
190155	FECH
190161	GGCX
190165	FRMPD1
190170	ELP5
190174	MFNG
190176	TECPR1
190183	IFNGR1
190185	POPDC3
190191	LRGUK
190207	MTTP
190211	CBX3
190218	PPT2
190224	BCL2L10
190246	RNF135
190260	ZZEF1
190274	CRYAB
190298	ABI2
190300	CIART
190302	CYP2D6
190304	SLC27A2
190306	GHR
190308	CKAP2L
190320	PKN3
190329	RARS2
190354	STYX
190360	KPNA6
190367	PLXNB3
190380	SEC61A2
190382	SLITRK6
190390	HSPG2
190410	GAS8
190420	MYLK4
190437	CLIC1
190443	CHRNE
190444	RNF126
190448	SCRT1
190465	SNX31
190504	ACTG1
190506	METTL9
190517	POLR2M
190520	MOB4
190525	DMRT1
190555	CTSO
190556	AKT3
190566	GPR161
190569	SOX8
190571	RAB2A
190575	ZNF57
190581	PPP6C
190588	ASTN2
190596	ACSS1
190612	TCF25
190614	RBPMS
190621	PRPF6
190637	RAI1
190661	RPL17
190663	GUF1
190667	HSCB
190669	KTI12
190672	TUBGCP5
190673	RPF1
190674	EIF3C
190678	CHMP4A
190682	RPS4X
190690	C17orf64
190701	CNTN5
190705	PRR15L
190719	CAPN7
190721	LMO1
190750	TEX101
190751	DCUN1D4
190752	NPAS2
190761	ATL1
190770	TMEM200B
190775	KCTD4
190778	EPHB2
190782	HLA-DMA
190785	TFRC
190804	HMBOX1
190820	HES7
190825	CD3EAP
190831	VKORC1L1
190833	HSPBAP1
190847	TRIP4
190870	DENR
190878	MNDA
190880	DCT
190883	AMBRA1
190888	MBTD1
190889	PPP2R2A
190892	SCRT1
190896	TPTE2
190898	FBXO11
190902	ARFGEF1
190904	CKAP2L
190915	ATAD1
190918	ISCU
190921	BCAS2
190925	ATAD5
190926	CHIT1
190932	COL21A1
190934	STK11IP
190941	KLHL36
190945	PTGES
190948	UGT2A3
190949	SPATA5L1
190958	ASIC3
190964	TNFSF9
190978	ANKRD11
190980	NR1H2
190984	AQP4
190995	CSN1S1
190997	CGRRF1
191050	MAPKBP1
191055	RMI2
191058	OR7D2
191061	RBM3
191065	RGS7
191074	CACUL1
191084	CTHRC1
191086	RABIF
191090	FAM131A
191100	INCENP
191105	UNC50
191116	EIF4A2
191122	TAF5
191135	LRRC49
191139	OR2L2
191140	XRCC2
191144	HAP1
191146	C3orf58
191157	CCDC89
191158	ZDHHC21
191159	KLHL32
191162	GJB5
191167	CLSTN2
191186	C10orf2
191222	SLC11A2
191236	TNK1
191241	MSRA
191246	ADGRF3
191248	PRKAG3
191262	ITGB1
191265	NGF
191270	FUNDC2
191272	ZNF548
191279	JTB
191285	COL4A6
191290	FAM35A
191292	STRAP
191295	NUTM1
191296	MIER1
191305	CDKN3
191332	MICU3
191337	CNIH3
191349	EFTUD2
191350	LIMK1
191355	PLEKHB2
191357	TMEM206
191363	KCTD2
191377	CDO1
191394	BBS2
191402	ZNF471
191405	UPK1B
191407	FUT10
191410	BHMT2
191423	CRYBA2
191430	VCPIP1
191434	CLEC7A
191441	RSAD2
191447	PRSS35
191455	ATL2
191456	VIL1
191463	TPCN2
191504	AP2B1
191510	SASS6
191514	KCNS1
191516	IGF2BP1
191520	FBXO38
191524	ATP2B2
191526	TEP1
191530	RALB
191536	SRP54
191539	RAF1
191543	ANTXR2
191545	SUPT7L
191554	UHRF1BP1
191555	VAMP2
191565	LSM14A
191571	KLHDC3
191589	GRM3
191595	AKAP6
191596	PCOLCE2
191606	LRRC7
191611	UBE2E2
191620	TMEM38B
191627	NCOA4
191640	TIMM13
191646	EEF1E1
191668	CPSF4
191676	WWP1
191693	SLC41A2
191703	VPS13B
191705	CDK19
191714	TMEM126A
191723	LRCH2
191728	MTRR
191731	IL31RA
191745	EDN2
191750	MCMDC2
191760	TANC1
191766	HDAC8
191770	DHX58
191797	INSM1
191799	DRD3
191801	XKR6
191816	SLC46A3
191818	MCU
191821	CXCR4
191834	HECTD1
191837	SLC6A7
191841	DCAF13
191842	NUPR1
191847	MGST3
191854	FUT3
191856	FAM160B1
191872	MEF2A
191898	ABCA12
191909	PPM1K
191915	DOC2A
191917	NFU1
191919	RBM45
191921	SCD5
191932	CCDC36
191935	MDFIC
191942	WDR59
191944	SLC14A1
191960	CD8A
191962	FKBP11
191963	PHF1
191964	KRTAP1-1
191970	PCBP2
191973	PLK4
191977	ARHGAP31
191984	SLC6A16
191992	KCNK15
191994	GPC4
192006	RALBP1
192008	SERP1
192027	PRPSAP1
192034	AGAP1
192035	NACA
192036	FGFR1OP
192039	IL1A
192045	RNPEP
192063	SLC18A2
192078	JPH3
192079	ARHGEF7
192081	WDR83
192082	TAS2R3
192103	PYM1
192105	PDE5A
192109	ADGRL1
192110	FAM81A
192115	TNIK
192117	PIK3R4
192123	DEFA4
192124	SLC35B1
192129	CCDC27
192143	HOXA3
192167	DENND6A
192168	PLRG1
192173	DVL3
192178	GRTP1
192182	RAD1
192193	APPBP2
192223	NOP58
192239	PPARG
192243	DNAH9
192246	TCOF1
192252	IFT140
192255	MAS1
192258	GADD45A
192265	BIK
192269	VPS72
192287	TRAF3IP2
192289	PYURF
192307	PRSS23
192311	DBF4
192318	MAGEB10
192325	TMED9
192337	AMACR
192339	HRG
192342	ECT2
192343	KLHDC2
192350	CEACAM5
192359	RSBN1
192362	METTL8
192367	STK35
192373	S100A2
192374	LRPPRC
192382	RNF130
192391	RAB27A
192403	TSPAN16
192407	GPR153
192424	RSPH9
192445	LOC100128076
192450	AQR
192455	KIF25
192466	GSG1
192479	C2CD5
192488	SELL
192493	WDSUB1
192498	ASB14
192503	DCUN1D5
192507	GEM
192512	OR4K14
192518	RAB24
192524	DRD3
192528	CXCL6
192529	KRTAP4-5
192534	IFNA16
192539	SRGAP1
192545	AXIN2
192551	THUMPD3
192552	TXNL1
192556	ZNHIT6
192558	TNFSF15
192563	CFL2
192564	ZNF621
192570	SH3D19
192573	RALA
192583	HOXC4
192584	SLC9A2
192594	LOX
192606	HSDL1
192614	RBBP6
192617	PPP2CB
192628	UCHL1
192630	FCGR2B
192633	RUFY2
192638	USP13
192649	TSG101
192654	SSBP3
192656	MGAT5
192658	USF1
192662	OR52N4
192675	NBAS
192681	GRID1
192684	RAPGEF6
192698	RHAG
192701	TRIM27
192702	SLCO1A2
192715	DONSON
192716	CSNK1A1L
192719	RUSC1
192720	PNRC2
192722	NTF3
192723	FARP1
192726	SKP1
192734	L3MBTL3
192751	COL11A2
192759	VAMP1
192770	ATP6V0D2
192781	SOCS6
192782	ITGB3
192791	COPS8
192795	DEPDC7
192798	SUCLG2
192802	LBH
192804	ATN1
192809	NMUR1
192835	RRN3
192842	FGFR3
192845	ENDOU
192853	WASL
192857	SPATA31A7
192867	UGT1A8
192874	KCNK5
192880	ANKRD26
192893	EPHA4
192900	OR2W1
192902	CBX1
192905	COG5
192912	MAPT
192916	KHSRP
192935	RGS5
192950	BRWD1
192962	DENND4A
192967	ASIC5
192968	CBX8
192970	CARF
192974	ERBB4
192975	MND1
192976	PYHIN1
192985	RFWD2
193005	NFASC
193007	MRPL53
193016	BRIP1
193017	PTCHD1
193021	PRB3
193055	C9
193063	SLC7A4
193064	INHBA
193067	TESK2
193078	COX20
193082	OSGIN1
193083	ADRA2B
193090	MANBAL
193094	CNR2
193099	OR52E2
193100	SLC5A5
193118	TMEM106A
193122	HMGCS1
193132	GLI1
193167	SH3D21
193172	HIST1H3G
193177	SUPT4H1
193181	DAB1
193186	ADRA1A
193190	JPH2
193191	GPX8
193194	CEP162
193196	SIRT7
193199	RSF1
193226	TMEM116
193232	IQUB
193239	RPL39L
193251	SPEF2
193263	USH2A
193266	CXXC4
193278	RB1
193279	VTN
193284	RFK
193288	SPRED1
193295	DCAF1
193314	RABL3
193324	PSMB3
193334	ENPEP
193337	FNIP1
193349	SENP5
193356	ZNF419
193364	YAE1D1
193374	SPATA31E1
193379	BBS1
193383	KRT81
193395	EMC3
193402	EID1
193415	CD1E
193419	RPS6KB1
193422	PAXIP1
193425	OR7A17
193429	TBC1D1
193430	KL
193431	CDIPT
193459	XRCC4
193461	OMG
193467	LRWD1
193480	ZNF157
193488	CACNA1E
193511	XDH
193526	MC4R
193530	TNFAIP1
193540	SCIMP
193545	HTN3
193550	TMEM17
193551	CNDP1
193576	LLGL2
193582	LMCD1
193585	ITGB2
193586	ZBED8
193596	ARG2
193606	C12orf45
193615	FAM46A
193617	NPVF
193619	NDUFA10
193621	UBASH3A
193628	ATG3
193629	AHI1
193647	ITGAX
193653	MPO
193655	SURF2
193656	TMUB1
193657	FADS3
193658	CELF5
193661	E2F6
193665	MED18
193666	ARL4C
193667	CRYGA
193670	HK3
193676	GTF2I
193683	GPR3
193689	BMP2
193695	MAN2A1
193701	FIBIN
193716	ECE2
193717	ATRN
193721	UBE2A
193735	KANK2
193752	BICDL1
193759	TNKS1BP1
193764	TPD52L3
193786	LDOC1
193795	ATP1A2
193798	IQGAP1
193805	SF3B3
193808	SPIN2B
193811	FTL
193817	CBFA2T2
193821	PARVG
193823	GJB2
193830	LSM11
193842	NCR3
193848	DNAJC13
193851	PORCN
193857	FAM214B
193865	KIR2DS2
193869	TUB
193873	TEX15
193875	ANGPT2
193893	EPSTI1
193899	PPP1R13B
193902	ZDHHC3
193904	NAT9
193906	SHANK2
193909	SMIM8
193930	LYPD1
193936	VPS18
193947	HIST1H2BM
193950	TCP11L2
193960	RNASEH2B
193963	SS18L1
193967	CAPZA1
193975	IGSF21
193981	ARMC9
193986	STRA6
193991	ASAH2
194000	MRTO4
194003	COL1A1
194013	MZB1
194024	PIAS3
194026	LURAP1L
194035	SHMT2
194041	TCF12
194045	B4GALT2
194067	PCBP3
194068	TUBB2A
194072	TRIM65
194077	TMEM130
194079	PPIE
194080	CHD9
194086	PCED1B
194094	REC8
194097	N4BP2L1
194101	DPYS
194103	SLC26A4
194109	HOXD9
194112	RSPH3
194114	FOXO3
194115	MLKL
194124	AARS2
194134	LYN
194135	GLT6D1
194142	MED27
194165	ATP4A
194171	VPS13B
194196	PIP4K2C
194202	LHFP
194205	TMEM8B
194214	MPP7
194243	ATP5A1
194249	PAX5
194266	SMUG1
194271	TMPRSS2
194282	PDZD4
194298	FGF23
194299	FAM129B
194314	ABCC4
194318	INTS10
194320	RAPGEF3
194321	CFAP36
194325	SSR1
194326	PDGFA
194327	RAB6C
194328	KRT33A
194339	FGGY
194346	KPNB1
194352	UBXN6
194365	PER3
194368	WDR12
194369	PARD6A
194378	BTBD16
194394	FCRL5
194399	STK38
194409	ACSS2
194410	ANKRD45
194412	TMEM168
194416	RNPEPL1
194422	SIGLEC11
194423	FAM189B
194433	SLC22A11
194434	NCAPH2
194437	ACTL7A
194440	ZNF557
194441	FMO5
194447	ZFP91
194463	PTPN23
194477	LAMP3
194488	VAPB
194489	RUNX3
194493	FAIM
194496	ATF7IP
194498	DLGAP5
194502	SLCO3A1
194512	RPA3
194517	OSBP
194528	TRIM5
194541	USP8
194547	TMEM9
194554	NOL11
194563	CAST
194565	WDR5B
194567	SUSD4
194568	ZZEF1
194575	IMPG1
194586	GK2
194597	TSFM
194600	UEVLD
194601	AMOT
194605	SLC26A6
194612	BPIFB1
194621	MAL2
194623	CEACAM7
194628	NEK11
194633	ARMC8
194637	HMGN4
194638	PCDHA1
194641	PRRG2
194644	MRFAP1
194654	TRIM23
194658	TRIP13
194660	NLRP12
194679	HAUS2
194689	GABARAPL2
194697	STMN4
194709	FFAR1
194710	UPK2
194721	ZNF552
194729	GRIN2C
194736	GPR89B
194752	HRASLS5
194779	ZSWIM8
194782	F8A1
194805	ITFG1
194807	SMARCA2
194808	CACNB3
194820	TM4SF4
194821	APAF1
194823	ARHGAP22
194837	SYBU
194856	CCDC105
194861	ISY1
194871	PAFAH1B3
194873	HDC
194890	DSTYK
194900	FAM120B
194902	CCL22
194923	SCGB1A1
194924	ROR1
194925	SNAP47
194927	UQCR10
194940	NPY5R
194941	PCDHA8
194945	EXTL2
194946	DGKD
194952	DEFA6
194955	ABCA4
194964	ZNF532
194975	CNTN1
194978	UCHL5
194980	PNPO
195002	CA8
195021	RAB31
195022	TUSC3
195026	ZNF264
195028	TEKT5
195035	LOC727924
195036	RPL30
195040	HRH4
195045	KMT2A
195064	PROKR2
195072	COL25A1
195075	ARMCX1
195090	YIPF1
195097	ZNF74
195114	ZMYM1
195130	IL21
195131	RASA2
195132	CAMK2D
195134	CENPK
195142	PARK2
195150	B4GALNT1
195159	TRPM8
195167	VMP1
195177	RCOR1
195179	PURA
195205	GCM2
195207	YIPF7
195215	SLC38A5
195222	ADAM12
195226	SLITRK1
195267	SIL1
195281	TRAPPC13
195288	ADORA2B
195304	ZNF786
195306	KDM4C
195310	GZMK
195326	CPZ
195332	PSORS1C2
195337	PIP4K2A
195340	MRPS24
195390	CCL4
195416	ERGIC3
195432	FAM92B
195445	DPT
195450	L3MBTL2
195455	NAAA
195456	AGR2
195457	ADGRE1
195464	ASRGL1
195465	BCL10
195469	ITPRIPL1
195478	ANAPC1
195499	FOXC1
195505	TPSG1
195508	ARAF
195515	SMCO4
195519	MEP1A
195525	PRDM4
195528	NEURL2
195535	PLXNA2
195536	USP5
195541	FBXW9
195542	NOP9
195544	CD2AP
195553	ZNF318
195561	TACR2
195562	DHFR
195568	MIXL1
195577	IFITM3
195581	BPIFB2
195584	SMR3A
195587	RNF41
195622	SH2B1
195631	ZNF329
195643	GABBR1
195655	RRAS2
195659	CPT1B
195671	ARL5A
195683	ZNF571
195690	DTWD1
195693	CUEDC2
195696	ADGRE3
195702	EGR4
195704	SARS
195707	HSD17B2
195726	SHC1
195731	VGLL3
195742	TRIM42
195743	ALDOC
195751	FAM222B
195753	ENKD1
195754	ZNF606
195756	FNDC8
195764	DOT1L
195766	ETFDH
195769	IL19
195779	ADRA1B
195785	OR6K3
195786	ACSL6
195806	ZNF483
195820	RAB29
195821	CYB5R4
195838	MAPK8IP1
195853	SHANK2
195860	GALNT14
195865	LYVE1
195867	SLC17A3
195871	KLF15
195875	RNF43
195885	ANKRD29
195916	LILRA2
195929	GSR
195937	GPRC6A
195955	GATAD2B
195957	KIAA0922
195958	RNASE2
195966	EIF4E
195976	BOLA3
195982	SPX
195986	ATP6V1B1
195994	CCL25
195995	SLC16A9
195997	C3AR1
196004	C4orf19
196008	LRRC41
196014	GRIK5
196021	AMELX
196031	ARPIN
196037	A1CF
196072	CDT1
196076	SLC36A1
196081	COX8A
196088	VDAC1
196095	GLOD4
196096	KCNS3
196102	CRK
196110	CSNK1E
196111	NLRP2
196116	ID3
196121	TMEM174
196129	CCDC57
196135	ZNF235
196141	CD14
196157	ARG1
196168	MYO5A
196171	KPNA1
196187	CDK20
196199	AFP
196221	ARL15
196233	MARK4
196253	GPR160
196256	OTUD4
196262	UBQLN4
196263	KNTC1
196274	PCDHB7
196277	PADI3
196281	SNX10
196286	GML
196290	MBIP
196296	MMP28
196297	PKD1
196301	ALK
196303	GOLGA1
196304	NFXL1
196306	TIGD4
196309	PXYLP1
196310	SLC25A4
196316	SULT2A1
196317	RBP5
196334	LYPD3
196342	WDR93
196345	SLC12A1
196373	MYL6
196376	CAPS
196388	FOXL1
196397	RNF32
196401	HOXB4
196404	MMP23B
196405	CXXC5
196409	RNH1
196411	RYR2
196412	PLEKHJ1
196417	VAMP1
196426	REV3L
196452	ACSM5
196461	NIF3L1
196463	ENPP1
196466	PLA2G3
196469	ETNK1
196472	GFI1B
196482	DOHH
196485	ACACB
196494	S100A8
196521	KRTDAP
196523	OAT
196532	MAGED2
196533	LAMP1
196536	GSG1L
196537	SDK1
196539	PRIM2
196543	OR4K17
196556	FRS3
196557	COLEC10
196577	C8B
196578	PAK5
196588	SNX8
196590	TDG
196591	TCTN3
196595	GPX3
196599	LRRC8C
196612	ENPP4
196613	TICRR
196622	LUM
196630	MBNL2
196635	NPHS2
196639	NCALD
196641	CDK15
196650	MTMR3
196654	NAA40
196657	TMLHE
196658	PNLDC1
196668	TMEM60
196671	EPHA2
196674	INPP5J
196687	NCOA7
196689	SIDT1
196692	DCAF10
196695	IER3
196699	CUL1
196700	SLFN12
196722	TSSK3
196741	C11orf88
196744	SCML4
196745	MLST8
196765	JOSD1
196770	FOXD2
196777	FAM57B
196792	ENTPD5
196795	NR5A1
196815	FBXO39
196826	HGFAC
196827	TCEB2
196828	GCLC
196849	ZNF143
196852	NPHP4
196856	TRIM37
196864	LETM1
196867	TBC1D21
196876	DNAJC17
196884	OLAH
196885	SNTA1
196889	ZNF280A
196891	SLC44A2
196893	HMGA1
196901	EHMT1
196924	HAAO
196925	NCKIPSD
196933	PLCXD2
196942	CA4
196944	KNDC1
196950	VENTX
196957	YAP1
196961	PPP1R14C
196972	ARHGEF15
196992	B3GALT4
196999	TSPAN31
197008	NHEJ1
197013	SDF2L1
197030	ZNF385D
197044	ATOH8
197056	CNGA2
197061	CASP4
197063	CRELD1
197073	PFKFB2
197078	AKAP8
197081	MAP3K12
197090	HOXC8
197109	TRIM4
197113	PCBD2
197119	TSTD2
197126	SERPINB8
197127	WARS
197133	ANKRD22
197166	SBF2
197167	TENM1
197179	MAPRE2
197182	RER1
197185	HSP90AB1
197186	FANCD2
197200	HSD3B1
197208	LMO3
197221	MTHFD2
197227	KRT34
197231	BORCS7
197232	HYLS1
197238	GZMB
197242	HLX
197243	HCAR1
197249	LRRC37B
197251	SLC1A5
197253	P3H1
197260	NSUN7
197265	ITGAX
197267	RPL27A
197282	PLCD3
197299	MGAT4A
197310	IFRD1
197319	RRBP1
197325	SOST
197326	ARL4D
197327	HCFC1
197333	CASP8
197340	UBC
197341	PLK1
197351	BRCC3
197353	MME
197361	BPIFA3
197364	VGLL3
197371	MTMR7
197378	CAMKK2
197381	FAM193A
197396	ADCY1
197404	CCK
197406	TBC1D19
197413	RGS18
197423	MUT
197431	AMPD1
197447	TUFT1
197453	DPY19L2
197463	ABCB8
197470	HIST1H3J
197479	RPRML
197485	TRPC5
197486	ABCF3
197488	ORM1
197491	UTP4
197496	IRX3
197499	SLC25A47
197513	DNMT1
197519	C12orf57
197520	HCAR2
197522	UPF3B
197531	CHRNA1
197533	DMPK
197538	BHLHE40
197543	ZNF101
197578	SLC27A5
197584	PLCB1
197586	PSMB5
197593	HOXD3
197608	SOD3
197613	HIST2H4A
197614	NOS3
197622	MKRN3
197624	METRNL
197632	SMDT1
197639	TMEM255B
197645	RAX2
197651	ID4
197652	YPEL1
197666	NTSR1
197668	PDE4A
197676	SPPL2C
197684	DHX8
197686	NECTIN1
197691	ADORA2A
197694	FSD1L
197699	EPYC
197703	ADGRG7
197713	TEAD3
197714	BMP8A
197724	CLRN3
197727	RHOXF1
197731	ZBTB7A
197739	MARCH10
197751	GRB10
197753	ABCC5
197765	CDYL2
197767	ZDHHC15
197774	PNPLA3
197776	OR2Y1
197782	SSTR5
197798	NEK1
197801	TSPAN14
197808	SLC35G3
197815	CABS1
197824	TEX14
197830	WDR48
197832	SLC39A8
197833	ADIPOQ
197839	SH3BP5
197846	LARP4
197857	LUC7L3
197886	RPS6
197890	PAX4
197896	CEACAM8
197906	TCP11L1
197907	PLSCR4
197915	PIP
197925	NPAP1
197936	OR9G1
197942	TOMM40
197958	SPDL1
197962	NOC4L
197970	OTUD6A
197987	SPARCL1
197989	MRPL18
197993	SLC10A3
197996	SIK3
198005	PLPPR4
198023	CCDC68
198054	GEMIN8
198055	LIPF
198067	LRR1
198082	STEAP4
198084	JMJD4
198093	SRSF11
198096	APCS
198099	ARPP19
198106	ENAH
198123	DNAJC22
198139	CPB2
198147	POLR2I
198148	OLFML2A
198155	DYNC2LI1
198165	KCNE5
198178	PTRH2
198197	SPAG11B
198198	LPGAT1
198202	SMARCC1
198222	CLSTN3
198223	PRDM16
198232	TP53BP1
198244	TONSL
198250	TFAP2C
198252	RNF133
198262	ICA1
198265	APOF
198277	NKTR
198293	SH3GL3
198298	NFATC3
198301	CREM
198312	GIMAP8
198314	PSMG3
198317	SH2D4A
198318	BASP1
198319	SEPT5
198328	PPP1R3A
198329	OR2J2
198332	CYP3A43
198348	ARHGAP25
198350	UBAP2
198352	TUBA4B
198355	CHRNA3
198356	ECHDC3
198370	CDH10
198375	PTGIS
198384	PLEKHF1
198391	TGFBR3
198392	MUC2
198399	CCDC70
198405	AP1G1
198419	DRG1
198420	OR52E6
198421	TOB1
198422	PDP2
198424	AFAP1
198427	UCN2
198428	ANKRD13A
198434	ATP5G2
198456	SPACA1
198464	ADAT2
198470	TEX13A
198472	SF3B5
198473	HLA-G
198483	INA
198488	NRBP2
198499	PTK2B
198510	PRKAA1
198544	MCOLN2
198548	BET1L
198553	AMN
198554	SAC3D1
198558	MARCH5
198568	MRC1
198574	AOC3
198575	NFKBIZ
198576	BSDC1
198586	RCSD1
198592	FOXN1
198595	HTR3A
198598	ZNF441
198606	EMP1
198607	RECQL5
198609	TMA7
198610	COX10
198621	OR51G1
198628	SLC6A9
198629	OLFM2
198630	TGM5
198642	OR10J3
198650	COLEC11
198651	TXNDC17
198659	CPNE5
198663	TPH2
198666	GCG
198670	DCAF16
198705	PTBP1
198707	SIGLEC7
198709	ACAD8
198714	PFKFB3
198718	RNF11
198728	CEP55
198729	METAP1D
198737	HIST1H2BL
198749	EFNA4
198750	OR5AR1
198762	CD1D
198781	ZNF30
198784	HLA-DQA2
198791	RBM12B
198809	SLC28A1
198813	ACACA
198822	PRSS50
198841	SOX10
198846	IFNL2
198848	RPRD2
198852	ATP7B
198858	ZNF280B
198872	ZIC5
198878	PRKACB
198882	SP1
198893	OR7G2
198904	TRHR
198911	YTHDF1
198926	MTMR4
198928	FANCG
198929	ZBTB39
198948	KCNA2
198949	FIGF
198956	OR2AE1
198967	KLK11
198968	RHOH
198970	FBXL4
198981	TNIP2
198982	SRD5A2
199001	ZBTB7B
199005	LTK
199007	KRTAP13-1
199018	CNTN4
199024	DDIT4L
199044	ABCG2
199050	NCAM2
199058	LYPD4
199059	CXCL16
199062	STOX2
199064	ALPP
199067	ASB12
199070	CST4
199094	DNPH1
199099	OSBPL5
199105	ROS1
199106	TMEM260
199107	KIF11
199112	FGFR4
199113	MRPL36
199118	PBX4
199121	MCOLN1
199169	FRG1
199170	OSTC
199180	PRSS16
199182	PHF23
199193	C11orf65
199201	KLHDC8B
199204	AIG1
199205	AKAP10
199219	SPHK1
199228	KRTAP13-2
199239	IL13RA2
199241	POMGNT2
199242	KRT38
199244	C1orf198
199251	SORCS3
199254	FAM107A
199263	SELE
199267	ART1
199270	ASB6
199279	RFX7
199290	ANTXR2
199291	ADCY6
199302	TPRG1
199305	ECD
199310	FBXW4
199323	C9orf24
199338	PARK2
199358	ELOVL4
199360	YWHAB
199363	PCDHB15
199364	DDX28
199368	PLXNB1
199369	HIST1H4C
199386	PPP1R14D
199389	TAB2
199390	ASB17
199394	PBOV1
199401	KRT76
199423	RAPGEFL1
199449	GPR31
199459	ANAPC2
199461	ZNF48
199467	AHNAK2
199473	MPPED1
199474	PCDH18
199477	PCDHB3
199478	SORCS1
199487	SV2B
199490	SRRM1
199492	FUT4
199498	ZSCAN31
199502	MSANTD4
199511	SOCS7
199513	CLTC
199525	RUFY3
199535	ELK1
199555	GPR39
199557	BLM
199570	PLA2G7
199571	CDH4
199580	CPA6
199582	ARV1
199584	ALDH4A1
199586	ATP1B1
199590	RGS8
199592	TGFBRAP1
199603	ARAP3
199605	CHD9
199615	TMEM42
199617	FAM83D
199618	SPRR1B
199623	ZNF222
199633	EBP
199635	M6PR
199655	EPS15L1
199658	AGRP
199662	KCNJ10
199673	ZFP69
199676	WBP2NL
199683	RHOC
199702	TRAF2
199705	GID4
199720	HOXB3
199722	CFAP100
199728	PLD2
199741	LINGO1
199747	RNF14
199751	TMEM242
199757	CAV1
199760	ERAL1
199770	FBXW5
199772	FAM20C
199775	ATG4B
199780	ERAS
199786	RAB33A
199789	SNRNP70
199794	AWAT2
199798	TMCO3
199799	TRA2B
199817	EFHB
199821	S100A3
199831	SELL
199838	ANO4
199840	CAV3
199852	CCNL1
199861	ZNF672
199865	KATNB1
199871	CYP39A1
199879	SEH1L
199880	HEXB
199888	CHRD
199896	PKHD1L1
199897	SLC13A1
199900	RBM7
199931	PANX1
199932	FAM118B
199941	ARFGAP1
199946	N4BP2L2
199949	STX12
199955	KCND1
199956	METTL15
199960	DDX46
199961	RALGPS1
199968	LGI2
199972	MPV17
199974	DUS3L
199984	TMEM182
200000	USMG5
200001	RAP1GDS1
200004	STAT1
200014	IL10RB
200021	ZNF766
200022	TMEM154
200033	CCDC82
200038	PRDX4
200042	SLC30A10
200058	PABPN1
200083	NKRF
200088	IFIT5
200103	ASB18
200105	DISP2
200110	GRM4
200111	KIAA0100
200114	C5AR1
200118	DUSP19
200120	ACBD6
200130	MRPS18C
200133	INVS
200143	PTPRF
200144	SLC7A6OS
200155	COL4A5
200160	RPL24
200163	CHD4
200178	GALK2
200184	MYB
200186	ZNF638
200187	VPS54
200193	NDUFA8
200194	ZNF350
200197	C19orf44
200201	PABPC1
200203	TTC21B
200205	OXTR
200235	PDCL
200243	MED13
200271	FAM50B
200278	SMAD6
200285	PCM1
200292	ZCCHC14
200293	RNF170
200308	NME2
200335	CASP9
200349	SLC6A4
200352	LRRCC1
200353	PRSS37
200358	UBQLN2
200360	PARP2
200377	STXBP5
200382	TMEM104
200384	ANXA13
200394	KRTAP4-4
200401	CALM1
200414	ITGB5
200418	ATXN2L
200435	PIGK
200440	KRT6C
200460	GALNTL5
200482	NGLY1
200491	EPN1
200493	ZZZ3
200507	SELM
200511	NBL1
200515	LRRC3B
200548	DNAJB8
200565	FBXO22
200570	CALR3
200572	LOC727820
200574	LZIC
200584	POTEG
200586	C1orf168
200588	TYK2
200589	TAB3
200592	CYFIP2
200598	USP1
200608	ZNF208
200619	LIPG
200626	SLC5A11
200629	PXDC1
200640	ATP1A3
200644	COQ7
200647	TEX10
200660	DHTKD1
200664	SLC25A32
200665	GPAT3
200666	GRPR
200670	TADA2A
200675	CCDC34
200678	ERMP1
200679	OR5L1
200692	ATP9B
200693	RPP14
200703	PYDC1
200708	IL2RA
200710	ROBO3
200711	TARBP2
200724	DAG1
200734	SAAL1
200736	PDK1
200743	FAM96A
200756	FCRL3
200759	ZNF701
200770	CCNE1
200778	ARL8B
200785	SAMD12
200794	SLC6A11
200811	CRYGB
200828	MCRIP2
200830	TCTN1
200834	IL7R
200835	ABCA5
200839	DNAJB6
200851	CS
200852	NLN
200853	SERPINB13
200855	FAM104B
200856	QKI
200862	PAH
200889	ITGA11
200892	PPP3R1
200896	CATSPER2
200907	BAG1
200910	SLC23A3
200912	AP1G2
200917	ORC3
200918	PKP2
200919	PPP4R2
200925	PSMA3
200942	DUSP13
200947	PCDH15
200951	TMEM88
200962	SARDH
200965	TTPAL
200966	CYP26A1
200980	NID1
200983	HSF2BP
200985	CNOT8
200990	TRIAP1
200991	CCDC144B
200995	SEPT2
200998	ZDHHC4
201000	USP47
201009	KCNK10
201013	MAX
201029	VMO1
201030	RNASE3
201032	ZGRF1
201036	TACSTD2
201039	TM4SF4
201047	ZNF605
201058	G6PC2
201066	SEMA6A
201068	TMTC3
201071	CD177
201072	SNAP25
201079	DLST
201090	ALX3
201094	LMNB1
201099	USP14
201103	TRIM49
201106	SOX9
201107	COL15A1
201108	UBE2E3
201114	DUSP18
201125	REPIN1
201130	GPAT4
201134	SNRPB
201146	TTC21B
201158	FAM64A
201179	REXO2
201193	B9D1
201198	HSD17B7
201200	PIH1D2
201203	EEPD1
201205	TTC39B
201213	SERPINA6
201217	SMG1
201218	RHOG
201224	ADGRB3
201225	BEST2
201248	CAPZA3
201249	LAMA5
201256	SETMAR
201257	RNF26
201258	FXYD3
201259	PGC
201265	CNTF
201271	EIF3I
201275	SOX4
201279	KBTBD6
201290	VPS39
201294	EFHC1
201319	DSC2
201323	GNAT2
201327	PIGX
201337	GRIK3
201350	DCLRE1B
201352	FGB
201353	CHRM5
201354	ST3GAL2
201359	CFHR5
201374	SF3A2
201377	METTL6
201385	NMT2
201388	STRC
201398	C11orf53
201407	OR6F1
201415	MAP3K5
201428	DTX3
201429	EPHX1
201431	C8G
201442	ACD
201448	POPDC2
201464	SLC25A31
201466	HSPA8
201478	MCCC2
201482	NPAT
201484	PARP16
201500	SREK1
201513	ALDH3B1
201517	B4GALT6
201519	MALL
201523	ERC2
201530	SNRNP200
201537	PLB1
201538	RNF181
201572	ARL6IP6
201573	CEP72
201581	OAS1
201587	ST3GAL4
201589	ZNF581
201601	MYBPHL
201608	GZMA
201615	TNNT3
201620	DLG1
201621	TM6SF1
201627	LAMC2
201644	CDKL2
201663	LIN28A
201668	JOSD2
201675	PTH1R
201678	CYP2R1
201682	KCNK1
201689	ACTA2
201693	CHPT1
201714	ERICH5
201723	MOB3C
201736	U2AF1
201758	C19orf18
201761	PHOSPHO1
201765	TMEM39B
201766	RPN1
201771	C16orf46
201805	UBE2J1
201814	EIF2B5
201818	PRSS12
201829	FTL
201831	TMBIM1
201836	NDUFAB1
201838	RIMS4
201841	ANGPTL8
201847	MAPRE3
201858	TEX33
201863	ZFAT
201903	GATA1
201905	RBFOX2
201912	DHX38
201937	IDS
201940	NCCRP1
201953	GSN
201966	HSD3B2
201970	DKK2
201983	TCERG1L
201989	TMEM39A
202001	CELSR3
202002	CAMK2A
202003	VPS37C
202007	AKR1D1
202011	MAPK8IP2
202019	IDE
202023	PRELID3B
202024	DCHS1
202027	BAD
202031	EAF1
202036	USP17L2
202037	GALNT10
202039	AASDHPPT
202051	CELSR1
202054	GRM8
202062	TLR3
202070	ZC3HC1
202075	MRPL34
202078	TMEM123
202112	C1orf101
202116	GPC5
202118	CD72
202137	FHL2
202139	PCTP
202160	PPP3CB
202162	TRIM32
202169	OR52N1
202172	STAM
202177	HADHB
202183	MGAT2
202190	PIAS1
202197	ANP32E
202209	PCYOX1
202211	PUS1
202220	MAGEH1
202274	POU4F1
202279	TMEM41A
202286	MED7
202313	ADGRG6
202315	AEBP2
202328	RIPPLY3
202346	KARS
202348	MXD1
202353	SEC14L3
202354	KIFAP3
202356	ZBTB37
202359	TBC1D7
202363	NFKB1
202365	FNDC5
202371	GDPD1
202376	PPIL2
202377	LANCL3
202380	HS3ST6
202382	FHL1
202402	YRDC
202407	SPATA33
202411	SLC4A1
202412	RBBP8
202415	TBL3
202418	ILF3
202425	PSMC6
202427	SETD9
202429	GJA4
202431	SZRD1
202435	CPEB2
202436	INHBE
202437	GLRA2
202439	UBTD2
202449	ARHGAP18
202451	DHRS9
202455	PRDX1
202457	LY6G5B
202463	PRR7
202471	OR6A2
202480	ERP44
202484	YIPF1
202485	ESR2
202499	CRYBA1
202506	ABCB11
202508	SH3YL1
202509	IGFBP1
202512	TBC1D1
202514	EEF2K
202522	HOOK1
202528	TAS2R14
202532	SEC23A
202542	CLHC1
202549	NIPSNAP1
202561	TMCO6
202567	SEPSECS
202580	ITGB8
202584	KDELC1
202586	ENTPD3
202592	CLEC14A
202598	CADPS
202604	CEP192
202606	HFE2
202611	GLYAT
202618	B4GAT1
202626	ACAA1
202628	SEMA6D
202631	GDAP1
202633	TMEM74
202634	FAM179B
202643	MTFR1L
202656	PPP1R12B
202663	BARHL1
202672	GFRA1
202673	STK24
202674	ZBTB21
202676	NME8
202678	MTAP
202689	OR5A2
202697	GIN1
202734	TTLL10
202737	ASIP
202754	WBSCR28
202771	ACSL6
202776	DCLK1
202780	ADM
202781	ITGB1BP1
202785	APBB1IP
202789	CYP1B1
202795	PRR16
202796	INHBB
202798	FBXO5
202801	NDP
202808	RDH12
202815	TRIM3
202832	DGKH
202835	PAICS
202838	ZNF32
202845	IL4
202846	GAK
202862	CLPX
202865	GPX4
202870	GDAP2
202871	OR1M1
202877	C1orf101
202878	CPEB4
202880	PRMT2
202882	BCAT1
202905	PI4KA
202913	ZFYVE16
202914	CD58
202921	IFT74
202924	THEMIS2
202929	ZNF614
202937	IFIT3
202946	ARL3
202951	GDNF
202952	GPT
202961	WISP3
202965	DIRAS2
202969	SOX11
202971	CYP21A2
202974	KIAA0226L
202975	IL15
202981	COL8A2
202982	NDUFS1
202987	ARHGAP1
202991	SPACA3
203011	UBA1
203030	TUBB2B
203033	PLSCR2
203034	DCX
203036	H2AFV
203038	GABRR1
203046	ANAPC15
203064	CHMP4B
203065	CSRP1
203075	NREP
203079	GATA2
203087	FAM213B
203093	TRPV1
203098	BACH1
203100	TUBB3
203101	SYNE2
203105	MN1
203109	DUSP12
203117	ZNF175
203123	CLEC2B
203126	PYCR2
203132	RBM47
203137	MAP1S
203145	RHOXF2
203147	FAM124B
203163	AURKB
203170	CD68
203183	MYOF
203190	TMEM33
203198	ZFP28
203202	TRUB2
203208	EIF3K
203213	CDHR1
203216	ERF
203228	P2RY1
203232	NDUFB5
203258	SLC6A13
203260	CHRNA3
203275	PTGR2
203282	CREB3L4
203291	XAGE3
203298	PRDM8
203300	PCSK9
203313	ASPSCR1
203319	RNF122
203320	HIST1H1D
203326	BMPR1A
203331	IL36G
203338	CAPN9
203342	MYO9B
203347	ENAM
203360	GBGT1
203363	NCS1
203365	LYNX1
203374	GPR143
203377	KLRF1
203381	FOXP1
203385	ST8SIA4
203394	SAA1
203398	CCDC53
203406	TOMM20L
203421	RASSF7
203429	ARFIP2
203438	IPP
203443	EAF2
203444	EMC4
203445	GRIK4
203447	PSME3
203450	C12orf50
203455	SEC24C
203461	ARHGAP28
203472	TMEM229B
203477	LRRC36
203481	OR8G2
203496	ATRNL1
203502	NIPAL1
203507	TTYH3
203513	WDR72
203523	DHPS
203525	GBF1
203530	SLC17A7
203532	BTG3
203545	USP32
203549	NXT1
203562	SEC22C
203566	ANKRD17
203573	TSPAN5
203586	KCNC4
203587	NOXA1
203594	RMND5B
203606	TRIM15
203610	AOC1
203613	AFMID
203620	ZC3H7A
203632	SND1
203644	DKK3
203645	ACTR1A
203648	SORD
203656	GPR132
203659	RERE
203661	ATG9B
203662	GRK2
203663	STAT2
203670	USP33
203686	C2
203695	CTSD
203700	RPL14
203708	LAIR2
203712	TST
203726	PABPC5
203728	BZW1
203729	FSTL5
203733	PAQR8
203734	HOXB7
203738	AVEN
203758	TCEB3
203772	FAM20B
203773	STON2
203775	AMELY
203777	NOX4
203782	IGDCC4
203785	BHLHE22
203792	EIF2AK1
203794	NEFH
203798	MRPS34
203807	NQO1
203828	SEPHS2
203833	ADGRE5
203834	ABHD4
203836	CRELD2
203840	AIFM3
203857	GANAB
203860	NR2E1
203863	NFIL3
203866	ATP6V0E1
203869	CCNB1IP1
203873	RAD17
203874	DLK1
203878	MAPK1IP1L
203893	LEMD2
203903	C11orf70
203916	CAPNS1
203917	RNF24
203920	BBS9
203927	ATP4B
203931	CFHR3
203941	KLF13
203947	SYN3
203948	ZNF319
203952	HMG20B
203961	PRSS41
203969	KLF16
203973	PTPRU
203995	IRGC
203999	NOXO1
204000	GPX2
204002	ENTPD2
204006	CDKN2B
204015	SECISBP2
204019	ASTL
204023	RHPN2
204028	FBXW5
204031	UBL4A
204036	HDHD3
204042	AP1S1
204044	PTTG1
204048	ADAD2
204050	ADAMTSL2
204066	SPAG11B
204067	IFT80
204077	CFDP1
204089	NOSIP
204094	HTR1B
204101	USPL1
204107	SUCLG1
204115	ATP11A
204116	MRO
204117	LRRK1
204118	WFDC9
204137	RRP15
204141	SENP3
204144	QRSL1
204148	ZBTB6
204151	HK2
204159	ATP5E
204167	CLCA1
204179	SLC35A3
204195	TTC12
204208	TBCA
204213	OSTF1
204218	EIF5A2
204241	EIF2B2
204245	CCDC88B
204252	SQLE
204262	ATF5
204274	SMC2
204279	LPCAT3
204280	PTPRR
204296	MX2
204297	FCAMR
204307	UGT1A10
204317	ZBTB45
204329	CLDN3
204346	ADAMTS3
204366	SDS
204367	SNW1
204369	PML
204370	PRG2
204379	SPICE1
204383	GTPBP4
204385	GIGYF2
204389	C1orf111
204392	ZNF707
204394	MAP2K7
204403	TMEM185A
204405	FIGNL1
204408	BMF
204410	S100A7
204412	PACS1
204438	WDR72
204440	ACVR1
204449	LRRC14B
204452	SCN1B
204454	MNS1
204458	MARCO
204460	ELAVL3
204473	HNRNPR
204476	PPIH
204484	LPAR3
204490	NCKIPSD
204492	MAP4
204511	SCARB1
204518	ITGA2B
204520	ETFB
204537	HDAC9
204547	FAM118A
204556	KLHL40
204565	RPRM
204569	FLT4
204583	CSK
204590	CD300C
204604	ZNF518A
204606	ACTR3B
204609	TRPM7
204612	FCGR2B
204620	RABGGTB
204626	EID2B
204640	C1orf122
204646	MOGS
204648	TAAR8
204650	HS3ST2
204651	UNG
204657	OR52M1
204665	ACADM
204681	CCNL2
204684	OTX2
204688	DGAT2
204690	MAGEA12
204707	HDAC6
204709	ZBTB20
204731	CBX7
204734	TAF6
204737	RPS7
204743	ID1
204744	TTC5
204746	GFRA3
204758	RXRB
204760	PSMD13
204761	RTFDC1
204773	MT1A
204780	SAMSN1
204784	PPM1A
204786	SMPD2
204787	F3
204795	SLC16A4
204811	NRXN1
204825	NECAB1
204834	TMEM161B
204838	XKR8
204851	HBP1
204868	DAGLA
204874	MRPS18C
204877	TSPAN3
204879	TCP11
204884	KCNH8
204886	SCPEP1
204888	GEMIN4
204892	RNF31
204895	LARP7
204912	OR1S1
204921	C7orf33
204932	MARCH3
204936	CLDN23
204939	TMEM94
204942	KLRD1
204948	HNRNPA2B1
204949	MYEOV
204952	PSMA4
204955	SPATA13
204961	AZI2
204986	SLC27A1
204989	DOK1
205006	FITM1
205009	EBF1
205014	CHD7
205021	SERPINB12
205024	PRMT9
205026	REG3G
205027	CACNA1S
205030	TSPYL5
205035	STIM2
205036	PRDM1
205038	SVOP
205041	RANBP9
205042	ZNF266
205054	GPATCH1
205068	TBX6
205070	HIF3A
205087	PPP4R4
205100	RAB33B
205104	TMEM222
205115	C22orf31
205123	WDTC1
205124	CP
205128	FOS
205129	UBA2
205132	SLC25A16
205146	FASTKD2
205150	CD300LF
205153	XPO1
205155	PRDM14
205160	RFC1
205161	C15orf48
205168	ATAD5
205172	CREB3L3
205175	FDPS
205179	TMEM138
205183	PPP6R1
205187	FAM131B
205189	OLFM1
205190	CDC73
205197	DNAJA1
205200	PIK3CB
205205	FURIN
205220	KIF20B
205221	ZDHHC5
205229	SMPD1
205234	RASGRP4
205237	NR2E3
205242	TGM7
205244	MAP3K10
205246	JMJD8
205247	ALOX12B
205249	LCN6
205264	CD3D
205269	CHD5
205292	GCA
205295	FCRL1
205301	FANCC
205308	EEFSEC
205314	LYNX1
205325	SERPINA7
205333	DNAJC18
205337	PKIA
205339	CXorf21
205341	CCDC134
205357	NSMAF
205363	RHO
205367	BTBD7
205369	TRAPPC4
205375	SDR16C5
205379	CARD9
205382	ALPK3
205393	MBD4
205400	TTLL12
205403	EEF1AKMT1
205406	OSM
205410	OR2H1
205412	NIT2
205420	TMEM177
205422	TKFC
205425	SNRPG
205438	CCDC92
205442	DDX11
205454	ETFA
205457	AIFM1
205480	CSF2RB
205498	PHF10
205506	KLHL11
205519	CD2
205523	SEPT3
205525	ZNF277
205529	HSPE1
205538	CPLX2
205542	ADAM30
205561	TPST1
205566	CENPT
205568	RABAC1
205575	DGCR8
205587	ZNF641
205607	FABP5
205613	HUNK
205619	PKN2
205623	RPA4
205626	GLB1L
205628	HPSE2
205633	OR2C3
205642	TRAF3IP1
205644	ACOT4
205653	CETN3
205662	CDC37L1
205667	CARNMT1
205672	METTL2A
205678	RTP5
205685	COPB2
205686	FIBP
205705	ANKDD1A
205706	TLE4
205711	EIF3A
205716	DPY19L3
205721	ARHGEF9
205730	ARNT2
205731	HIF1AN
205746	TMEM87A
205747	HACD4
205753	NUCB2
205761	GPATCH2L
205780	SKA1
205794	CEP152
205804	ZNF254
205818	MCMBP
205820	GAD2
205836	NFE2
205859	AQP3
205868	SFTPC
205882	NPFF
205890	PMEL
205899	RPGRIP1
205906	COPS9
205920	WDR26
205923	TMIGD2
205924	THRSP
205933	CDK18
205937	PGM3
205942	GTF2H1
205946	LCE3D
205961	CLK1
205962	LGALS14
205966	NECTIN3
205975	POGK
205981	PHKA2
205982	TBC1D2
205983	EMILIN2
205995	FAM13C
205997	SERPINB4
205999	CLN5
206002	CYSTM1
206016	ATXN10
206021	DHRS11
206048	TIFA
206064	KCNK6
206071	MAPK12
206072	SELO
206073	SCYL1
206077	CACNB1
206087	RPL13
206104	SLC28A2
206116	RRP9
206122	AKIRIN1
206130	PLD1
206143	AMHR2
206144	AFF1
206149	NXNL1
206161	SFXN4
206170	KLK12
206171	LAGE3
206172	AQP5
206176	EYA2
206178	SYT16
206185	TRHDE
206193	WDFY3
206207	LEFTY1
206211	PNMT
206226	SETD4
206232	HIST1H1C
206233	POU4F3
206236	FTSJ3
206244	HCG4
206251	ZBTB5
206254	HTR1E
206256	CRYBB2
206274	WNT11
206278	AAMP
206281	GCNT2
206290	TMEM254
206302	BPTF
206304	ZNF622
206306	OGG1
206319	SHANK1
206326	DDX54
206328	ZKSCAN1
206338	MFSD7
206344	PIK3CA
206345	ANAPC11
206347	EPS8
206352	ATP8B3
206371	MPZL1
206372	VASH1
206374	ATG9B
206386	CD19
206391	INSRR
206398	NIPAL3
206403	MAEL
206405	ERI1
206410	LASP1
206417	CHN1
206419	ZBTB1
206424	ELK4
206427	GYS1
206430	DPH3
206443	GNB1
206444	H2AFX
206449	GBAS
206471	TRDN
206479	NEDD4
206485	ZNF672
206492	ZSCAN25
206502	ZNF669
206519	CHP2
206520	COL4A4
206533	TMCO2
206535	CR2
206539	BCL9
206544	SLC22A9
206550	TBX2
206561	EDEM3
206563	RPP25
206569	SNRPC
206570	IL3RA
206577	TRIM26
206579	IGKC
206580	PSMB8
206584	KLHL22
206593	RAB32
206606	AVPI1
206612	RASIP1
206617	KIF1C
206624	CLCN2
206625	CLEC1B
206638	EPB41
206647	ALG10
206651	PCNX4
206656	DPPA3
206670	TLR5
206676	SARNP
206682	HNRNPC
206703	C9orf16
206705	SIRPG
206714	AGBL4
206720	FAM43A
206733	LZTFL1
206763	MAOA
206767	C16orf59
206772	SIRT6
206786	TMEM120A
206794	DUOXA1
206800	FADS6
206812	USP34
206818	POFUT2
206825	NDUFC1
206833	UBE3C
206835	OR10W1
206836	LIMS3
206839	SLC4A10
206840	SF3B2
206853	CERS5
206865	DEPDC1B
206866	NECAP1
206867	SORBS1
206883	SMAD5
206886	RNF167
206893	HERC3
206894	PLCL1
206909	H3F3B
206912	EPHX3
206914	ACKR2
206923	ABTB1
206925	WDR59
206927	SLA
206934	NEU4
206935	MRPL23
206942	MID2
206947	SMAD7
206951	MAP4K4
206958	SERPINB10
206959	PDCD7
206970	EFCAB2
206994	ZNF567
207006	ZNF197
207008	ZNF234
207012	SCAMP2
207014	ARAP1
207020	SLC30A5
207022	ADRA2A
207029	MLH1
207047	HESX1
207050	DDX3Y
207059	PDCL2
207068	OCIAD1
207077	RAD21
207085	MAP3K9
207111	GMFB
207117	EIF6
207120	NCK2
207124	RBM5
207132	ULBP1
207149	KIAA0895
207155	MRPL24
207156	NOC2L
207163	ITLN1
207167	CHMP2B
207176	URB2
207178	AKAP17A
207179	ZBTB25
207186	KYNU
207194	PLPP1
207211	INF2
207222	OR10H4
207223	DPY19L4
207231	SPRY2
207247	CPLX4
207250	IARS2
207251	CRHBP
207275	HIP1R
207278	TMEM160
207283	HFE
207286	FAM175B
207292	CCNT2
207294	TMEM234
207298	KRT7
207315	MSI1
207317	SHROOM3
207329	ZNF526
207352	STARD9
207375	DHRS1
207381	SLC30A4
207382	CNR1
207384	LRRC34
207390	SLC22A8
207397	EGF
207399	OPN1LW
207403	SLC35C1
207410	PDHX
207412	P2RY10
207413	KIT
207416	CDCA7
207417	HDAC2
207419	OXSM
207428	SEMA4D
207431	HAUS8
207433	BICD2
207448	MRPS31
207454	GATAD2A
207461	NRAP
207462	MKL1
207463	MMAB
207467	TMEM121
207468	ANKRD46
207471	CACNA1H
207478	CD276
207482	CAP1
207484	ZBTB24
207491	PRR13
207495	KDELR1
207499	TMEM126B
207500	SH2D3C
207506	FBXO30
207509	LGALS4
207510	NXPE3
207524	VCAN
207528	BRMS1
207537	PPM1B
207548	TRIM59
207563	KCNK2
207565	FZD1
207570	VPS13C
207573	SETD3
207587	PHC2
207590	CLEC3B
207598	SLC39A10
207609	RELN
207610	MSH2
207614	NR1H4
207626	ANXA2
207629	ZCCHC13
207649	PLLP
207656	TRPV2
207660	TOP3A
207664	SIM2
207678	ZNF436
207681	SLC34A1
207683	C14orf2
207685	LMO2
207687	SPG21
207688	SCAF4
207692	TRNAU1AP
207708	ELAVL2
207709	C19orf70
207717	RTN4RL2
207719	RIPK4
207722	CD96
207726	HOXB9
207727	HYOU1
207747	SEC13
207755	IGFBP4
207757	CYP24A1
207761	PI15
207762	FKBP9
207769	KCTD10
207781	ANKRD7
207782	ZBED2
207788	RPL7
207792	DLC1
207800	AGFG1
207804	ZNF3
207807	CMTM6
207809	MCEE
207810	DKKL1
207828	SLC16A7
207837	KCNJ14
207848	CIAO1
207854	ALG2
207856	TRIM37
207869	AURKC
207881	RIPK2
207893	GSK3B
207896	HELZ
207901	TAS2R39
207908	FLCN
207913	NBAS
207914	CCNJ
207916	HOPX
207919	C10orf88
207926	NELFE
207928	LHFPL3
207943	NEDD8
207948	DNAJC6
207953	ARID4B
207955	TMEM50A
207998	ERO1B
208001	NIP7
208017	OR12D3
208024	IGBP1
208026	GUCY1A2
208031	OVCH2
208035	GALNT7
208048	ACVR2B
208060	PLAUR
208063	CD274
208066	ACTL9
208071	AFF2
208074	TRPA1
208076	TNPO3
208079	MED28
208081	UGT3A2
208084	DTNBP1
208102	ARHGAP10
208110	TAPT1
208118	RPP38
208122	NACA2
208125	ASPHD2
208143	PEX10
208148	PRPS2
208153	AMY2B
208158	NFE2L2
208190	ANXA4
208195	MKRN1
208199	DNAJC5
208200	IFNA21
208202	ANO6
208216	STAP2
208231	CABP7
208235	PRSS3
208239	CRABP2
208243	LONP2
208261	TICAM1
208272	CDC45
208277	PLIN2
208289	CA12
208292	SPOUT1
208303	UBE2T
208304	DCK
208308	DAW1
208310	ATG7
208313	MUC20
208324	CD63
208328	PMM2
208332	TNR
208343	FUS
208347	MT1H
208351	ZNF551
208356	GIF
208358	POLR3B
208360	IFNA10
208372	PNPT1
208373	SNF8
208374	NARS2
208381	EIF2D
208387	ARHGEF17
208388	PTGS2
208402	MAP3K4
208404	PRKCQ
208406	DEFB1
208420	NRXN2
208428	WDR86
208440	CENPC
208454	CRTAM
208456	SCRN1
208474	ATG10
208484	SLC52A1
208490	MPZL1
208491	RPS3A
208496	TMEM176B
208497	TLE3
208499	RASSF3
208504	ZMAT4
208509	AMT
208523	TMED2
208524	LIMS1
208526	KIAA0930
208529	LGR5
208536	CACNA2D3
208538	SCN4A
208543	FRY
208556	C5orf42
208561	C5orf66
208563	SHROOM2
208570	FAM184A
208572	EXOSC4
208588	PIBF1
208589	HDGFRP3
208596	NUP155
208601	MC1R
208606	BCL2L11
208613	IPO9
208619	BAG4
208632	RNF217
208640	TSPAN9
208646	PLA2G10
208652	ACP1
208654	FBXL8
208655	GUCA2B
208657	HTRA3
208663	EIF1
208668	BYSL
208672	PLAU
208674	RBM15
208688	ZNF740
208689	NACC2
208695	AK3
208696	DZIP3
208701	C3orf62
208710	STAC
208712	TDRD1
208713	ELOF1
208728	TRAPPC1
208732	CTSA
208740	ABCB4
208747	CHRNG
208748	NCAPD2
208751	ARMC4
208758	STX7
208761	SCAF11
208763	NUP85
208764	TMEM106B
208765	ADAP2
208776	SPATA21
208790	LRRTM3
208810	OR4D5
208813	PLA2G5
208820	REG3A
208823	BAIAP2
208833	STX1B
208837	HAUS3
208839	PDXP
208844	SCN8A
208858	SLC12A3
208861	TAAR5
208862	F7
208863	KCNC2
208879	CDC25B
208892	PRKAG2
208898	KBTBD11
208911	MAGI2
208939	BOC
208945	OTC
208958	RAB3GAP2
208963	BBOF1
208980	MBD1
208981	ADAM21
208992	CNTD2
209002	POLH
209010	ESPL1
209013	UCK1
209017	IFNK
209022	ZNF449
209031	FLT3
209035	ZNF311
209040	ZNF10
209051	SMARCD1
209080	IGLV1-44
209085	POF1B
209090	NTRK3
209095	SFR1
209099	PRR5
209101	UBE2G2
209110	STPG1
209114	ENOPH1
209116	CADPS2
209119	GRHL3
209122	ADAM18
209123	ZNF148
209131	RIMS3
209132	SPRYD7
209146	WSCD1
209157	CASP3
209180	MUC7
209185	SIX5
209188	ZAK
209190	WDR24
209213	APOLD1
209219	EYA4
209224	TUBGCP2
209226	HTR2C
209237	MAGEE2
209238	ECM1
209244	MUL1
209246	DCAF12
209257	MMS19
209258	CDCA4
209263	DNTT
209306	UBFD1
209308	SLC7A11
209315	MTO1
209318	DNAJB7
209321	B3GALT2
209336	OXNAD1
209342	ZCCHC10
209348	FAM3C
209362	LY75
209364	AAGAB
209377	SCD
209380	LRRTM4
209385	SDCBP2
209395	CHURC1
209398	MAT2B
209401	UTS2B
209418	LMO7
209426	CD83
209427	MCM10
209436	FLAD1
209446	SEC24B
209447	PEX14
209449	GRM6
209451	DPP4
209452	C3orf20
209462	PSMC1
209464	LRP1B
209470	RIN3
209472	CYP2B6
209473	RTN1
209482	CHL1
209483	TMED7
209485	C4orf3
209488	CC2D1A
209499	POLM
209501	TCEAL4
209502	TPT1
209519	RAB3IL1
209528	ATG9A
209529	CYB561A3
209531	PEX19
209534	FHIT
209537	IKBKAP
209550	XRCC2
209577	ATP8B4
209578	NSRP1
209590	UBAC2
209605	RDH13
209614	GRHL2
209615	MIS18BP1
209621	APEX2
209625	ATP6AP2
209629	E2F2
209632	SGCE
209660	FYTTD1
209661	ANKRD1
209662	FGL1
209663	AGBL2
209666	KRTAP9-2
209669	PLCZ1
209671	SSB
209676	SDC2
209677	PGPEP1
209684	RNF175
209686	PTP4A1
209687	MOV10L1
209689	DUSP11
209706	C7orf25
209721	ZNF396
209725	SLC30A5
209734	HOXA6
209738	RPL36AL
209739	SCMH1
209744	UGT1A8
209753	COL16A1
209756	SCML1
209761	EVA1C
209765	PCDH11Y
209773	AP3B2
209780	TTC13
209781	TBC1D2B
209786	CTNND2
209797	CASC3
209809	BAZ1A
209814	CDKL3
209815	TCEA1
209820	CD86
209837	PRMT1
209839	OSGIN2
209840	FBXW11
209858	NUB1
209883	L2HGDH
209909	GNAO1
209912	C1orf87
209946	TBC1D15
209963	MAPK6
209973	MCM3
209982	C3orf22
209983	CPNE9
209986	MX1
210003	SCFD1
210016	BMP6
210028	RDX
210046	PMPCB
210049	H2AFY
210054	ZNF490
210055	SCYL3
210058	COQ10B
210059	CD46
210073	IGF2BP3
210079	NPR2
210086	HNMT
210097	PDHA1
210120	BZW1
210129	FLOT2
210130	HNRNPH2
210137	IDH3B
210149	ASAP2
210150	CCNDBP1
210196	NKAIN1
210222	TMEM175
210224	GRM5
210225	PHGDH
210229	RASAL2
210239	ZMAT1
210241	TRERF1
210243	RAD23A
210245	TOR2A
210249	ANAPC5
210253	BTN3A3
210261	GFM2
210268	SMC1B
210276	PHF21A
210281	TFG
210285	CNTROB
210297	LYPLAL1
210299	SLC26A3
210314	TBC1D4
210316	NOX4
210317	RP2
210319	LYRM2
210323	STMN2
210326	TSKU
210330	SERINC1
210334	PPP1R13L
210342	SERPINE2
210349	SOHLH2
210350	DMTF1
210353	PLEKHH3
210363	PPP1R3B
210372	DNAH5
210377	PFN2
210378	LLGL1
210392	SLC2A2
210393	KCNAB1
210399	TMC2
210401	CDK7
210403	RAB13
210404	TNMD
210406	SLC33A1
210417	IL1RAP
210420	STX1A
210438	BEX3
210459	RASGRP3
210461	LAPTM4A
210464	DNAJC25-GNG10
210466	STARD5
210469	ZFP36L2
210479	GNPNAT1
210481	GGA2
210482	RBMX
210485	TAF4
210495	ST5
210498	CGN
210503	TFDP2
210514	GPR34
210517	OAS3
210518	UGT2B28
210521	ASTN1
210525	KCNJ16
210529	HCN4
210540	NCOA6
210546	ARL14
210556	GEMIN2
210561	PANK2
210569	METTL21A
210574	GABRA1
210580	ORAI3
210589	PCDHA6
210591	TMEM230
210617	SOX12
210619	NUDT2
210624	RORC
210630	DDX11L2
210643	IDO2
210648	PRNP
210657	CEL
210662	ABCG1
210665	ZP4
210666	ANKRD45
210668	SLC36A4
210669	ARHGAP20
210687	MTF2
210706	T
210715	ISL1
210723	EIF2S3
210740	HSPA1A
210742	CAPN2
210747	SCG3
210751	OR14J1
210760	ZNF345
210766	TMED10
210780	SLC22A3
210785	CLPS
210798	CARS
210801	JAZF1
210807	TEX29
210812	PADI4
210813	HECA
210816	IMPA1
210819	SLC50A1
210838	SPP2
210854	HIVEP2
210863	RTN4
210869	PSMD14
210872	CPNE3
210882	PTGR1
210893	THEM5
210903	HORMAD2
210908	PRAMEF1
210913	ACAA2
210923	CHCHD3
210924	NDNF
210929	RND2
210933	SEC61A1
210935	ELF1
210940	EPDR1
210956	FARP2
210968	MARC2
210971	MAGEB4
210977	PEX11B
210985	PNO1
210989	LMNA
210992	GEMIN6
211000	RBMS1
211001	OR52B2
211010	OIP5
211020	KRTAP4-11
211028	CASP2
211033	ABCC12
211044	ARHGEF18
211045	FAM89A
211048	SGMS2
211052	EFHD2
211058	ALPL
211059	NEGR1
211060	ATP1B3
211070	FAM60A
211073	VSX1
211100	CAT
211103	C14orf37
211110	OPRD1
211113	DRD4
211114	SMYD4
211118	GPR37
211129	PCNA
211130	EFCAB6
211133	SSTR2
211134	ARHGDIA
211140	CHEK1
211157	EPM2AIP1
211166	GPR137
211171	PAQR4
211174	SUN2
211181	SURF6
211182	GLIS3
211183	ZFHX4
211204	HELLS
211211	SACS
211223	BBS12
211224	METTL21C
211234	CNTRL
211237	ZNF92
211255	GFPT1
211274	TOE1
211278	NT5E
211282	CPQ
211289	ZBTB46
211291	LTBR
211294	TRIM6
211309	SCAMP3
211311	TNFSF12
211315	SLC8A1
211319	C11orf74
211325	UBR3
211326	C18orf21
211331	CD4
211333	SLC39A13
211357	TMEM141
211361	C16orf71
211364	MSX2
211369	ABTB2
211371	C9orf135
211376	C16orf72
211410	ZNF573
211412	KLF6
211414	RSRC1
211421	RGS9
211422	PNLIPRP2
211426	RWDD3
211432	ARIH2
211439	GOT1
211456	SFXN5
211461	KCNG1
211479	DCBLD1
211485	HIKESHI
211496	LYZL4
211497	SRRM4
211502	AGPAT1
211503	FAM13B
211509	MMD
211511	TNFRSF1B
211513	PCDHA10
211514	KBTBD2
211519	ZNF24
211523	TARDBP
211534	FABP7
211546	P4HB
211558	ALDH1L1
211562	SPG11
211565	XK
211567	OR51E1
211573	NPTX2
211578	GPBP1
211586	DUSP21
211587	NKAIN4
211589	ZNF300
211597	FBXO31
211600	AEBP1
211614	ATP8B2
211621	TIGD7
211630	TERB2
211632	KRTAP10-12
211637	HDAC11
211638	TRIM69
211648	PSG1
211649	PSG4
211650	APOPT1
211671	SCGB1D2
211684	CREB5
211692	TNFRSF1A
211694	SOAT1
211696	VTA1
211698	TVP23B
211699	TP53RK
211708	SSX3
211713	SLC39A14
211715	AGXT
211722	ZNF676
211734	KIN
211758	CARS2
211759	PGAP2
211767	SULT1A3
211773	ENO3
211776	TRIM74
211777	KCTD14
211785	EME1
211789	PPP1R15B
211793	RAB11FIP3
211796	NAGS
211806	NTN3
211808	PLCG1
211819	RPL15
211827	XRCC3
211828	MAN1C1
211835	ITIH5
211836	CCM2
211837	C2orf66
211838	WDR45
211839	SETD7
211852	CPS1
211861	CCL11
211867	TEX13B
211877	ASUN
211883	DGKG
211893	MYH8
211912	FMNL2
211923	SNRNP25
211925	PRKCH
211931	UBE2K
211942	MPC1
211949	CST7
211950	SALL1
211955	NR2C2AP
211963	NAPEPLD
211965	DSC1
211972	DDX18
211978	ITFG2
211980	BBC3
211983	TTC16
211988	ZNF462
211996	C19orf66
212011	SGSM2
212012	APOC3
212025	CTSF
212027	NAGA
212042	RPS19
212054	CCDC3
212055	CUBN
212057	MAGEA6
212064	TMPRSS6
212075	CCP110
212085	AK4
212088	ANO1
212091	ZNF227
212110	OR1Q1
212112	TMSB10
212126	GNGT2
212132	FBLN5
212146	PSG3
212151	DHFR2
212170	ALOX5
212174	POMT1
212190	ADGRL2
212199	LEO1
212202	MAN1B1
212207	LNPK
212210	ZBTB33
212213	BCL7A
212214	SCYL1
212217	NFATC1
212219	FAM120C
212244	PRKCG
212253	TNNC1
212255	TFF1
212262	LGI3
212267	COX6B1
212274	ARC
212285	SMG6
212291	ILF2
212292	MSI2
212298	CNBP
212322	CKMT2
212324	CAMLG
212326	NCAPG2
212354	MVP
212369	PLPP6
212375	TOP1MT
212378	PTPN6
212382	MBOAT7
212385	TCEB3B
212387	NR1I2
212389	MBTPS1
212391	NNAT
212410	UPF3A
212411	MYLPF
212418	EEF1B2
212421	ZNF20
212423	AK9
212426	SUGT1
212437	AUP1
212448	COX6B2
212454	CYP17A1
212457	GATA5
212459	DIMT1
212461	SEPT14
212462	SPA17
212465	SATB1
212468	RBMS3
212469	EBPL
212478	MMS22L
212484	OSGEP
212486	ZNF343
212496	MAF1
212501	DOCK6
212502	OR51G2
212516	FBXL2
212517	NLRC4
212518	ELMSAN1
212524	ADAMTS4
212532	DSG2
212537	ABCA6
212543	SPTLC2
212544	RNF157
212551	ATP1B2
212552	ZNF546
212557	WDR77
212558	PCDHB10
212603	CPNE8
212606	C19orf73
212610	KLF14
212618	HEATR9
212620	SLC2A4
212635	WNT8B
212636	RASGRF1
212648	TADA1
212649	CYP2C9
212650	MRPS21
212661	ZCCHC24
212674	TAS2R5
212680	TIMP2
212692	DR1
212703	CAPS2
212738	GALNT4
212739	NAIP
212742	SPINT2
212752	CAMK2G
212758	CTSB
212759	GPI
212763	RAB6A
212771	C6orf47
212772	KLHL2
212787	GNPAT
212790	CDC16
212795	LRMP
212817	CAPN10
212822	SYT11
212834	PIK3C3
212836	LUZP4
212839	KANSL1L
212848	CDK4
212854	RAB3IP
212855	LILRA1
212857	BFAR
212859	TMEM128
212880	LRRTM2
212885	CA14
212887	SYTL4
212890	FRAT2
212896	PRIMPOL
212904	PLAGL1
212907	ZMYM2
212910	C1orf52
212915	LRFN5
212928	ADGRF5
212936	SIRT3
212943	STRADB
212944	PIGU
212952	AHSP
212953	ANP32C
212975	LACTB
212988	ADAM10
212989	ERICH6
212992	UBB
212994	TUBA1C
213004	NDUFA6
213008	MFAP1
213016	PTDSS2
213018	RPL18A
213028	BCL7B
213037	MAPK14
213038	ZNF267
213046	HSD17B8
213048	NKIRAS2
213055	KLRK1
213060	LCK
213064	CENPI
213069	TRIM63
213079	WARS2
213081	PEX3
213113	AADAC
213127	STK33
213132	CORO2B
213145	MIS18A
213152	PRKAA2
213163	INO80D
213169	CCDC170
213170	FPR3
213172	GNE
213175	PLXND1
213177	PCSK1
213184	RPF2
213187	XRCC5
213205	SNAP91
213218	SH2D1A
213230	THEM4
213234	KIZ
213244	PHOX2B
213246	KCNMB1
213262	USP4
213263	PDCD1LG2
213291	PDZD11
213295	RINT1
213342	MANSC1
213368	DLEC1
213370	INPP5B
213374	MLLT6
213376	MLH3
213386	CIAPIN1
213407	C6orf203
213439	WDR11
213445	IL18R1
213460	RBX1
213465	YWHAZ
213472	SMIM19
213481	HCK
213482	PLAC1
213487	ATG7
213495	TOM1
213499	SMG6
213501	BPHL
213519	SLC12A2
213521	ARNTL2
213523	ZNF655
213530	SLC26A7
213536	RIMS2
213541	G3BP2
213550	PRKG2
213558	METTL25
213562	PCDH8
213577	BHLHE41
213585	ZNF347
213590	CHST12
213598	MTUS1
213600	CLCA4
213602	SNTB2
213603	SLC22A15
213609	IFT81
213612	CD34
213615	AIMP2
213617	ZNF107
213622	RAB3GAP1
213647	OR4C11
213652	LETMD1
213674	CACNB2
213676	TGM2
213688	CTDSPL2
213714	VAV3
213717	GRK3
213722	RAB21
213723	ZNF451
213724	PHF11
213739	RNF150
213740	CABLES2
213763	IFRD2
213781	SDF4
213786	LONRF2
213788	SCP2D1
213789	HP1BP3
213801	C4BPA
213805	NARFL
213819	VRK3
213822	NXT2
213825	IAPP
213826	CNOT9
213833	EEF1B2
213834	LIX1L
213843	S100A10
213845	KCNA4
213854	HHIPL2
213863	ECHDC1
213865	ZNF510
213870	UGT2B7
213876	RBM33
213878	HELQ
213879	EFHC2
213881	PSD2
213889	SFSWAP
213890	NRP1
213895	CRYBA4
213906	GPRC5D
213914	ARHGEF6
213915	NUP50
213919	OR5T2
213922	WTAP
213926	ZMYND10
213940	MMADHC
213947	FEZ2
213958	UQCRC1
214000	TLK2
214002	MRPL45
214031	CHRNA6
214033	PPP2R3C
214045	IMMP1L
214046	DOK6
214049	FAM92A1
214054	CFAP43
214056	MTERF3
214057	GPR155
214065	ODF1
214067	PDLIM1
214068	CALY
214084	PGM5
214093	MAP4K4
214094	RPL23A
214099	RNF123
214124	VDAC3
214130	ABHD12B
214131	ATP6V0A1
214137	USP18
214141	TMEM81
214144	RSL24D1
214151	TOR1AIP2
214165	ABCE1
214185	YWHAQ
214187	SGK2
214188	CELF4
214197	LHCGR
214199	CA7
214202	FLII
214206	ETNPPL
214214	ANXA5
214216	OBSCN
214232	CLCN6
214241	PXK
214243	ZNF692
214250	SEC61B
214252	WDR5
214264	HLA-DRB4
214267	IGF2
214268	HYAL3
214273	IL21R
214284	ARMT1
214295	H1FX
214297	TMEM237
214298	KCNH4
214309	ITPKB
214322	SETD2
214325	TBL2
214330	ASAH2
214331	HDHD2
214337	SLC16A13
214357	DSCR4
214359	HPGDS
214360	MPPE1
214374	IL4R
214375	RNF6
214401	OR2F1
214412	MID1
214414	MTMR2
214416	MDH1
214434	SAA4
214441	SLC35E3
214476	SEC11A
214481	RWDD2B
214483	SETD6
214486	CD3G
214492	USP32
214499	CACHD1
214501	S100Z
214502	KIF3A
214504	AMPD3
214524	RAPGEF6
214525	RBMX
214534	ZNF407
214543	UBXN4
214556	CBR1
214568	UNC5C
214579	OR6C68
214580	MAP2K6
214597	TRH
214599	SLC25A24
214602	TRIM8
214605	FCRL2
214609	ZNF354A
214622	FBXL21
214624	GON7
214655	INHBC
214684	DYNLL1
214695	FREM2
214696	EFCAB1
214713	SNRPD1
214731	SCNN1G
214739	CCR1
214749	POLA1
214751	SOBP
214753	RPS26
214768	MEOX1
214769	COMMD3
214773	MAOB
214774	UQCRFS1
214787	PRKCE
214792	TMEM87B
214794	PRRG4
214795	RPS6
214798	TATDN1
214799	OR5B21
214807	GSTP1
214812	KRT40
214820	UBR7
214841	IL36RN
214843	SAGE1
214846	CPNE9
214852	GTF2IRD2
214856	SLC10A7
214857	FAM216A
214862	CARD18
214864	ELAVL1
214870	TMEM178A
214878	CYP4F2
214897	CTNNB1
214913	TFDP3
214930	AKAP13
214946	ZDHHC17
214947	CXorf56
214951	CELA3B
214952	RNF185
214956	FAM174A
214959	TM2D3
214987	TUFM
215010	DIAPH2
215025	ZMYND15
215030	MS4A14
215041	TP53I3
215062	SDHB
215065	RBM38
215072	TRPM6
215092	PA2G4
215100	DDX19B
215115	PIGF
215126	ROCK2
215128	SEC22A
215129	CFAP20
215140	ACVR1B
215143	WWP1
215150	FOXN3
215161	CTDP1
215166	ZNF383
215168	PTH
215171	TSPAN12
215187	CXCL10
215195	C1orf210
215207	SACS
215220	FMNL1
215232	HIST1H1A
215246	COG8
215247	TCF7
215248	TMX1
215251	ATF1
215284	BDNF
215288	ZNF257
215303	MARCH7
215306	ZYG11B
215308	ATP6V0A4
215317	AK2
215326	GPM6A
215327	GCHFR
215335	GPN1
215343	MYADM
215347	FAM213A
215353	NFATC4
215361	DAZAP1
215374	NBEA
215376	PTPRB
215382	TRIM51
215395	DRICH1
215396	POLR3D
215425	PRDX6
215439	KRTAP9-3
215448	ALAS1
215452	ARNT
215471	GPS1
215483	MFSD14A
215490	PLXNA1
215497	LMNTD1
215508	PRL
215519	PCSK2
215534	FREM1
215541	ZC3HAV1
215545	NLGN4Y
215548	ANKRD16
215560	TOMM22
215565	OR2M4
215573	SIRT1
215574	CYP3A5
215580	COL6A1
215602	PSORS1C1
215613	WIPF1
215615	UCKL1
215616	IDI1
215619	GTDC1
215628	TMED3
215646	TM9SF1
215650	INSIG1
215653	ZNF114
215656	ITSN2
215667	ICE2
215678	SCP2
215679	CISD2
215685	LCLAT1
215690	PNLIPRP1
215702	EML2
215721	TMEM43
215744	OTUB1
215752	SAMD9
215759	FAXDC2
215764	UVRAG
215766	MYO6
215767	CIDEA
215769	FOXA3
215770	HLA-DMB
215776	PEBP1
215784	IL33
215788	CRYZL1
215791	ULK2
215796	SGO2
215808	MMP1
215809	TUBAL3
215824	MRPL2
215830	TMEM30A
215836	NT5C1A
215842	ZC3H11A
215843	CLN6
215844	OR2J2
215855	PIP5K1B
215861	CARD8
215863	PACSIN2
215866	HERC4
215867	HDGFL1
215870	RASEF
215875	PPP3CA
215909	CBY1
215914	C2orf54
215923	USP28
215924	MRPS16
215925	IDH3G
215928	DNAJC27
215943	PTPN2
215946	PIM3
215956	NEDD4L
215957	UBE2V2
215960	SPAG6
215967	DEK
215977	TIGD3
215983	PRKRA
215985	SSR3
215995	BORCS5
216001	OR51V1
216006	WAS
216014	UBXN8
216019	C12orf4
216030	AGMAT
216032	NRSN1
216065	CKS2
216072	CRADD
216073	LRRC8D
216083	ZC3H6
216089	PIK3R3
216091	PCED1A
216108	C21orf33
216112	SNX3
216120	CCNB1
216123	MED12
216153	DLGAP2
216174	HADHA
216175	BRAP
216187	PRSS38
216188	ARHGAP44
216190	SLC9A9
216204	NDUFS3
216205	ZC4H2
216208	TCP11L1
216216	ABCB4
216239	FCER1A
216243	ALAD
216250	SLC37A3
216252	TTC19
216256	TMEM102
216266	ELMOD2
216281	OR4C13
216283	LSM8
216284	GLRX2
216296	SSH1
216314	OCIAD2
216319	TRMT2B
216320	MAP4
216334	PCIF1
216337	FEZ1
216339	ELOVL6
216340	APOH
216343	ZNF221
216348	PSMD5
216353	ADAMTS1
216357	LTF
216366	EEF1B2
216382	TMEFF2
216394	HERC1
216398	KCNK17
216424	SC5D
216425	CLSTN1
216429	TRIM58
216437	HORMAD1
216440	ADPRM
216450	FGF5
216453	CTR9
216458	NDUFAF6
216472	PDPR
216473	DNAH1
216480	PDXK
216485	ZNF563
216486	DAGLB
216489	PTK6
216499	WDR46
216513	ZNF416
216519	TMEM100
216520	FOSL1
216528	ANKRD10
216535	SEC62
216544	BCAS4
216555	FAM133B
216566	ITPR3
216568	RTKN2
216576	ACTN1
216584	VPS13C
216585	SULT4A1
216588	AP3M1
216597	P2RX4
216600	NR4A1
216608	ADPGK
216611	MED9
216614	SLC10A4
216623	C1orf131
216640	MS4A6A
216646	MNT
216657	C17orf53
216668	COPG2
216696	MYO10
216699	AGTPBP1
216702	ELF3
216707	RIMS2
216718	ITPKA
216719	MDM4
216724	TDRD3
216725	AASS
216727	GLRA1
216730	TLR4
216749	UMOD
216761	BCO2
216766	NDUFA4
216775	TNFAIP2
216786	PTOV1
216791	ETV1
216793	ATF7IP2
216795	BAHD1
216799	EZH1
216809	SH3BP5L
216824	THAP12
216836	SSBP4
216838	ACOX3
216840	ESYT2
216841	IL23R
216851	KIAA2022
216855	IRF2BPL
216857	C14orf39
216860	TRPC3
216867	PDE6D
216870	ST6GAL2
216885	TAS2R8
216889	HMGB2
216900	PTCD3
216903	REEP4
216917	HMMR
216925	ARMCX3
216927	DSCC1
216936	PIGM
216937	BTG2
216940	WDR64
216954	SLC24A1
216961	KLC4
216962	RBBP9
216971	SLC38A9
216975	PRPF4B
216981	TAS2R7
216985	GREB1
216991	NAT8L
216992	CTPS2
216993	FAM102A
216999	TOX2
217004	EPM2A
217037	PIGF
217040	HOXD8
217044	NRF1
217046	ARHGAP12
217047	MPHOSPH6
217057	CNPPD1
217072	ITK
217080	SLC38A4
217082	NUDC
217084	BCL2L13
217088	FOXE3
217099	LIN7C
217101	MKRN2
217105	CDK5
217121	SLC22A6
217125	DKK4
217127	MUM1
217145	ERRFI1
217147	SDC4
217150	CBLN4
217154	KRT32
217165	MSL3
217170	POLE2
217174	HSP90B1
217186	C3orf30
217187	EPHB2
217237	GTF2H3
217257	DPPA3
217259	RHOQ
217268	ACTR2
217271	CMIP
217273	TSHZ2
217279	RPL26
217282	EIF4E
217302	NUP98
217322	RPRD1A
217324	WHSC1L1
217334	SETMAR
217336	HMCN1
217339	KCTD20
217358	ZMYND8
217383	ANG
217390	SMUG1
217443	TUBA1A
217468	DCAF1
217473	LRRC8B
217487	RFX6
217488	GADD45GIP1
217502	TMEM52B
217525	CFAP57
217533	DDX31
217539	CNOT4
217558	PML
217565	SPANXB1
217567	CAMK2B
217568	JADE1
217575	DAOA
217593	MRFAP1L1
217610	STPG2
217612	DAND5
217622	MASP1
217627	DDX11
217629	ANKS6
217636	HK2
217645	CEACAM21
217646	CEP128
217663	SPG11
217674	MLX
217692	TTC9C
217706	UBA52
217724	KRT26
217726	DGUOK
217758	GRB2
217769	MAN2C1
217771	LINC00161
217773	MACF1
217778	CREG2
217779	PCDHGB3
217785	RFX7
217804	AMER3
217806	RPLP1
217808	LOC653581
217813	CTNND1
217824	NFIA
217832	C6orf223
217838	CHML
217844	FGFR1
217850	SDR42E1
217853	MMP16
217858	RNF152
217860	KLC3
217865	IFT81
217873	KRT27
217892	DNAH17
217900	HSP90B1
217907	PCDHGB6
217913	ZNF341
217917	BCL2L14
217924	WWC2
217932	SON
217934	RALGPS1
217936	BUB3
217976	CNOT6L
217984	NR4A3
218004	TUSC5
218005	BUD31
218015	USH2A
218017	TSLP
218023	SHISA2
218033	FAM151B
218044	SEPT10
218047	STON1
218062	ARHGAP36
218065	MTMR1
218083	MAFG
218091	HID1
218115	PCDHA9
218126	COMMD6
218138	KRT17
218140	PGBD3
218145	BCL2L11
218154	ATP1B3
218173	ANKRD34B
218175	ACAN
218178	SPG7
218186	KRT3
218201	PLSCR1
218205	EFCAB5
218206	TRIM25
218218	SMPDL3B
218233	MAPK11
218266	KCNIP2
218300	ZRANB1
218326	GPR142
218348	PCDHGA2
218380	HOXB6
218387	RNF213
218403	ADPRHL1
218419	FBXO38
218420	AKNAD1
218459	SLC9C2
218472	PCDHB2
218479	SPEG
218494	NLRP14
218511	MFAP3L
218514	UHMK1
218515	TTC17
218524	PCDHGA11
218527	UBE2G2
218530	JPH1
218538	MAPK14
218546	FDPS
218577	ZNF781
218581	HSPA4
218595	VN1R5
218599	C4orf36
218600	PBLD
218607	PRKCH
218609	PDCD2
218614	ICOSLG
218631	TUBA3FP
218635	MORF4L1
218639	FOXK2
218657	NXPH1
218675	C11orf44
218680	FBXO32
218686	ATPAF1
218710	FAM26D
218711	KRT28
218739	PIKFYVE
218745	DHX37
218764	GANAB
218783	CCDC88A
218792	ZFC3H1
218810	IL1RAP
218814	EXOG
218843	CXCL12
218853	SLC9C1
218882	ANKK1
218912	IQCE
218928	TWIST2
218932	SPATA31D3
218945	C22orf39
218974	GCSAML
218991	RSU1
219032	CDC14A
219040	ARHGAP29
219067	ZNF645
219069	CDH24
219071	MLLT10
219074	ILF3
219085	DHRS12
219095	TANK
219107	GJB4
219111	DERL1
219112	DPY19L2
219146	SLC6A18
219147	STAT3
219161	CSMD2
219174	TAOK2
219201	WHSC1
219202	PRO2214
219216	SREK1IP1
219220	SESN3
219223	CEACAM1
219243	BPTF
219285	SSTR1
219316	FAM207A
219345	C17orf77
219348	RRP7A
219351	TCP1
219353	PAPOLB
219367	CARD17
219372	CD8B
219376	MIPOL1
219378	HIPK1
219388	TMCO5A
219397	PPP1R36
219405	ERC1
219421	KLHL18
219437	POLR1B
219444	TRIM9
219451	FKBP1A
219457	EFNB3
219473	SCAI
219483	TLK1
219486	HGF
219494	FLT1
219531	PRSS48
219553	NAMPT
219556	PCDHGB1
219563	ALDH7A1
219582	UPP1
219592	SIRPA
219614	SAMD8
219615	SPATA32
219618	PPP1R35
219627	CLMP
219630	C10orf111
219633	GCFC2
219636	ADD2
219645	YWHAG
219661	KHDRBS1
219663	LUZP2
219669	POM121
219683	RNF148
219699	CALHM1
219719	PAPD4
219722	PDPN
219728	ADAMTS20
219737	TMEM99
219755	MPV17L
219763	ZNF564
219778	OR10H2
219782	GDAP2
219784	ZNF595
219787	LVRN
219796	SEC16B
219817	HOXD4
219835	DMRT2
219853	MAB21L3
219856	PSMC5
219866	C9orf84
219879	ZNF627
219882	SLC25A24
219901	ELL
219911	FOLH1B
219920	ZNF658
219925	SPDYE3
219934	ARMCX6
219949	ENAH
219955	SEPHS1
219985	ZNF121
220032	GAD1
220033	ITSN2
220056	PCDHGB2
220060	ZEB1
220077	GPR158
220093	C4orf45
220101	EMC4
220107	MSRB1
220112	PRO1596
220138	ERAP1
220229	ASGR1
220255	MED29
220276	SLC41A1
220277	NCOR2
220282	ERVV-1
220310	EEF1D
220311	DENND5B
220312	SLFN13
220345	APOL4
220348	SULT1A3
220353	PEA15
220362	KBTBD12
220377	ZFP64
220380	FAM49A
220381	EYA2
220392	B3GNT7
220413	HNRNPA1
220436	MGC20647
220444	ZNF367
220471	CATSPER2
220484	DBF4B
220485	LOC283861
220492	TRIM60
220495	FAM35A
220523	FAM221B
220527	TMEM169
220528	HFM1
220556	SLC11A2
220578	GNAO1
220579	IKBKB
220588	MAP7D2
220606	PIGB
220615	SYN1
220638	KCTD9
220644	SLC26A1
220649	BDP1
220662	ZSWIM2
220708	FAM129A
220747	IP6K2
220759	FBXO47
220761	EDC3
220762	RNASE8
220763	RAB7B
220768	BEND4
220770	TTC9C
220773	FAM218A
220783	USH2A
220814	ADD2
220825	RRP1B
220840	DBNDD2
220847	HOXC12
220869	CALHM1
220875	PML
220899	SPERT
220910	AXDND1
220928	DEFB125
220934	DGKB
220935	NDRG3
220963	MMP28
220981	USP6
221004	SPATA31D1
221017	LRP8
221023	FAM219A
221030	KLHDC1
221051	SLC29A4
221052	SHISA6
221055	TRIOBP
221059	ZFAND2A
221068	PSAT1
221072	HDAC9
221081	BSCL2
221096	COL22A1
221107	RREB1
221123	PCDHAC2
221132	SCO2
221153	ZAN
221158	FBXL14
221162	PBDC1
221164	GNAS
221184	EXD3
221188	LOC389199
221213	PRR18
221230	FGFR2
221236	CDH23
221237	FGFR1
221242	DEDD2
221243	PIK3R6
221266	RGS3
221307	IL18BP
221314	FAM89B
221359	PTP4A3
221382	ULBP2
221404	TMEM256
221416	RPL37A
221421	ATXN7L1
221425	ZSCAN32
221451	ARHGEF18
221462	NLRP9
221500	CD300LG
221503	GBP3
221515	RPL10
221525	GMFB
221542	LRRN4
221544	RASEF
221550	FUT11
221562	RAC1
221568	PTPRE
221577	CXorf58
221579	DIRAS1
221580	TRIM50
221589	PRO2012
221618	FAM71A
221630	FERD3L
221631	SLC1A7
221632	CAMK2B
221643	MSX2
221656	ASPH
221661	TXLNA
221668	PYURF
221685	FAM47A
221686	HOXA7
221712	ANGEL2
221732	KCNQ2
221741	SPECC1
221744	GNB5
221751	LSS
221772	CENPBD1
221776	CATSPERD
221798	BPIFB6
221804	QSOX1
221810	BRK1
221811	ZNF461
221844	PRSS58
221850	C15orf32
221853	SRP72
221860	NPB
221879	PPP1R12A
221892	SIM2
221896	PCDHGA3
221904	CNBD1
221906	FBXO28
221908	FRAS1
221921	PLXNA2
221950	GTDC1
221958	ZC3H11A
221973	SLC9A1
221992	CRAT
222023	USP10
222062	MRPS21
222068	R3HCC1L
222079	TMX2
222091	PALM2
222105	THSD1
222108	PALLD
222117	CFAP58
222128	PELI1
222129	HAS3
222165	ZC3H18
222189	SLFN5
222201	TANGO2
222219	N4BP1
222230	LKAAEAR1
222234	PAPPA
222249	CCDC185
222250	C8orf31
222253	ZNF285
222269	NLRP10
222296	SLC25A48
222301	MROH5
222315	NOX1
222317	ADHFE1
222346	TUBB
222351	PCSK6
222377	PRR14L
222407	LYPLA1
222408	SLC35D3
222416	CSDC2
222417	STIM1
222435	RPL11
222445	HIST1H4H
222459	SCN5A
222462	LEPR
222487	ZNF117
222503	SBF2
222506	EFCAB5
222523	MARCH8
222533	PCDHGB5
222534	PCDHGB4
222543	PCDHA13
222558	C16orf70
222562	CFAP47
222573	TPM3
222577	RGS5
222587	RPL22
222602	LMOD3
222604	ZNF570
222653	UBE2B
222659	PCDHA2
222664	USP48
222670	TSPEAR
222684	DPF3
222687	SBF2
222692	CARD17
222693	MYOM3
222724	CAST
222726	CDH26
222729	TRIM4
222744	NBAS
222761	MRPS10
222770	ATP13A3
222779	C2orf69
222813	TTLL5
222821	PHF19
222823	SIGLEC1
222840	PROSER2
222846	TCF7L1
222850	TEDDM1
222873	SPOCK2
222897	PNMA5
222899	NKX6-3
222905	DCHS2
222912	DDI1
222926	PELO
222934	COL8A1
222936	RAI1
222961	THRB
222981	SSX7
223004	ZNF561
223011	CASP8
223019	SCD5
223041	OXER1
223043	PDE8A
223045	PAPPA2
223051	TMEM217
223052	CCDC97
223073	ZNF547
223078	GFAP
223097	SAV1
223108	NRG1
223116	FAM24B
223118	NUP160
223124	EML5
223130	OAS2
223131	NARF
223149	MTUS2
223152	MXD4
223157	APLP2
223159	TSGA10IP
223165	PURB
223183	KLHL5
223192	AK2
223193	PDLIM3
223196	BTRC
223198	LDB3
223217	TBPL1
223228	PCSK6
223241	MT4
223242	CPT1C
223249	FAM26E
223252	PPP4R3B
223268	ENTHD1
223270	BTF3L4
223273	ARMC7
223304	TTL
223334	PCDHGA9
223339	FAM76B
223344	MLEC
223345	DAAM1
223348	RTTN
223365	INTS4
223391	GNA12
223400	ATPAF2
223413	FAM47B
223427	CATSPERB
223433	SKP1
223442	ITGA2
223446	GPR141
223453	ATAD3B
223459	HIST1H2BG
223460	SLC43A3
223476	PCGF3
223477	ARHGAP6
223498	ZNF613
223538	CAMTA2
223539	TNRC6A
223546	RPL12
223550	RBFOX2
223554	PLEKHB2
223584	IFNL1
223624	LRRC1
223635	ADGRG4
223648	DEFB119
223672	RAD51C
223683	TLE6
223710	IQGAP3
223717	CYTH4
223728	SNX24
223731	UMODL1
223738	NUDCD2
223755	RPL36A
223759	SYNGR1
223768	NEK7
223777	KLHDC7B
223790	PCDHGA4
223796	C9orf66
223807	IKBIP
223842	NPHP1
223856	MT1E
223860	KCNH2
223870	CCL3L1
223883	LSP1
223885	PGBD4
223890	KRTAP5-9
223896	WDR33
223908	ARF3
223910	HOXA10
223920	NWD1
223940	ACOT11
223944	ZAK
223950	PRO1483
223951	GREB1
223958	POFUT1
223962	RGR
223965	NEK9
223968	SFTPA1
223977	KIR3DL3
223985	SKA2
223987	CILP2
223990	NEUROG2
223992	COL6A5
224001	REST
224032	TPM3
224040	C21orf59
224053	TCEAL8
224058	NMNAT2
224096	FMC1
224098	FAM117B
224105	NOL6
224112	PKD1L3
224125	PASD1
224127	PRR15
224128	HNF1B
224147	ABCA13
224154	VEZF1
224159	KLHL14
224164	ZNF579
224172	FMNL2
224173	ATAD3B
224176	KCNQ2
224179	GLIPR1L2
224195	C2orf57
224214	AP4S1
224218	USH2A
224221	LYSMD4
224243	ZDHHC19
224244	TRIM10
224249	TDRD5
224255	MAGEB18
224271	DCAF12L1
224279	ATAD3B
224282	NFRKB
224289	KLHDC7A
224290	SRSF10
224294	CSF1
224297	WDR88
224298	WWOX
224302	FASTKD5
224303	PCDHGA5
224305	PAF1
224334	TMEM59
224339	KIAA1217
224354	C11orf42
224359	ADAMTS2
224373	PATZ1
224381	HIST1H2AG
224388	CBX3
224390	RPS15
224429	FXYD4
224433	TIGD2
224438	MFSD6L
224445	UBE2D3
224478	ARHGEF7
224481	CYGB
224499	VPS16
224502	SMCR8
224504	PCSK9
224541	PCDHGA6
224543	AAMDC
224565	SERHL2
224571	FOXS1
224575	WDR4
224600	MUM1L1
224611	ATP6V0A2
224619	C9orf72
224627	CCDC36
224628	ANKHD1
224642	CSNK1A1
224645	MDM1
224647	DNAJC19
224660	AGGF1
224676	SLCO4C1
224678	MRPL20
224690	KSR2
224705	WFDC11
224708	MIA2
224715	RPL36AL
224730	C17orf78
224737	IQCE
224748	PRRC1
224749	WDR36
224753	SLC4A5
224771	LLGL1
224773	ASPH
224799	FAM227B
224831	SCLY
224842	SUMO2
224855	ASB4
224865	MFF
224870	MYO1D
224876	HECTD2
224882	ALDH4A1
224883	SYNRG
224885	TMEM56
224906	BTNL9
224918	ADGRF4
224940	DUSP3
224955	GLIPR2
224965	B3GALT6
224966	AQP11
224975	BLK
224983	SEPT11
224989	DNAJC21
225002	MBD5
225012	CEP192
225020	TIPRL
225030	CNOT6L
225035	ZNF568
225039	DCST2
225045	TGIF1
225047	TMEM246
225050	RASL10B
225058	CASKIN2
225067	SLC26A7
225077	C8orf58
225106	ZSCAN2
225120	PRDM2
225135	GJD3
225137	NAV2
225147	VPS28
225159	TRIM14
225160	P2RX2
225165	C11orf45
225189	SHISA5
225237	LUC7L3
225251	TP63
225271	KDM5B
225275	MORF4L1
225278	PSPH
225333	TRIML2
225337	ZCCHC9
225350	SRP9
225356	IWS1
225360	DEFB119
225390	SLC39A14
225392	EPHA10
225420	PROSC
225433	SVBP
225460	TMEM233
225498	ANKFN1
225512	PPP1R32
225518	NAP1L5
225520	SAMD4A
225537	XKR3
225552	HEMK1
225564	ANKRD9
225566	PTPRC
225586	NALCN
225588	RHOBTB1
225603	HPS4
225617	HIST1H3H
225640	RNFT1
225657	MGMT
225681	C2orf61
225697	ANO4
225704	KRAS
225713	CD302
225735	TPM1
225764	NME9
225769	SLC29A3
225771	ZCCHC5
225789	CXADR
225790	GAMT
225804	ZFYVE9
225805	C5orf22
225814	TNS2
225816	DNHD1
225818	TAC4
225854	TSPAN32
225858	USH2A
225859	NPSR1
225873	RPL18
225875	ST7L
225893	PDE7A
225900	RAP1GAP2
225902	BCL11B
225916	GSTM4
225918	DLAT
225926	ANKHD1
225929	C2orf15
225933	DUT
225940	GPM6B
225953	SYNE3
225955	OR2L13
225961	ZMYM6
225970	PPT2
225982	MMAA
225983	PGAM2
225984	COX15
226018	IMPDH1
226027	RPL35
226063	IL12RB1
226088	PCDHGA12
226098	ZNF585B
226124	ADAT3
226128	NETO1
226129	MRGPRX3
226136	APCDD1L
226138	PCDHGC3
226167	TMX3
226193	CTU1
226221	TSACC
226225	SPRR4
226228	UBXN10
226262	C9orf163
226273	SP7
226281	NALCN
226282	KBTBD12
226307	NSMCE2
226327	CABP5
226334	FAM217A
226336	MAFB
226359	PPARA
226377	LUZP2
226390	ODF3L2
226421	ZNF439
226439	PPARA
226440	MICA
226452	ZNF226
226457	FSIP2
226468	TMEM167A
226472	DEFB123
226479	ANKH
226488	TSNAX
226516	C5orf64
226523	PPP1R12B
226560	CALU
226576	RPSA
226588	CCDC185
226589	DCHS2
226600	PAXBP1
226603	KLHDC9
226659	NFX1
226673	AKR7A2
226686	LRRC55
226689	PPP3R2
226692	SLC5A8
226707	TLR7
226713	QRFPR
226719	EDNRB
226726	CAMKK1
226728	GABPA
226732	SKAP2
226738	ENTPD4
226740	RBM12
226744	P2RX2
226785	ANK1
226789	SLC6A15
226790	ANXA5
226800	ACAP3
226803	NIPSNAP3A
226806	LMBRD2
226808	PCDH10
226827	TTC21A
226830	MAK
226856	BAIAP2
226876	HFE
226883	KLHL23
226910	ARSG
226913	PCDHGA7
226931	USP12
226932	CCDC140
226936	SERPINI2
226943	VAMP8
226948	HIST1H4I
226977	GPR156
226995	C10orf91
226996	MRPL50
226997	C20orf197
227011	CRACR2B
227023	WFDC13
227025	C5orf42
227033	DMXL1
227041	RAB4A
227066	ZNF624
227078	TTBK2
227096	IFT20
227100	CCSAP
227109	EYA1
227120	KLRG2
227134	USP49
227140	PXT1
227151	SGO1
227162	YWHAB
227165	FRAS1
227174	FBLIM1
227182	MSL3
227186	GIPC1
227194	UTRN
227196	C11orf40
227201	PLXNA4
227204	LOC90768
227227	HNRNPA1L2
227240	ATP6V0E2-AS1
227246	ARV1
227247	BCORL1
227249	ACSS1
227273	HNRNPK
227306	GALNT12
227322	WDR35
227323	VEGFB
227356	MAP3K19
227381	EEF1G
227398	LAMP2
227426	HUS1B
227435	SIRPD
227459	KLF17
227473	MYRF
227484	SELV
227494	TCF21
227501	PMF1
227509	HNMT
227513	SAMD9L
227600	PCDHGB7
227629	SLC22A24
227638	BTF3
227646	MAATS1
227647	ARPP21
227652	PDE8B
227666	BIRC5
227679	WTAP
227684	FMR1NB
227688	LCOR
227692	RPL24
227694	LCMT2
227696	GIT2
227700	DENND1B
227710	ZNF273
227711	ZNF85
227737	TMCO1
227738	ZNF524
227740	CLTCL1
227774	EVC2
227782	TMEM31
227829	CAMK2B
227835	PDE4DIP
227836	CNOT7
227856	NR1D2
227861	NYAP1
227864	MYT1L
227866	ZFP41
227870	KIAA1033
227885	CCDC18
227890	C4orf32
227899	ZNF626
227904	BEND2
227921	TDRD5
227948	MRGPRX1
227955	LINC00905
228081	PAN3
228094	CT45A5
228105	SFTA2
228111	USF3
228170	THEMIS
228198	OR1J2
228249	NAALADL2
228292	C20orf202
228470	HEPACAM2
228477	ADCY1
228590	PAN3
228631	CMTM6
228676	ZNF835
228696	CRIPAK
228762	NANOS1
228774	TDG
228968	OR6C74
228981	GJC3
229025	CACNA1C
229263	C17orf74
229319	SYNPO2
229375	SPATA12
229439	LOC100131506
229460	CST9
229492	ZNF804B
229526	C5orf51
229617	ENAH
229624	POLN
229633	PRKG1
229637	ZNF471
229642	FBXL22
229692	NAIP
229721	LOC283861
229854	SRRM4
229885	TEAD1
229995	EXD3
230045	C12orf42
230064	TREML4
230074	SPATA19
230079	CYB5D1
230174	BPIFC
230194	CEACAM19
230234	LHX2
230343	RRN3
230348	FAAP20
230370	PLA2G4F
230395	OBSCN
230401	COL13A1
230441	LOC100130027
230482	CEP170
230540	C9orf139
230564	FADS6
230617	ERC2
230652	RASA4
230760	TOMM5
230804	ZNF445
230894	LSM14B
230936	FLJ44635
230993	OR8G1
231000	ZNF70
231036	FBXW12
231052	RAB37
231060	PTH2
231087	HIC2
231093	DVL1
231094	C7orf61
231095	BPIFC
231133	IGF2BP1
231141	KAAG1
231214	EFCAB5
231238	KLF13
231296	PCSK9
231342	IDH1
231372	ZFAND5
231383	ATG4D
231484	AUTS2
231505	ZNF552
231599	PLA2G4D
231651	N4BP2L1
231658	OR13C8
231669	SKIDA1
231698	IDH3A
231699	MAN1A2
231707	PGAP1
231835	POM121L12
231849	TACC2
231856	TUSC1
231862	ACADSB
231873	C10orf62
231889	CACNA1I
231921	LRRC15
232016	SH3PXD2A
232035	ZNF518B
232120	OLFML2A
232153	IDH2
232228	CREB5
232271	SH3PXD2A
232327	ASB6
232347	ZNF770
232352	OR5C1
232363	LSMEM1
232497	ATG9B
232514	LCE1B
232650	RNASE7
232652	DALRD3
232722	KCTD2
232730	XKR6
232860	KIAA1328
232872	AK5
232873	ARMCX6
232937	OR4D2
232966	TPRX1
232980	NDST1
232987	OR4K15
233060	ZNF705A
233074	HS6ST3
233077	YES1
233079	XKR4
233094	SLC10A5
233111	OR5H1
233125	OR1C1
233145	ELMSAN1
233155	B9D1
233183	C5orf42
233188	NCMAP
233280	C9orf131
233373	THAP9
233377	NFASC
233380	SAXO2
233390	KCTD16
233392	OR1K1
233403	CFAP100
233445	OR10A3
233452	ARSB
233507	PRKCA
233508	LOC100131840
233577	LRRC37A7P
233624	PAQR9
233814	USH2A
233838	NHS
233842	SPINK6
233955	KRTAP12-2
233998	OR1L3
234020	INTS5
234089	LRRC10
234133	MROH8
234138	THAP3
234174	MUC21
234255	CYB5R2
234266	RNF144B
234273	OR13A1
234277	MKLN1
234314	WDR72
234386	CPSF7
234387	RAD23B
234390	ZNF470
234406	AP3M2
234418	AIFM1
234426	RPL13A
234436	POLR1D
234450	MAP2K3
234454	PKD1L1
234456	SBNO1
234478	SYNE1
234511	HIP1R
234529	FAM160B1
234533	ZNF543
234535	DST
234536	AP4S1
234537	MAN2C1
234567	OBSCN
234570	NAGA
234594	WWC2
234605	PRDM16
234608	MKL1
234621	RPL26
234625	ZNF684
234630	ARID1B
234638	DST
234681	VIL1
234733	BAZ1B
234736	SEPT7
234743	ESYT3
234756	TAGLN2
234760	XG
234767	FLG
234770	ZBED9
234783	EXOSC2
234785	PLEKHH1
234787	WDFY3
234856	ADAMTS16
234861	LOC389199
234867	FAM45A
234875	GBE1
234884	CACNA2D4
234890	NEUROG2
234894	SMCR8
234896	LVRN
234901	CLASP2
234906	NAV3
234908	CATSPERG
234915	KRT77
234955	SDK1
234970	CRIPT
234972	RPGRIP1
234977	FUT11
234978	STON2
235006	BAIAP2L2
235021	STEAP3
235042	JAKMIP1
235077	SOX2
235086	THADA
235090	ATP8B3
235100	OTOA
235127	EYA1
235132	ZNF319
235141	MYOM3
235154	GPR155
235163	TTC39B
235170	KIF9
235190	VAC14
235193	ZNF652
235293	SPEG
235296	EFCAB3
235306	SUB1
235311	ATP11A
235322	CCDC187
235326	ATP8B3
235327	MAST2
235347	BMS1
235378	C15orf52
235419	PLEKHS1
235435	CNST
235457	TCF25
235488	ENPP7
235500	CACNA1A
235532	HS2ST1
235554	PKD1L1
235590	DHX40
235646	TLN2
235686	MAP2K4
235697	STPG2
235714	TMSB15B
235716	KAT7
235719	AGO4
235728	FAM129C
235736	RPL7A
235777	CTAGE4
235779	CDK6
235791	SETX
235799	IFNL3
235829	ENTHD1
235830	ARSD
235834	RPL4
235846	NFAM1
235857	EVC2
235865	GPR158
235880	CNTRL
235913	TTN
235932	GLIS3
235953	IGIP
235963	HSPA4L
236031	C8orf22
236125	VTI1B
236263	OR1L4
236458	RPS7
236580	ADGRA3
236609	HYDIN
236795	OR1L6
236852	SERBP1
236928	POTEB3
236969	WNT7B
237069	CLDN4
237079	TIGD1
237104	C10orf67
237442	HTR3D
238052	GPATCH11
241445	FOXR2
242068	DEFB104A
245665	CEP57L1
246707	PTF1A
251773	OR8B4
255226	CCSAP
255377	ZNF778
260885	CRTC3
261063	GJB7
264394	WASH1
264760	NOS1AP
267421	ZNF468
267496	ZNF660
269469	CCDC116
272105	TP53TG3
272419	DEFT1P
278115	ANKS1B
279899	CT47A11
281755	LOC283588
285085	DUX1
288188	DEFB106A
296275	UQCRFS1
303570	VWC2
304298	HIST1H3B
304659	SLC16A6
304688	BNC2
312761	LINC01478
317027	C3orf35
317479	GPR119
318756	FLJ38773
319692	ZSCAN22
321434	POLR2J2
326309	LINC00243
327672	TAS2R46
331511	LCE3C
331519	PATL1
334703	DNAH12
340127	XKR5
343450	SNRPE
343506	WNK3
347936	PIN4
353388	ACKR4
356063	OR51A4
358586	DDX53
367655	NFKBIB
375919	DUX3
378990	CEP170
384551	LOC339059
395793	MXRA7
400283	SPECC1L
407234	KRTAP10-4
407434	TMEM63B
407873	CSPG4
407885	LCE4A
409639	PLEC
409931	DISP2
410824	ABCE1
410937	C10orf99
412092	NCF1
421950	RNF208
422268	PRSS42
426464	LCE5A
426964	RNF212
427304	HCG4B
430390	RXFP4
430835	MMP23B
431174	FOXD4L1
440862	CXCL17
441605	LCE3B
443557	OR8U1
444483	TAS2R38
447116	LCE2A
449613	CHSY3
449953	LCE1D
450423	SLC34A3
456527	KRTAP19-2
456592	TUBA3E
458096	INTS6-AS1
458204	KIR3DL2
461521	CYP4F30P
467477	SLX1B
468877	SLC7A14
476805	LAMA3
482241	ARMC10
483534	SMTNL2
485593	ADAMTSL5
489842	EIF4B
504648	ZNF608
507727	KRTAP20-2
510139	LRRC45
511899	KRTAP10-5
513718	EMX1
516344	KRTAP22-1
521559	KRTAP20-1
522449	FAM120AOS
525615	DEFB105A
528432	QRFP
533743	SPDYE1
536185	RPS6KB1
539197	CEP19
540864	UCN3
541266	CASC10
541732	OR52B1P
541978	CYP2D6
542107	IRX2
542151	FAM101A
542460	B3GNT8
542667	POTED
542862	RAC3
543648	ZNF600
543903	PRELID1
544374	AGPAT4
545168	YJEFN3
545513	IGFL1
545928	CFC1
546216	CTXN1
546721	TICAM1
546837	LOC388882
547009	AGRN
547281	HSF4
548807	NHLRC1
549664	HEPACAM
556946	KRTAP23-1
562311	GSTA1
563689	HS3ST4
568541	FAM153A
579970	STARD13
581850	TUBB
591390	GPSM2
592168	RNPS1
593498	NPSA
596405	ANGPTL5
605037	HEPACAM2
609783	KRTAP12-3
609846	FAM155B
618721	VN1R4
619257	FFAR4
625855	KRTAP19-5
634029	ZNF445
635630	INSL3
637621	TTBK1
639631	CNOT1
640464	OR52E8
645197	KRTAP21-2
653518	OR2M2
657433	GPR148
658299	LCE3A
659197	NSUN5P2
659208	KRTAP21-1
661615	ATL3
665519	ZNF248
665879	OR4C13
670499	ROCK1
670775	NOMO1
670822	KRTAP6-1
671771	UPF3A
671910	OLFML1
672540	KRTAP19-4
673253	STUM
674803	KRT6A
685815	H1FNT
687928	RNF13
689720	KRTAP11-1
690568	OLIG3
692566	LINC00303
693916	EYS
694234	ALG10
694422	NXPE2
694558	KRT6A
694782	GCRG224
695307	HPSE
695441	LHFPL1
695840	OR8D4
696328	HOXD8
696597	KANK4
696907	PRR20A
697045	ODF3L1
697129	RAPH1
697257	GATS
697351	C17orf58
697581	ZNF658
698022	TAS2R50
698451	ZNF623
699185	KRTAP19-6
700714	TAS2R31
701325	CLVS1
701566	RESP18
701860	ZNF615
702228	SAMD7
702232	LINC00689
702434	OR2W3
702479	GDF6
702561	S100A7A
702618	FLJ44715
702839	LCN12
702855	CNIH2
703181	IFNE
703467	IQSEC3
703558	DLG2
703699	TIMP3
703771	KRTAP15-1
704222	C15orf54
704559	GZMH
704691	KRTAP13-4
705226	COX6A1
705413	TEX19
706030	KIAA2013
706648	RBM11
706801	AGRN
706837	KRT6B
707077	ZNF700
707408	TAS2R19
707754	KRTAP10-8
707818	DCN
707864	NPIPA1
708133	MMP19
708248	KRTAP6-2
708291	STRA13
708293	KRTAP19-7
708365	TAS2R45
708402	ZNF286A
708526	P4HA3
708958	NFE2L3
709647	KRTAP12-4
709890	PRR19
710051	NPY4R
710378	SLC9B2
710945	WDR6
711032	CAMSAP1
711271	KRTAP6-3
712469	KRTAP13-3
712541	TAS2R43
712543	PFN1P2
712742	ARID3B
713500	MYRFL
713561	RAB42
714612	CTRB1
714676	TAS2R42
715140	AQP12A
715191	MRGPRD
715304	OR2G3
715318	KCNK18
715322	FUT1
715605	SPC24
716041	GPRIN2
716436	C8orf37
716464	MMP19
716516	C20orf203
716632	OR4M1
